/*******************************************************************************
 * Size: 24 px
 * Bpp: 2
 * Opts: --size 24 --bpp 2 --format lvgl --lv-include lvgl.h --lv-font-name passport_ui_font_zh_24 -o components\passport_ui\src\passport_ui_font_zh_24.c --font assets\fonts\MiSans-Regular.otf -r 0x20-0x7E --symbols «·ï—‘’“”…↓、。〈〉《》【】〔〕一万三上下不与专世业东丢两严个中为主举么之乐也习书乱了争事于云互些交亮亲人什今仍从他代令以们件任仿伍伏会传但位住体何余作你使例供便保俞信候倪值偏做停傅储像儿元先光克入全八公共关兵其内册再写军冯冲决况准凌减几凤凭出击刁分切列则创初利别到制前力办功加务动劳化区医十升半华协单卜占卢卫危即却厂压原去参又及友反发取受变口只叫可右号吃各合同名后向吕吗否听启告员呢周命和响哪唐商啦喜喻器四回因固国图在地场址块基堆士声处备复夏外多大天太夫失头女她好如妈始委姚姜威娄子孔字存孟季学孩它安宋完定宜实宠家密察对射将小少尔尝尤就尹尽屈屏展属山岁峰工左己已市布师带帧席常幕干平年并广应底庞度康建开异弃式引张强当录彭彻往征待很徐得德心必志快忽态怎怕思急性总息情想意感慢成我或战戚房所手才打执扫批找把护报担拉拒择持挂指按挤换据排接控推描提插播支收攻放效教数整文斥断斯新方施旋无日早时昌明是显晚暂更曹曾最月有服望期未本朱机杜束条来杨杯松板构析林果柏某查柯柳标栈校样根格桌梁梅检槽樊次欢止正此死残殷母每比毕毛民气水求江汤汪沈没油法注活流测海消深添清渐湛滕滚满演潘火点热焊然熊爱父片牙物特狄独王环现球理生用田由电男画界留略病白百的皮盛目直相看真眼着知短码确示祁祝神禹离种科秒秦穆究空突窗窦立章童端笑第等答算管米类系素紧红约级纪纸线细终经结给络绝统继绪续维编缺网罗置美老者而耗联背胡能脑脚臧自至致舒般色芯花苏苗苦英范茅荷莫萧葛董蒋蓝蔡薛虞行补表袁被装西要见觉解触言计订认让议记讲许论设证试话该语说请读谁调谈谢象贝责败质贺贾走起超足跑路跳践身车轮轻载较输边达过迎运返还这进远连述送适选通速遍道那邬邱邵邹郎郝部郭都配采里重量金钟钱链锁错键长门闭问间闵阅队阮阳阻降限院除陶隔难雄集雷霍青静非面革韦韩音页项顾预频题颜风飞马骆验高魏鲁麻黄默齐！（），：；？～￥ --font managed_components\lvgl__lvgl\scripts\built_in_font\FontAwesome5-Solid+Brands+Regular.woff -r 0xF077-0xF078,0xF0CA,0xF013,0xF240-0xF244,0xF1EB,0xF293 --no-kerning
 ******************************************************************************/

#ifdef LV_LVGL_H_INCLUDE_SIMPLE
#include "lvgl.h"
#else
#include "lvgl.h"
#endif
LV_FONT_DECLARE(passport_ui_font_zh_14);

#ifndef PASSPORT_UI_FONT_ZH_24
#define PASSPORT_UI_FONT_ZH_24 1
#endif

#if PASSPORT_UI_FONT_ZH_24

/*-----------------
 *    BITMAPS
 *----------------*/

/*Store the image of the glyphs*/
static LV_ATTRIBUTE_LARGE_CONST const uint8_t glyph_bitmap[] = {
    /* U+0020 " " */

    /* U+0021 "!" */
    0x3c, 0x87, 0xff, 0x2d, 0xe, 0x43, 0xff, 0x87,
    0x40, 0x90, 0xf5, 0x0, 0xb0, 0x60,

    /* U+0022 "\"" */
    0xf, 0xbc, 0xaf, 0x6, 0x42, 0x43, 0xf2, 0x1f,
    0xc9, 0x87, 0x80,

    /* U+0023 "#" */
    0xe, 0xf0, 0x6f, 0x7, 0xff, 0x1, 0x10, 0xfc,
    0x85, 0x98, 0x79, 0x30, 0xe4, 0x3d, 0x88, 0x48,
    0x77, 0xc9, 0xf8, 0x1e, 0x45, 0x4, 0xb0, 0x4a,
    0x5, 0x43, 0x52, 0x54, 0x87, 0x61, 0x22, 0x1e,
    0xc4, 0x3f, 0xf8, 0x8, 0x79, 0xd, 0x50, 0x2a,
    0xc6, 0x88, 0xb0, 0x16, 0x9, 0x59, 0xe8, 0xbe,
    0x7, 0xd0, 0x58, 0x87, 0xff, 0x1, 0xf, 0x21,
    0xff, 0xc0, 0x4c, 0x3c, 0x88, 0x58, 0x7c,

    /* U+0024 "$" */
    0xf, 0x78, 0x3f, 0xf9, 0x96, 0xe, 0xf, 0x3a,
    0x19, 0xd0, 0xd0, 0xe0, 0x92, 0x41, 0xc, 0x13,
    0x40, 0xc9, 0x7, 0x9d, 0xc, 0x87, 0xfc, 0x90,
    0x7f, 0xd0, 0x34, 0x3f, 0xd8, 0x20, 0x41, 0xfb,
    0x90, 0x3c, 0x1f, 0x30, 0x11, 0xc3, 0xfd, 0x60,
    0x83, 0xfe, 0xc4, 0x3f, 0xf8, 0x96, 0x1f, 0xfc,
    0x4, 0xd0, 0xec, 0x41, 0x82, 0xc1, 0xe0, 0x41,
    0x68, 0x79, 0xc3, 0xaf, 0x2, 0xe0, 0xff, 0x90,
    0xe0,

    /* U+0025 "%" */
    0x3, 0xf4, 0x1f, 0x3e, 0xd, 0x41, 0x18, 0x3d,
    0x10, 0x65, 0x76, 0xb0, 0x68, 0x50, 0x49, 0x85,
    0x18, 0x4a, 0x20, 0xd8, 0x87, 0xf4, 0x61, 0xd8,
    0x84, 0x86, 0xc8, 0x3c, 0x92, 0x8, 0x88, 0x8,
    0x7d, 0x17, 0x88, 0x51, 0x87, 0xe7, 0x9b, 0x48,
    0x83, 0xfe, 0x64, 0x10, 0xa0, 0xff, 0xe1, 0xa8,
    0x81, 0x7a, 0x43, 0xfa, 0x30, 0x6b, 0xa4, 0x3e,
    0xc4, 0x19, 0xd3, 0x20, 0xf4, 0x8, 0x3f, 0x21,
    0xf2, 0x61, 0xfd, 0x87, 0xb2, 0xf, 0xf4, 0x1d,
    0xa, 0xd, 0x9d, 0x32, 0x9, 0x44, 0x1e, 0xd6,
    0x24,

    /* U+0026 "&" */
    0xc, 0xdf, 0x21, 0xfc, 0xc8, 0x54, 0xf, 0xd1,
    0x7a, 0x10, 0xf9, 0x14, 0x5, 0x8, 0x7b, 0x30,
    0xff, 0xe0, 0xe6, 0x19, 0x10, 0xf2, 0x28, 0x71,
    0xf, 0xd1, 0x70, 0xc1, 0xfb, 0xd, 0xc1, 0xfb,
    0x43, 0xf9, 0xb, 0x1f, 0x26, 0x13, 0x42, 0x18,
    0x12, 0x60, 0x88, 0x4c, 0x34, 0xe, 0xf, 0xfe,
    0x6, 0x4, 0xc0, 0x98, 0x7a, 0xf, 0x43, 0x6,
    0xa0, 0x50, 0x50, 0xfe, 0x4f, 0xa, 0x3, 0xa1,
    0x36, 0x8, 0x90,

    /* U+0027 "'" */
    0xb, 0xc8, 0x48, 0x64, 0x3c,

    /* U+0028 "(" */
    0xc, 0xa0, 0xb9, 0x2, 0x21, 0x66, 0x12, 0x20,
    0x44, 0x2c, 0xc2, 0x44, 0x3f, 0xfc, 0x28, 0x87,
    0xf4, 0x41, 0xfe, 0x44, 0x28, 0x83, 0x22,

    /* U+0029 ")" */
    0x14, 0x1a, 0x88, 0x51, 0x4, 0x87, 0x91, 0xa,
    0x20, 0xff, 0x22, 0x1f, 0xd9, 0x87, 0xff, 0x2f,
    0xb, 0xe, 0x44, 0x3f, 0x22, 0x16, 0x61, 0x22,
    0x8, 0x42, 0x48, 0x0,

    /* U+002A "*" */
    0x9, 0xc3, 0x48, 0x52, 0x34, 0x37, 0x38, 0x2a,
    0x14, 0xa, 0x40, 0xc6, 0x82, 0x81, 0x48, 0x4e,
    0x10,

    /* U+002B "+" */
    0xe, 0x74, 0x3f, 0xb0, 0xff, 0xef, 0xfe, 0x4b,
    0xf0, 0x7f, 0xc9, 0xf9, 0x2f, 0xa0, 0xff, 0xec,
    0x0,

    /* U+002C "," */
    0x28, 0x5, 0x83, 0xb0, 0xe4, 0xd0, 0x50,

    /* U+002D "-" */
    0xff, 0xe0, 0xfe,

    /* U+002E "." */
    0x28, 0x2c, 0x1c,

    /* U+002F "/" */
    0xf, 0x5a, 0x1e, 0x44, 0x3f, 0xf8, 0x50, 0x87,
    0x92, 0xf, 0xfe, 0x12, 0x21, 0xe8, 0xc3, 0xf2,
    0x1c, 0x88, 0x7b, 0x30, 0xf2, 0x21, 0xc8, 0x87,
    0xb3, 0xf, 0x22, 0x1c, 0x87, 0xec, 0x83, 0xc8,
    0x87, 0x0,

    /* U+0030 "0" */
    0xd, 0x7d, 0x7, 0xda, 0x13, 0xa1, 0xb0, 0x7c,
    0x90, 0x50, 0x30, 0xa4, 0xc0, 0x90, 0x74, 0x1e,
    0x43, 0xf2, 0x83, 0xf9, 0x30, 0xff, 0xe1, 0xa1,
    0xf6, 0x1f, 0xfc, 0x54, 0x3e, 0xc3, 0xff, 0x86,
    0x87, 0xf2, 0x61, 0x21, 0xf9, 0x12, 0xe, 0x83,
    0x40, 0xc2, 0x93, 0xb, 0x7, 0xc9, 0x7, 0x68,
    0x4e, 0x80,

    /* U+0031 "1" */
    0xa, 0xf1, 0x68, 0x34, 0x42, 0x78, 0x1c, 0x1f,
    0xff, 0xf0, 0xf8,

    /* U+0032 "2" */
    0xa, 0xfa, 0xe, 0x74, 0x27, 0x82, 0x87, 0xe4,
    0x51, 0xc, 0x14, 0x99, 0x50, 0x76, 0x20, 0x43,
    0xff, 0x8d, 0x88, 0x7f, 0x26, 0x1f, 0xb1, 0x41,
    0xf4, 0x8, 0x3e, 0x93, 0xf, 0x94, 0x61, 0xf3,
    0x10, 0x7c, 0xc4, 0x87, 0xd1, 0x21, 0xf6, 0x28,
    0x3e, 0x80, 0xff, 0xca, 0xf, 0xf8,

    /* U+0033 "3" */
    0x7f, 0xfc, 0x21, 0xff, 0xc0, 0xff, 0x40, 0xc3,
    0xe6, 0x20, 0xfd, 0x12, 0x1f, 0x64, 0x87, 0xd9,
    0x21, 0xf6, 0xe, 0x43, 0xc8, 0x15, 0x61, 0xd7,
    0xe4, 0xc3, 0xfa, 0x4, 0x1f, 0xd0, 0x87, 0xf2,
    0x12, 0x1f, 0x23, 0x50, 0x7a, 0x4, 0x30, 0x68,
    0x11, 0xf, 0xe4, 0x80, 0xf0, 0x67, 0x40,

    /* U+0034 "4" */
    0xf, 0xdf, 0x7, 0xfb, 0xf, 0xfe, 0x2, 0x1f,
    0xfc, 0x18, 0x83, 0xfd, 0xa, 0xf, 0xf2, 0x41,
    0xfe, 0xc8, 0x3f, 0xc8, 0x10, 0xff, 0x44, 0x1f,
    0xe8, 0x50, 0x7f, 0x92, 0xf, 0xf6, 0x21, 0xfe,
    0x40, 0xff, 0x3, 0xc8, 0x7f, 0xf0, 0x9f, 0xfc,
    0xf, 0x21, 0xff, 0xde,

    /* U+0035 "5" */
    0x1f, 0xfe, 0xf, 0xfe, 0x33, 0xff, 0x5, 0x98,
    0x7f, 0xf6, 0x10, 0xff, 0xe1, 0xdf, 0x41, 0xf4,
    0x84, 0xe8, 0x7a, 0xf9, 0x20, 0xbb, 0x42, 0x81,
    0x4, 0x87, 0xa1, 0xf, 0xf2, 0x1f, 0xfc, 0x4,
    0x27, 0x83, 0xd0, 0x88, 0xe1, 0xa0, 0x40, 0xc1,
    0xf9, 0x20, 0xdc, 0x19, 0xd0, 0x0,

    /* U+0036 "6" */
    0xf, 0x79, 0xf, 0xe8, 0x8, 0x7e, 0x51, 0x87,
    0xf4, 0x21, 0xfc, 0x82, 0xf, 0xe8, 0x83, 0xfa,
    0x2, 0x1f, 0xc8, 0x3e, 0x90, 0xd0, 0x79, 0xa0,
    0x48, 0x2f, 0xa1, 0x42, 0xd, 0x9, 0x88, 0xc4,
    0x3c, 0x87, 0xff, 0x13, 0xf, 0xfe, 0x2, 0x21,
    0xe8, 0x32, 0x68, 0x52, 0x40, 0x92, 0xf9, 0x24,
    0x2a, 0x21, 0x3a, 0x0,

    /* U+0037 "7" */
    0x3f, 0xfd, 0x7, 0xff, 0x7, 0xff, 0x2, 0xf,
    0xd0, 0x87, 0xf2, 0x61, 0xf9, 0x2, 0x1f, 0xa2,
    0xf, 0xf9, 0xf, 0xd0, 0x87, 0xf2, 0x41, 0xfa,
    0x10, 0xfe, 0x4c, 0x3f, 0x20, 0x43, 0xf4, 0x41,
    0xff, 0x21, 0xfa, 0x10, 0xfe, 0x48, 0x3f, 0x41,
    0xfc,

    /* U+0038 "8" */
    0xd, 0x7d, 0x21, 0xd6, 0x84, 0xd0, 0x25, 0x17,
    0xd0, 0xa0, 0x62, 0x82, 0x62, 0x2, 0x61, 0xc8,
    0x64, 0xc3, 0x91, 0x4, 0x28, 0x26, 0x20, 0xb2,
    0xfa, 0x30, 0xff, 0xe0, 0x21, 0xb1, 0xfa, 0x24,
    0x19, 0x40, 0x98, 0x84, 0x8, 0x72, 0x84, 0x8,
    0x7f, 0x60, 0x43, 0xfb, 0x40, 0x87, 0x91, 0x12,
    0x42, 0x71, 0x4, 0x97, 0xd0, 0x20, 0xa8, 0x84,
    0xd8, 0x0,

    /* U+0039 "9" */
    0x9, 0xbe, 0x83, 0xdc, 0x84, 0xe8, 0x58, 0x2f,
    0x92, 0x2, 0xd, 0xa, 0x48, 0xc8, 0x3d, 0x88,
    0x87, 0xe4, 0x24, 0x3f, 0x21, 0xd0, 0x7b, 0xa,
    0x4, 0x1a, 0x44, 0x10, 0xfe, 0x41, 0x1, 0xd0,
    0x90, 0x21, 0xd7, 0xe0, 0x41, 0xfd, 0x10, 0x7f,
    0x40, 0x43, 0xf9, 0x20, 0xfe, 0xc5, 0x7, 0xe4,
    0x10, 0x7f, 0x44, 0x1e,

    /* U+003A ":" */
    0x7c, 0x1c, 0xd0, 0xa, 0xf, 0xfe, 0x75, 0x5,
    0x83, 0x80,

    /* U+003B ";" */
    0x3c, 0x87, 0x51, 0x14, 0x1f, 0xfc, 0xea, 0x1,
    0x60, 0xec, 0x39, 0x34, 0x14, 0x0,

    /* U+003C "<" */
    0xf, 0xfe, 0x4b, 0xc1, 0xfb, 0x83, 0xf5, 0x82,
    0x81, 0xad, 0x2d, 0xa, 0xd2, 0xd0, 0xda, 0x5a,
    0x1f, 0x94, 0x1f, 0xa1, 0xe0, 0xf9, 0xe1, 0xe0,
    0xf9, 0xe1, 0xe0, 0xf9, 0xd1, 0xd0, 0xfa, 0xd3,
    0xf, 0xeb, 0xc0,

    /* U+003D "=" */
    0x3f, 0xfe, 0xf, 0xf9, 0x3f, 0xfd, 0x7, 0xff,
    0x37, 0xff, 0xd0, 0x7f, 0xc8,

    /* U+003E ">" */
    0xf, 0xfe, 0xf, 0x7, 0xfc, 0xf0, 0x7e, 0xe1,
    0xe0, 0xf9, 0xe1, 0xd0, 0xf9, 0xd2, 0xd0, 0xfa,
    0xd2, 0x81, 0xfb, 0xf, 0xf7, 0xc, 0x1d, 0x60,
    0xe0, 0xd6, 0x96, 0x1a, 0xd2, 0xd0, 0xe4, 0xb4,
    0x3e, 0xb4, 0x3f, 0x0,

    /* U+003F "?" */
    0x9, 0xfa, 0x43, 0x70, 0x4d, 0x1, 0x8f, 0xd0,
    0xa0, 0x30, 0x4a, 0x33, 0x83, 0xb0, 0xff, 0x66,
    0x1f, 0x28, 0x43, 0xcc, 0x61, 0xe6, 0x30, 0xfa,
    0x30, 0xff, 0xe4, 0x21, 0xfc, 0xe1, 0xfd, 0x21,
    0xff, 0xc8, 0xa0, 0x7e, 0x58, 0x3f, 0xf8, 0x60,

    /* U+0040 "@" */
    0xf, 0x37, 0xe9, 0xf, 0xf7, 0x22, 0x86, 0xe0,
    0xf3, 0x8f, 0xa9, 0xe8, 0x60, 0xe8, 0xe0, 0xf3,
    0xaa, 0xb, 0x30, 0xff, 0x42, 0x4, 0x42, 0x7e,
    0x4d, 0x32, 0x32, 0x5, 0x5, 0x50, 0x39, 0x10,
    0xc9, 0xd3, 0x43, 0x21, 0x20, 0x48, 0x34, 0x1f,
    0xfc, 0xb4, 0x3c, 0x90, 0x68, 0xc2, 0x40, 0x84,
    0x9d, 0xe5, 0xbc, 0x44, 0x20, 0xa0, 0x8d, 0x10,
    0x60, 0x48, 0x27, 0xe8, 0x17, 0x83, 0x46, 0x1f,
    0xfc, 0x45, 0x1a, 0x1e, 0x70, 0xfa, 0x85, 0xea,
    0x7a, 0xf, 0xe7, 0x91, 0x43, 0x61, 0x80,

    /* U+0041 "A" */
    0xf, 0x3e, 0x43, 0xff, 0x81, 0x83, 0xf, 0xfe,
    0x2, 0x4, 0x3f, 0xe4, 0x32, 0x1f, 0xec, 0x51,
    0x87, 0xf9, 0x28, 0x21, 0xfc, 0x87, 0x90, 0xfd,
    0x10, 0x22, 0xf, 0xf2, 0x4, 0x3f, 0xa1, 0xc,
    0x90, 0x79, 0x1f, 0xc8, 0x87, 0x21, 0xfe, 0x43,
    0x63, 0xfe, 0x4c, 0x32, 0x41, 0xe8, 0x42, 0x43,
    0xff, 0x80, 0x82, 0x20, 0xfd, 0x10, 0x64, 0x3f,
    0x21, 0x42, 0x1f, 0xe4, 0x40,

    /* U+0042 "B" */
    0x3f, 0xf4, 0x1f, 0xfc, 0x17, 0x43, 0xbf, 0xc9,
    0x7, 0xfd, 0x24, 0x1f, 0xf6, 0x1f, 0xfc, 0x1c,
    0x3f, 0xf8, 0x29, 0x87, 0xfa, 0x2, 0x1b, 0xfc,
    0xac, 0x3f, 0xf8, 0xc, 0x1d, 0xfe, 0x87, 0xf,
    0xf3, 0x81, 0xf, 0xf9, 0x30, 0xff, 0xe6, 0xa6,
    0x1f, 0xce, 0x4, 0x2f, 0xf4, 0xc, 0x3f, 0xeb,
    0x0,

    /* U+0043 "C" */
    0xe, 0x6f, 0xa4, 0x3c, 0xf2, 0x13, 0x61, 0x98,
    0x17, 0xd0, 0x30, 0xa1, 0xd0, 0x9d, 0x12, 0x4,
    0x1f, 0x5a, 0x24, 0x1f, 0xf2, 0x4, 0x3f, 0xec,
    0x43, 0xff, 0xc0, 0x87, 0xff, 0x3, 0xf, 0xfe,
    0x12, 0x4, 0x3f, 0xf8, 0x9, 0x7, 0xff, 0x2,
    0x4, 0x1f, 0x5a, 0x8, 0x74, 0x27, 0x44, 0xc,
    0xb, 0xe8, 0x10, 0x67, 0x90, 0xd6, 0x80,

    /* U+0044 "D" */
    0x3f, 0xf4, 0x87, 0xff, 0x9, 0xb4, 0x3d, 0xfe,
    0x81, 0x21, 0xff, 0x3a, 0x41, 0xff, 0xc1, 0x81,
    0x7, 0xff, 0x6, 0x10, 0xff, 0xe0, 0xa0, 0x43,
    0xff, 0xa2, 0x87, 0xff, 0x4d, 0xf, 0xfe, 0x2a,
    0x1f, 0xfc, 0x4, 0x3f, 0xf8, 0x70, 0x87, 0xff,
    0x2, 0x4, 0x1f, 0xe7, 0x48, 0x3b, 0xfd, 0x3,
    0x43, 0xfe, 0x6c, 0x30,

    /* U+0045 "E" */
    0x3f, 0xfe, 0xf, 0xfe, 0x2f, 0xff, 0x7, 0xff,
    0xe7, 0xff, 0x21, 0xff, 0xc5, 0xff, 0xc8, 0x7f,
    0xfe, 0x7f, 0xf8, 0x3f, 0xf8, 0x40,

    /* U+0046 "F" */
    0x3f, 0xfd, 0x7, 0xff, 0xf, 0xff, 0x41, 0xff,
    0xf3, 0xff, 0xc1, 0xff, 0xc4, 0xff, 0xc1, 0xff,
    0xff, 0xf, 0xf0,

    /* U+0047 "G" */
    0xe, 0x7f, 0x48, 0x7c, 0xf0, 0x66, 0xc3, 0x98,
    0x17, 0xd0, 0x30, 0xd0, 0xe8, 0x4e, 0x4, 0x10,
    0x20, 0xfb, 0xc8, 0x13, 0xf, 0xfe, 0x2, 0x1f,
    0xfc, 0x3c, 0x43, 0xff, 0x92, 0xff, 0x83, 0xff,
    0x9a, 0xfe, 0xb, 0x10, 0xff, 0xe0, 0xa1, 0xff,
    0xc6, 0x83, 0xff, 0x83, 0xc, 0x1f, 0x41, 0x94,
    0x3a, 0x13, 0xa4, 0x15, 0x1, 0x7d, 0x2, 0x43,
    0x3a, 0x1d, 0x68, 0x0,

    /* U+0048 "H" */
    0x3c, 0x1f, 0xd6, 0x87, 0xff, 0xfc, 0x3f, 0xfa,
    0xbf, 0xfc, 0x87, 0xff, 0x23, 0xff, 0x90, 0xff,
    0xff, 0x87, 0xff, 0x50,

    /* U+0049 "I" */
    0x3c, 0x1f, 0xfe, 0x70,

    /* U+004A "J" */
    0xf, 0x9e, 0xf, 0xff, 0xf8, 0x7f, 0xfb, 0x28,
    0x1b, 0x31, 0x50, 0x14, 0x22, 0x3e, 0x84, 0x14,
    0x42, 0xa0,

    /* U+004B "K" */
    0x3c, 0x1f, 0x3e, 0xf, 0xf9, 0x88, 0x3f, 0xcc,
    0x48, 0x7f, 0xa2, 0x43, 0xfd, 0x92, 0x1f, 0xec,
    0x50, 0x7f, 0xb1, 0x83, 0xfd, 0x82, 0xf, 0xf4,
    0x14, 0x1f, 0xe4, 0x85, 0x7, 0xfb, 0x51, 0x7,
    0xf6, 0x8, 0x10, 0x7f, 0xf0, 0x31, 0x41, 0xff,
    0xc0, 0x88, 0x3f, 0xf8, 0x8, 0x30, 0xff, 0xe0,
    0x60, 0x83, 0xff, 0x81, 0xa, 0xf, 0xf9, 0x44,
    0x0,

    /* U+004C "L" */
    0x3c, 0x1f, 0xff, 0xf0, 0xff, 0xff, 0x87, 0xff,
    0xbb, 0xff, 0x83, 0xff, 0x84,

    /* U+004D "M" */
    0x3c, 0x87, 0xff, 0x3, 0xc1, 0xa0, 0xff, 0xb0,
    0xfa, 0xf, 0xe4, 0x3f, 0x21, 0xfd, 0x7, 0xc9,
    0x7, 0xd0, 0x87, 0xa1, 0x41, 0xe4, 0x83, 0xe8,
    0x83, 0xb2, 0xf, 0xc8, 0x20, 0x90, 0x21, 0xfd,
    0x88, 0x51, 0x7, 0xfc, 0x91, 0xa, 0xf, 0xfa,
    0x19, 0x20, 0xff, 0xe0, 0xc2, 0x41, 0xff, 0xc2,
    0x42, 0x43, 0xff, 0x87, 0xb0, 0x7f, 0xf1, 0x64,
    0x3f, 0xfe, 0xa0,

    /* U+004E "N" */
    0x3c, 0x87, 0xe7, 0x82, 0x83, 0xff, 0x87, 0x7,
    0xff, 0x9, 0x41, 0xff, 0xc0, 0x88, 0x3f, 0xf8,
    0xa, 0x20, 0xff, 0xe0, 0x42, 0x83, 0xff, 0x81,
    0x10, 0x7f, 0xf0, 0x14, 0x41, 0xff, 0xc0, 0x85,
    0x7, 0xff, 0x2, 0x20, 0xff, 0xe0, 0x28, 0x83,
    0xff, 0x81, 0xa, 0xf, 0xfe, 0x4, 0x41, 0xff,
    0xc0, 0x51, 0x7, 0xff, 0x2, 0xf, 0xfe, 0x1c,
    0x1f, 0xfc, 0x25, 0x0,

    /* U+004F "O" */
    0xe, 0xbf, 0x90, 0xfc, 0xe8, 0x75, 0xa1, 0xd4,
    0x5, 0xf4, 0x9, 0xc, 0x8e, 0x84, 0xe9, 0x5,
    0xc, 0x1f, 0x40, 0x80, 0x90, 0x7f, 0x42, 0x21,
    0xff, 0xc0, 0x42, 0xc4, 0x3f, 0xf8, 0x28, 0x7f,
    0xf0, 0x90, 0xff, 0xea, 0xa0, 0xc4, 0x3f, 0xf8,
    0x2a, 0xf, 0xfe, 0x2, 0x19, 0x20, 0xfe, 0x84,
    0x10, 0xc1, 0xf4, 0x8, 0x24, 0x74, 0x27, 0x48,
    0x35, 0x1, 0x7d, 0x2, 0x43, 0x9d, 0xe, 0xb4,
    0x20,

    /* U+0050 "P" */
    0x3f, 0xf4, 0x1f, 0xfc, 0x17, 0x83, 0xbf, 0xc8,
    0xa0, 0xff, 0x49, 0x7, 0xfd, 0x7, 0xff, 0x76,
    0xf, 0xfe, 0x4, 0x90, 0x6f, 0xf2, 0x28, 0x3f,
    0xcf, 0x7, 0x7f, 0xa0, 0xff, 0xff, 0x87, 0xff,
    0x4,

    /* U+0051 "Q" */
    0xe, 0xbf, 0x90, 0xfc, 0xe8, 0x75, 0xa1, 0xd4,
    0x5, 0xf4, 0x9, 0x9, 0x43, 0xa1, 0x3a, 0x41,
    0x43, 0x7, 0xd0, 0x20, 0xd0, 0x7f, 0x42, 0x21,
    0xff, 0xc0, 0x42, 0xc4, 0x3f, 0xf8, 0x28, 0x7f,
    0xf0, 0x90, 0xff, 0xea, 0xa0, 0xc4, 0x3f, 0xf8,
    0x2a, 0xf, 0xe9, 0x10, 0xf4, 0x1c, 0xa9, 0x84,
    0x10, 0xc1, 0x94, 0x40, 0x80, 0xa1, 0xd0, 0xb0,
    0xa0, 0xd4, 0x5, 0xf4, 0x14, 0x1c, 0xe8, 0x75,
    0x82, 0xf, 0x5f, 0xc9, 0x88, 0x7f, 0xf0, 0xe8,
    0x0,

    /* U+0052 "R" */
    0x3f, 0xf4, 0x1f, 0xfc, 0x17, 0x43, 0xbf, 0xa0,
    0x41, 0xfe, 0x70, 0x41, 0xff, 0x41, 0xff, 0xc1,
    0x44, 0x3f, 0xe4, 0x3f, 0xf8, 0x30, 0x87, 0xf3,
    0x82, 0xd, 0xfd, 0x2, 0xf, 0xf9, 0xd0, 0xef,
    0xc0, 0xc3, 0xfe, 0xc8, 0x3f, 0xf8, 0x9, 0x87,
    0xfd, 0x1, 0xf, 0xfa, 0x20, 0xff, 0x94, 0x41,
    0xff, 0x42, 0x80,

    /* U+0053 "S" */
    0xc, 0xdf, 0x48, 0x73, 0xc8, 0x4d, 0x3, 0x43,
    0xfa, 0x1c, 0x10, 0xc1, 0x9c, 0x40, 0x98, 0x7d,
    0xc0, 0x43, 0xff, 0x83, 0x90, 0x7f, 0xc8, 0x38,
    0x3f, 0xda, 0x3e, 0x90, 0xfa, 0xe4, 0x6d, 0xf,
    0x9b, 0x81, 0x21, 0xfc, 0xf1, 0x7, 0xfc, 0x81,
    0x2, 0x1f, 0x90, 0xb9, 0xf, 0x91, 0x12, 0x81,
    0x9c, 0x41, 0x41, 0xfd, 0x2, 0x9, 0xd0, 0xcd,
    0x80,

    /* U+0054 "T" */
    0x7f, 0xff, 0x82, 0x1f, 0xfc, 0x27, 0xf8, 0x17,
    0xf0, 0x7f, 0xff, 0xc3, 0xff, 0xfe, 0x1f, 0xff,
    0x0,

    /* U+0055 "U" */
    0x3c, 0x1f, 0xde, 0xf, 0xff, 0xf8, 0x7f, 0xff,
    0xc3, 0xff, 0x86, 0x84, 0x90, 0x7d, 0x89, 0x88,
    0x7c, 0x90, 0xa3, 0x42, 0x71, 0xa, 0x4b, 0xe8,
    0x60, 0xd4, 0x42, 0x68, 0x0,

    /* U+0056 "V" */
    0xb8, 0x3f, 0xd6, 0xc2, 0x1f, 0xe4, 0x42, 0x43,
    0xf2, 0x1a, 0x20, 0xfd, 0x10, 0x10, 0xff, 0xe0,
    0x21, 0x24, 0x1e, 0x84, 0x36, 0x21, 0xe4, 0xc3,
    0x21, 0xf2, 0x4, 0x39, 0x20, 0xd8, 0x87, 0xa1,
    0xc, 0x90, 0x7f, 0x20, 0x43, 0xfd, 0x18, 0x32,
    0xf, 0xc8, 0x81, 0x10, 0xfe, 0x45, 0x8, 0x7f,
    0xb2, 0x86, 0x1f, 0xe4, 0x32, 0x1f, 0xf2, 0x4,
    0x3f, 0xf8, 0x18, 0x30, 0xf0,

    /* U+0057 "W" */
    0xb8, 0x3e, 0xb8, 0x3e, 0xbb, 0x10, 0xf9, 0x10,
    0xf9, 0x34, 0x3f, 0x21, 0x21, 0xf9, 0x11, 0xe,
    0xc2, 0xc3, 0x91, 0x6, 0x61, 0xc9, 0x88, 0x76,
    0x60, 0x44, 0x3f, 0xf8, 0x68, 0x87, 0xf2, 0x22,
    0x21, 0xfe, 0x44, 0x2c, 0x88, 0xc2, 0x44, 0x36,
    0x61, 0x21, 0xc8, 0x51, 0x86, 0x44, 0x32, 0x12,
    0x21, 0x90, 0xf9, 0x23, 0xb, 0x31, 0xf, 0xc9,
    0x88, 0x84, 0x89, 0x88, 0x7b, 0x10, 0xff, 0x92,
    0xf, 0x20, 0x44, 0x39, 0x10, 0xff, 0x24, 0x41,
    0xd1, 0x8, 0x7e, 0xc3, 0xff, 0x83, 0x87, 0xe4,
    0x8, 0x7c, 0x81, 0xf, 0xfb, 0xf, 0xb0, 0xf8,

    /* U+0058 "X" */
    0x3d, 0x7, 0xcf, 0x81, 0x8a, 0xf, 0x44, 0x12,
    0x41, 0xd0, 0x10, 0xa0, 0x41, 0x93, 0xe, 0xc4,
    0x2c, 0x83, 0xe4, 0xc4, 0x8, 0x7d, 0x2, 0x86,
    0x1f, 0xd8, 0x90, 0x7f, 0xf0, 0x90, 0xff, 0x21,
    0x21, 0xfe, 0x84, 0x83, 0xfa, 0x4, 0x90, 0x7e,
    0x4c, 0x85, 0x7, 0xb1, 0xa, 0x20, 0xe4, 0x10,
    0x48, 0x20, 0xd1, 0x7, 0x62, 0x14, 0x4, 0x3c,
    0x98, 0xa3, 0xf, 0xa0, 0x20,

    /* U+0059 "Y" */
    0x7c, 0x1f, 0xde, 0x50, 0x20, 0xfa, 0x2, 0x42,
    0x1f, 0x24, 0x5, 0x10, 0x74, 0x28, 0x28, 0x43,
    0x92, 0xe, 0x48, 0x28, 0x43, 0xd0, 0xa1, 0x44,
    0x1f, 0x44, 0x44, 0x1f, 0x90, 0x40, 0x43, 0xfa,
    0x12, 0xf, 0xf2, 0x85, 0x7, 0xff, 0xfc, 0x3f,
    0xfa, 0xe0,

    /* U+005A "Z" */
    0x3f, 0xff, 0x80, 0x1f, 0xfc, 0x4f, 0xfe, 0x4,
    0x1f, 0xe8, 0x8, 0x7f, 0x28, 0xc3, 0xfd, 0x10,
    0x7f, 0xa0, 0x21, 0xfc, 0xa3, 0xf, 0xf4, 0x21,
    0xfe, 0x81, 0x7, 0xf2, 0x8c, 0x3f, 0xd0, 0x87,
    0xfa, 0x4, 0x1f, 0xca, 0x30, 0xff, 0x42, 0x1f,
    0xe8, 0x10, 0x7f, 0x90, 0x7f, 0xf2, 0x1f, 0xfc,
    0x20,

    /* U+005B "[" */
    0x7f, 0x83, 0xfc, 0xfc, 0x1f, 0xff, 0xf0, 0xff,
    0xf1, 0xbf, 0x7, 0xe0,

    /* U+005C "\\" */
    0xb4, 0x3b, 0x30, 0xe4, 0x43, 0xc8, 0x87, 0x66,
    0x1c, 0x88, 0x7e, 0x43, 0xa3, 0xe, 0x44, 0x3f,
    0x21, 0xc9, 0x87, 0x42, 0x1f, 0xfc, 0x24, 0x83,
    0xa1, 0xf, 0xfe, 0x12, 0x21, 0xd9, 0x0,

    /* U+005D "]" */
    0xbf, 0x41, 0xcd, 0xf0, 0x7f, 0xff, 0xc3, 0xff,
    0xa3, 0x7c, 0x1f, 0x80,

    /* U+005E "^" */
    0xc, 0xa0, 0xfe, 0xa6, 0x1f, 0x61, 0x21, 0xc8,
    0xe4, 0x1d, 0x11, 0x10, 0x51, 0x1, 0x10, 0x91,
    0xb, 0x30,

    /* U+005F "_" */
    0xff, 0xf8, 0x3f, 0xe0,

    /* U+0060 "`" */
    0xf, 0x78, 0x39, 0x6, 0x41, 0x62, 0x16, 0x80,

    /* U+0061 "a" */
    0xa, 0xfa, 0xc, 0xe8, 0x4e, 0x16, 0x5f, 0x26,
    0xb, 0x42, 0x83, 0xfe, 0x44, 0x26, 0x9e, 0x42,
    0x79, 0x41, 0xcc, 0x3f, 0x90, 0x65, 0x3, 0x20,
    0x44, 0x3f, 0x24, 0x13, 0x85, 0xf, 0xd2, 0x82,
    0xd0, 0xa8, 0x10,

    /* U+0062 "b" */
    0x78, 0x3f, 0xfe, 0xcf, 0xd0, 0x7c, 0xc1, 0x3a,
    0x19, 0x9f, 0x92, 0xe, 0x60, 0xa4, 0x83, 0x41,
    0xd0, 0x87, 0xff, 0x11, 0xf, 0xfe, 0x2, 0x1f,
    0xfc, 0xe8, 0x3a, 0x10, 0xcc, 0x14, 0x90, 0x4c,
    0xfc, 0x90, 0x73, 0x4, 0xe8, 0x0,

    /* U+0063 "c" */
    0x9, 0xbe, 0x43, 0x72, 0x15, 0x1, 0x3, 0xe8,
    0x65, 0x18, 0x4f, 0x4c, 0x83, 0xc8, 0x7f, 0xf0,
    0x11, 0xf, 0xc8, 0x87, 0xfb, 0xf, 0xd8, 0x87,
    0x91, 0x46, 0x13, 0xd0, 0x81, 0xf4, 0x30, 0x39,
    0xa, 0x80,

    /* U+0064 "d" */
    0xf, 0xe7, 0x83, 0xff, 0xcf, 0x7d, 0x7, 0xb4,
    0x26, 0xd, 0x2, 0xf4, 0xc0, 0x51, 0xa0, 0x70,
    0xb1, 0xf, 0x20, 0x4c, 0x3d, 0x86, 0x43, 0xf9,
    0x10, 0xff, 0xb0, 0xf6, 0x8, 0x43, 0xc8, 0x49,
    0xa0, 0x70, 0xd0, 0x2f, 0x44, 0x1b, 0x82, 0x70,
    0x80,

    /* U+0065 "e" */
    0xa, 0x9e, 0x90, 0xed, 0x40, 0x68, 0x16, 0x3f,
    0x85, 0x8, 0x20, 0xd9, 0x19, 0x7, 0xfd, 0x7f,
    0x82, 0x43, 0xfe, 0x4b, 0xff, 0x5, 0x87, 0xf6,
    0x21, 0xe4, 0xa, 0x30, 0xd4, 0xc1, 0x3, 0xf2,
    0x61, 0x72, 0x13, 0x80,

    /* U+0066 "f" */
    0xd, 0x7c, 0x16, 0x87, 0x20, 0xf8, 0x19, 0x7,
    0xfd, 0x69, 0x7e, 0xf, 0x9d, 0x2f, 0x83, 0xff,
    0xfe, 0x1c,

    /* U+0067 "g" */
    0xa, 0xfa, 0x1e, 0x6, 0x84, 0xc1, 0xb0, 0x5e,
    0x98, 0x8, 0x34, 0xe, 0x16, 0x21, 0xe4, 0x9,
    0x87, 0xb0, 0xc8, 0x7f, 0x22, 0x1f, 0xf6, 0x1e,
    0xc1, 0x8, 0x79, 0x9, 0x34, 0xe, 0x1a, 0x5,
    0xe8, 0x83, 0x70, 0x4e, 0x1e, 0x7e, 0x8c, 0xc0,
    0x87, 0x91, 0x3a, 0x6, 0x84, 0x10, 0xfe, 0x48,
    0xe, 0x86, 0xb0, 0x0,

    /* U+0068 "h" */
    0x78, 0x3f, 0xfe, 0x2f, 0xd0, 0x7a, 0x81, 0x38,
    0x65, 0x5f, 0x3, 0xd, 0x21, 0x61, 0xe4, 0x3f,
    0xc8, 0x79, 0x10, 0xff, 0xff, 0x87, 0xf0,

    /* U+0069 "i" */
    0x3c, 0x21, 0x2c, 0xa, 0x7, 0xbc, 0x1f, 0xfe,
    0x50,

    /* U+006A "j" */
    0xd, 0xe0, 0xf9, 0xc, 0xb0, 0x6a, 0x7, 0xff,
    0x3, 0xc1, 0xff, 0xff, 0xf, 0xfe, 0x7c, 0x13,
    0xe4, 0x84, 0x29, 0x0,

    /* U+006B "k" */
    0x78, 0x3f, 0xfd, 0xef, 0x83, 0xe6, 0x20, 0xf3,
    0x12, 0x1e, 0x89, 0xf, 0x64, 0x87, 0x38, 0x7f,
    0xf0, 0x60, 0xf9, 0xc1, 0x7, 0xa2, 0x10, 0xe4,
    0xa, 0x30, 0xfd, 0x1, 0xf, 0xd1, 0x7, 0xe4,
    0x10,

    /* U+006C "l" */
    0x78, 0x3f, 0xff, 0xc8, 0x10, 0x69, 0x4,

    /* U+006D "m" */
    0x78, 0x7e, 0x42, 0xbe, 0x43, 0xa8, 0x14, 0x9a,
    0x14, 0x84, 0xaf, 0xa2, 0xcf, 0x92, 0xd, 0x84,
    0x85, 0x85, 0x1, 0xf, 0xd0, 0x7c, 0x86, 0x43,
    0xe4, 0x3b, 0x30, 0xff, 0xff, 0x87, 0xff, 0xb8,

    /* U+006E "n" */
    0x78, 0x7e, 0x83, 0xd4, 0x9, 0xc3, 0x2a, 0xf8,
    0x18, 0x69, 0xb, 0xf, 0x21, 0xfe, 0x43, 0xc8,
    0x87, 0xff, 0xfc, 0x3f, 0x80,

    /* U+006F "o" */
    0x9, 0xbd, 0x21, 0xdc, 0x81, 0xa0, 0x50, 0x3e,
    0x86, 0x14, 0x61, 0x38, 0x99, 0x7, 0x91, 0xf,
    0xec, 0xd1, 0xf, 0xe4, 0x43, 0xff, 0x8d, 0x9e,
    0x20, 0xf2, 0x2c, 0x61, 0x38, 0x82, 0x7, 0xd0,
    0xc1, 0x72, 0x6, 0x80,

    /* U+0070 "p" */
    0x78, 0x7e, 0x83, 0xe6, 0x9, 0xd0, 0xcc, 0xfc,
    0x90, 0x73, 0x5, 0x24, 0x1a, 0xe, 0x84, 0x3f,
    0xf8, 0x88, 0x7f, 0xf0, 0x10, 0xff, 0xe7, 0x41,
    0xd0, 0x86, 0x60, 0xa4, 0x82, 0x67, 0xe4, 0x83,
    0x98, 0x27, 0x43, 0xcf, 0xd0, 0x7f, 0xfb, 0x0,

    /* U+0071 "q" */
    0xa, 0xfa, 0x1e, 0x6, 0x84, 0xc1, 0xa0, 0x5e,
    0x98, 0xa, 0x34, 0xe, 0x16, 0x21, 0xe4, 0x9,
    0x87, 0xb0, 0xc8, 0x7f, 0x22, 0x1f, 0xf6, 0x1e,
    0xc1, 0x8, 0x79, 0x9, 0x34, 0xe, 0x1a, 0x5,
    0xe8, 0x83, 0x70, 0x4e, 0x1e, 0x7e, 0x83, 0xff,
    0xd0,

    /* U+0072 "r" */
    0x78, 0x17, 0x6, 0xd0, 0xce, 0x54, 0x13, 0xa8,
    0x34, 0x1f, 0xfc, 0x24, 0x3f, 0xfd, 0x20,

    /* U+0073 "s" */
    0xa, 0xfa, 0x43, 0x68, 0x4d, 0x1, 0xf, 0xd0,
    0xa1, 0x20, 0x9e, 0x44, 0x83, 0x90, 0x43, 0xc8,
    0x7b, 0x46, 0xe0, 0xeb, 0x91, 0xc3, 0xcd, 0x81,
    0x4, 0x1c, 0x85, 0xb0, 0x64, 0x28, 0x7f, 0xa,
    0x1d, 0xd, 0x40,

    /* U+0074 "t" */
    0x5, 0xa1, 0xff, 0xd3, 0xb4, 0xbe, 0x30, 0xfc,
    0xe9, 0x7c, 0x1f, 0xfe, 0xdc, 0xc3, 0xf2, 0x1e,
    0x41, 0xf0, 0x6d, 0x2, 0x0,

    /* U+0075 "u" */
    0x78, 0x3d, 0xe0, 0xff, 0xff, 0x87, 0xff, 0x29,
    0x10, 0xe4, 0x3d, 0x4, 0xc1, 0xa1, 0xfa, 0x43,
    0x3a, 0x6, 0x81, 0x0,

    /* U+0076 "v" */
    0xb4, 0x3e, 0xf1, 0x90, 0x7a, 0x11, 0xf, 0xc9,
    0x1, 0x20, 0xc8, 0x74, 0x21, 0xb2, 0xf, 0x21,
    0x22, 0x1a, 0x30, 0x22, 0x1c, 0x88, 0x22, 0xf,
    0x22, 0x1f, 0xec, 0xd2, 0xf, 0x91, 0x84, 0x3f,
    0x20, 0x43, 0xfa, 0x6, 0x1c,

    /* U+0077 "w" */
    0xb4, 0x3a, 0xf0, 0x73, 0xf1, 0x7, 0x21, 0xf6,
    0x48, 0x79, 0x9, 0xc, 0x88, 0x88, 0x59, 0x18,
    0x7e, 0xcc, 0x24, 0x44, 0x28, 0x40, 0x88, 0x64,
    0x44, 0x9, 0x4, 0x88, 0x99, 0x98, 0x7e, 0xcc,
    0xc4, 0x44, 0x44, 0x32, 0x22, 0x19, 0x6, 0x41,
    0xf2, 0x21, 0x62, 0x83, 0xe8, 0x8c, 0x24, 0x84,
    0x3c, 0x84, 0x87, 0xd8, 0x7f, 0x21, 0xc8, 0x10,
    0x80,

    /* U+0078 "x" */
    0x3c, 0x87, 0x78, 0x11, 0x6, 0xc8, 0xa, 0x20,
    0x20, 0x42, 0x84, 0x11, 0x87, 0x47, 0x10, 0x79,
    0x42, 0x21, 0xf6, 0x8, 0x3f, 0x40, 0x83, 0xe8,
    0x51, 0x7, 0x28, 0xa0, 0x87, 0x46, 0x8, 0xc2,
    0xc4, 0x24, 0x10, 0x82, 0xd, 0x8a,

    /* U+0079 "y" */
    0xb8, 0x3e, 0xf1, 0x88, 0x7a, 0x11, 0x2, 0x1c,
    0x98, 0x13, 0xc, 0x81, 0x4, 0x21, 0xb2, 0xf,
    0x21, 0x22, 0x1a, 0x30, 0x22, 0x1c, 0x88, 0x33,
    0xf, 0x22, 0x22, 0x1e, 0xc9, 0x10, 0xf9, 0x4,
    0x41, 0xf9, 0x2, 0x1f, 0xd0, 0x30, 0xff, 0xe0,
    0x21, 0xfd, 0x8, 0x7f, 0x92, 0xf, 0xe4, 0x3f,
    0xf8, 0x11, 0x7, 0xc0,

    /* U+007A "z" */
    0x3f, 0xf9, 0xf, 0xfe, 0x7, 0xf9, 0x14, 0x1e,
    0x51, 0x7, 0xd1, 0x7, 0xd8, 0xa0, 0xf4, 0x8,
    0x3c, 0xa3, 0xf, 0xa2, 0xf, 0xb1, 0x41, 0xe8,
    0x10, 0x7c, 0x83, 0xfd, 0x7, 0xfc,

    /* U+007B "{" */
    0xe, 0x68, 0x1a, 0x8a, 0x9, 0x45, 0x87, 0x48,
    0x6c, 0x3f, 0xfa, 0x68, 0x86, 0x43, 0x9e, 0x30,
    0xf2, 0x19, 0xd5, 0x7, 0x42, 0x1e, 0x44, 0x3f,
    0xfa, 0x38, 0x7f, 0x41, 0xc8, 0x3c, 0x1b, 0x40,

    /* U+007C "|" */
    0x16, 0xb0, 0xff, 0xf8, 0x0,

    /* U+007D "}" */
    0x68, 0x1e, 0x56, 0x19, 0xd2, 0xe, 0x84, 0x3f,
    0xfc, 0x51, 0x87, 0x28, 0xf0, 0x6c, 0x3c, 0xc5,
    0x85, 0x92, 0x19, 0x10, 0xff, 0xec, 0x42, 0x13,
    0xa4, 0x1c, 0xe1, 0x80,

    /* U+007E "~" */
    0x1f, 0x48, 0x2c, 0x10, 0x1b, 0xc8, 0x13, 0xe4,
    0xe, 0x38, 0x57, 0xa0, 0x0,

    /* U+00AB "«" */
    0xc, 0xf9, 0x7, 0x90, 0xd1, 0x26, 0x28, 0x2c,
    0x51, 0x2, 0xb, 0x4, 0x49, 0x85, 0x3, 0x14,
    0x61, 0x28, 0x81, 0x8, 0x65, 0x10, 0x21, 0xe,
    0x81, 0xa, 0x30, 0xec, 0x62, 0x4c, 0x3b, 0x14,
    0x40, 0x83, 0xa2, 0x4c, 0x50,

    /* U+00B7 "·" */
    0x14, 0xa, 0x7, 0x0,

    /* U+00EF "ï" */
    0x2d, 0x7, 0x80, 0x98, 0x64, 0x98, 0x12, 0x86,
    0x9, 0x83, 0x3c, 0x1f, 0xff, 0xf0, 0xff, 0xec,
    0x0,

    /* U+2014 "—" */
    0xff, 0xfe, 0x60, 0x7f, 0xf3, 0x0,

    /* U+2018 "‘" */
    0x2, 0x6, 0x5, 0x84, 0x89, 0x7, 0x0,

    /* U+2019 "’" */
    0x14, 0xa, 0x7, 0xb0, 0x90, 0xac, 0x18, 0x0,

    /* U+201C "“" */
    0x2, 0x1c, 0xc3, 0xa5, 0x94, 0x40, 0x86, 0x48,
    0x10, 0x7e,

    /* U+201D "”" */
    0x14, 0x4, 0x14, 0x39, 0xf, 0xd8, 0x34, 0x8,
    0x4a, 0x2c, 0xe0, 0x60, 0xd0,

    /* U+2026 "…" */
    0x28, 0x1e, 0xa0, 0x7a, 0x80, 0x50, 0x79, 0x41,
    0xe5, 0x7, 0xff, 0x24,

    /* U+2193 "↓" */
    0xe, 0x50, 0x7f, 0xa8, 0x1f, 0xff, 0xf0, 0xff,
    0xff, 0x87, 0xfc, 0xc1, 0xfa, 0x46, 0xf, 0x48,
    0xb4, 0x1a, 0x58, 0x95, 0x2, 0x54, 0x14, 0x20,
    0x54, 0x1d, 0x84, 0xc1, 0xf6, 0x30, 0x7f, 0x70,
    0x70,

    /* U+3001 "、" */
    0xf, 0x9e, 0xc, 0x8e, 0x1b, 0x4c, 0x34, 0x8,
    0x36, 0x1f, 0x70,

    /* U+3002 "。" */
    0x3, 0xe4, 0x2a, 0x2a, 0x80, 0x6b, 0x21, 0x20,
    0x43, 0xfe, 0x75, 0x68, 0x26, 0x8c, 0x0,

    /* U+3008 "〈" */
    0xe, 0xa0, 0x74, 0xe1, 0xc8, 0x86, 0x84, 0x39,
    0x20, 0xd0, 0x87, 0x24, 0x1a, 0x10, 0xe4, 0x83,
    0x22, 0x1c, 0x88, 0x79, 0x10, 0xe8, 0x83, 0xf2,
    0x1d, 0x10, 0x72, 0x4, 0x3a, 0x20, 0xe4, 0x8,
    0x74, 0x40,

    /* U+3009 "〉" */
    0x28, 0x1e, 0xd8, 0x39, 0x10, 0xf2, 0x41, 0xd0,
    0x87, 0x92, 0xe, 0x84, 0x3c, 0x90, 0x74, 0x21,
    0xe4, 0x43, 0x91, 0xc, 0x88, 0x74, 0x41, 0x90,
    0xfa, 0x20, 0xc8, 0x10, 0xd1, 0x6, 0x40, 0x86,
    0x88, 0x30,

    /* U+300A "《" */
    0xc, 0xd0, 0x14, 0x43, 0x4e, 0x5, 0x82, 0x40,
    0x91, 0x6, 0x88, 0x8, 0x84, 0x81, 0x21, 0xd,
    0x10, 0x12, 0x9, 0x2, 0x42, 0x1a, 0x20, 0x24,
    0x1e, 0x48, 0x43, 0x42, 0x4, 0x83, 0x62, 0x4,
    0x83, 0x20, 0x48, 0x43, 0xa2, 0x2, 0x21, 0x90,
    0x26, 0x41, 0xd1, 0x88, 0x10, 0xc8, 0x82, 0x20,
    0xe4, 0x84, 0x8, 0x68, 0x41, 0x10, 0x72, 0x42,
    0x4,

    /* U+300B "》" */
    0x68, 0xa, 0x21, 0x96, 0x6, 0xc1, 0xd1, 0x8,
    0x10, 0xc8, 0x82, 0x20, 0xe4, 0x84, 0x8, 0x68,
    0x41, 0x10, 0x72, 0x42, 0x4, 0x34, 0x20, 0x88,
    0x39, 0x21, 0xf, 0xa1, 0x2, 0x41, 0xa1, 0x2,
    0x61, 0x92, 0x10, 0x21, 0x22, 0x8, 0x83, 0x46,
    0x20, 0x42, 0x40, 0x99, 0x6, 0x88, 0x8, 0x84,
    0x81, 0x21, 0xd, 0x10, 0x12, 0x9, 0x2, 0x42,
    0x18,

    /* U+3010 "【" */
    0xaf, 0xb, 0xd8, 0x79, 0xe, 0x83, 0xc8, 0x72,
    0x1e, 0xc3, 0xff, 0x82, 0x87, 0xff, 0x91, 0xf,
    0x61, 0xe4, 0x3e, 0x43, 0xd8, 0x79, 0xf, 0xb0,

    /* U+3011 "】" */
    0x2b, 0xc6, 0xbc, 0x21, 0xf4, 0x1e, 0x43, 0xe4,
    0x3d, 0x87, 0xff, 0x5, 0xf, 0xff, 0x22, 0x1e,
    0xc3, 0xc8, 0x72, 0x1e, 0xc3, 0xc8, 0x76, 0x1c,

    /* U+3014 "〔" */
    0xf, 0xfa, 0xc0, 0xda, 0xe, 0x4b, 0xa, 0xd0,
    0xc8, 0x7f, 0xff, 0xc3, 0xff, 0x95, 0xc1, 0x68,
    0xf8, 0x17, 0x7, 0x9f, 0x0,

    /* U+3015 "〕" */
    0xf, 0xdc, 0x1e, 0x79, 0x7, 0xd, 0x81, 0xe0,
    0xf2, 0x1f, 0xff, 0xf0, 0xff, 0xe4, 0xd8, 0x5e,
    0x47, 0xa, 0xe0, 0x79, 0x8,

    /* U+4E00 "一" */
    0xf, 0xfe, 0x55, 0xff, 0xfc, 0x84, 0x3f, 0xf9,
    0x40,

    /* U+4E07 "万" */
    0x3f, 0xff, 0x90, 0x87, 0xff, 0x27, 0x3f, 0xc0,
    0xff, 0xfe, 0x4, 0x1f, 0xff, 0xff, 0xff, 0x7,
    0xf2, 0x1f, 0xfc, 0xb7, 0xff, 0x7, 0xfd, 0x98,
    0x7f, 0x21, 0xff, 0x21, 0xf2, 0x1f, 0xf2, 0x1f,
    0xfc, 0x84, 0x43, 0xff, 0x8f, 0x98, 0x7e, 0xcc,
    0x3f, 0x22, 0x1f, 0xfc, 0x68, 0x83, 0xff, 0x8c,
    0xa1, 0xf, 0xe4, 0x43, 0x98, 0xc3, 0xf9, 0xf,
    0x98, 0x83, 0xbf, 0xa1, 0xe, 0x89, 0xf, 0xf9,
    0x83, 0xb9, 0xf, 0x7f, 0xa0, 0xe0,

    /* U+4E09 "三" */
    0xf, 0xfe, 0x67, 0xff, 0xf1, 0x90, 0xff, 0xe6,
    0xff, 0xff, 0x19, 0xf, 0xff, 0xf8, 0x7f, 0xf1,
    0x6f, 0xff, 0xe1, 0x87, 0x90, 0xff, 0xe1, 0xa1,
    0xdf, 0xff, 0xc4, 0x43, 0xff, 0xfe, 0x1f, 0xfe,
    0xf7, 0xff, 0xf9, 0x12, 0x1f, 0xfc, 0x90,

    /* U+4E0A "上" */
    0xf, 0xe6, 0xf, 0xfe, 0x46, 0xa0, 0xff, 0xff,
    0x87, 0xff, 0xb3, 0xf, 0xfe, 0x4b, 0xff, 0x90,
    0xff, 0xeb, 0x5f, 0xf9, 0xf, 0xff, 0xf8, 0x7f,
    0xff, 0xc3, 0xff, 0xa1, 0xff, 0x92, 0xff, 0xe8,
    0x3f, 0xf9, 0x7f, 0xff, 0xc8, 0x80,

    /* U+4E0B "下" */
    0x2b, 0xff, 0x92, 0x2f, 0xff, 0x20, 0x1f, 0xfa,
    0x1f, 0xfe, 0x83, 0xff, 0xfe, 0x13, 0x87, 0xff,
    0x23, 0x34, 0x3f, 0xf8, 0xd2, 0x50, 0x3f, 0xf8,
    0xd4, 0x18, 0x3f, 0xf8, 0xce, 0x38, 0x7f, 0xf1,
    0xf0, 0x61, 0xff, 0xc7, 0xd0, 0xff, 0xe4, 0xd8,
    0x7f, 0xff, 0xc3, 0xff, 0xfe, 0x1e,

    /* U+4E0D "不" */
    0x2f, 0xff, 0xe3, 0x81, 0xf, 0xfe, 0x4f, 0xff,
    0x81, 0xff, 0x83, 0xfe, 0x84, 0x3f, 0xf8, 0xe9,
    0x7, 0xff, 0x1b, 0xf, 0xfe, 0x44, 0x1f, 0xfc,
    0x85, 0x7, 0x21, 0xff, 0xc1, 0x63, 0xa, 0xa0,
    0xff, 0x98, 0xc3, 0x43, 0x7, 0xf3, 0x10, 0x7b,
    0x1c, 0x3e, 0x62, 0x43, 0xec, 0x18, 0x75, 0x9,
    0xf, 0xec, 0x18, 0x5a, 0x48, 0x7f, 0xd8, 0x30,
    0xda, 0x1f, 0xfc, 0x1c, 0x35, 0x87, 0xff, 0x13,
    0xc0, 0x43, 0xff, 0xfe, 0x1f, 0xfd, 0x50,

    /* U+4E0E "与" */
    0xf, 0xfe, 0x6b, 0xc1, 0xff, 0xf2, 0x7f, 0xff,
    0x84, 0x1b, 0xf, 0xfe, 0x55, 0xff, 0xfc, 0x20,
    0xff, 0xe6, 0xa2, 0x1f, 0xfc, 0x84, 0x3f, 0xf9,
    0x17, 0xff, 0xf0, 0x43, 0x97, 0xff, 0x82, 0x1f,
    0xab, 0xff, 0x84, 0x21, 0xff, 0xdf, 0xbf, 0xff,
    0x86, 0x1d, 0xaf, 0xff, 0xc, 0xcc, 0x6b, 0xff,
    0x86, 0x1f, 0xfc, 0xa4, 0x3f, 0xf9, 0x48, 0x7f,
    0xcf, 0xf8, 0x43, 0xff, 0x8e, 0xc0,

    /* U+4E13 "专" */
    0xf, 0xe9, 0xf, 0xfe, 0x43, 0x7, 0xff, 0x1d,
    0x10, 0xff, 0xe0, 0xd7, 0xc3, 0x5f, 0xc8, 0x4b,
    0xe0, 0x97, 0xf8, 0x37, 0xf4, 0xf, 0xff, 0x21,
    0xfb, 0x20, 0xff, 0xe3, 0xa2, 0x1f, 0xfc, 0x1f,
    0xf0, 0x3f, 0xff, 0x81, 0x21, 0xff, 0xc9, 0x7f,
    0x81, 0xff, 0xfc, 0x18, 0x39, 0x10, 0xff, 0xe3,
    0xc6, 0x1f, 0xfc, 0x9b, 0xff, 0xe0, 0xfc, 0xbf,
    0xf0, 0x7f, 0xd5, 0xfe, 0xc1, 0x7, 0xdc, 0x1f,
    0x98, 0xd0, 0xf2, 0x3e, 0x43, 0x50, 0xc3, 0xf3,
    0xc0, 0xb9, 0x93, 0xf, 0xf9, 0xf2, 0x32, 0x41,
    0xff, 0xc3, 0xb9, 0x5, 0xa1, 0xff, 0xc3, 0x6e,
    0x5, 0x87, 0xff, 0x15, 0xe4, 0x3f, 0xf9, 0xd,
    0x86,

    /* U+4E16 "世" */
    0xf, 0xfe, 0x2a, 0x1f, 0x28, 0x37, 0x83, 0xb8,
    0x3e, 0xa0, 0x7f, 0xff, 0xc3, 0xf5, 0xe0, 0x7e,
    0x7, 0xf0, 0x3e, 0xf, 0xfe, 0x53, 0x78, 0x1f,
    0x81, 0xfc, 0xf, 0x90, 0xff, 0xff, 0x87, 0xff,
    0x8b, 0xf8, 0x3f, 0xfb, 0x3f, 0xfc, 0x1f, 0xff,
    0xff, 0xff, 0xe2, 0x7, 0xff, 0x2c,

    /* U+4E1A "业" */
    0xf, 0xc8, 0x65, 0x7, 0xff, 0x9, 0x90, 0xa8,
    0x1f, 0xff, 0xe7, 0x43, 0xff, 0x87, 0xe0, 0x24,
    0x1f, 0xfd, 0x88, 0x82, 0x88, 0x3f, 0xf8, 0x28,
    0x84, 0x88, 0x7f, 0xf0, 0x11, 0xe, 0x44, 0x3f,
    0xe8, 0xc3, 0xa2, 0xf, 0xfe, 0xa, 0x1f, 0xfc,
    0x68, 0x83, 0xe8, 0x83, 0xf9, 0x10, 0xf9, 0xf,
    0xf2, 0x41, 0xfd, 0xc1, 0xf9, 0xd0, 0xff, 0xfd,
    0xd7, 0xc5, 0x60, 0x57, 0xcb, 0xf0, 0x4b, 0x1,
    0x7c, 0x3f, 0xff, 0xc8, 0x80,

    /* U+4E1C "东" */
    0xf, 0xc8, 0x7f, 0xf2, 0x6c, 0x3f, 0xf8, 0xf0,
    0x87, 0xff, 0x1d, 0x20, 0xff, 0xe0, 0xff, 0x81,
    0xff, 0xfc, 0x0, 0x2e, 0x9, 0x7f, 0xf8, 0x20,
    0xac, 0x8d, 0x7f, 0xf0, 0x43, 0xc9, 0x1, 0xe0,
    0xff, 0xe0, 0xe4, 0x1f, 0xfc, 0x64, 0x8, 0x7f,
    0xf1, 0xa2, 0xf, 0xfe, 0x32, 0xe, 0xb8, 0x6b,
    0xe0, 0xf9, 0x78, 0x25, 0xf8, 0x33, 0xff, 0x43,
    0xff, 0x7, 0xc8, 0x7f, 0x21, 0xfe, 0x6c, 0x3e,
    0x6c, 0x3f, 0xa2, 0xf, 0x94, 0x61, 0xf6, 0x28,
    0x3f, 0x49, 0x87, 0x63, 0x7, 0xfa, 0x4c, 0x2c,
    0x60, 0xec, 0x3d, 0x26, 0x23, 0x1, 0xf9, 0x30,
    0xe9, 0x3, 0x40, 0xfc, 0xa0, 0xf5, 0x80,

    /* U+4E22 "丢" */
    0xf, 0xfe, 0x3a, 0x1f, 0xe5, 0xaa, 0xfe, 0x83,
    0x7f, 0xaa, 0x58, 0x25, 0x41, 0x90, 0x2d, 0x40,
    0x5f, 0xa8, 0x86, 0xbd, 0x52, 0xc2, 0x1f, 0xfe,
    0xb7, 0xfe, 0x4f, 0xfc, 0x1c, 0xbf, 0x1, 0x7f,
    0x6, 0x6b, 0xe4, 0xaf, 0xc1, 0xff, 0xe2, 0x7f,
    0xf9, 0x3f, 0xfc, 0xbf, 0x82, 0x5f, 0xf8, 0xaf,
    0x1, 0xeb, 0xfe, 0xf, 0x4a, 0x83, 0x78, 0x3f,
    0xed, 0x50, 0x74, 0x61, 0xf9, 0xc6, 0xf, 0x31,
    0x87, 0x98, 0x1b, 0x5d, 0xe8, 0x18, 0x76, 0x15,
    0x17, 0x83, 0xd8, 0x6a, 0xef, 0xff, 0x91, 0xc,
    0xb8, 0x3f, 0xea, 0x20,

    /* U+4E24 "两" */
    0x7f, 0xff, 0x90, 0x5, 0xf0, 0x16, 0x9, 0x7c,
    0x35, 0xe0, 0x56, 0x2b, 0xe0, 0xff, 0xf1, 0x3f,
    0xc0, 0xfa, 0x2f, 0xe0, 0xf2, 0xc0, 0x58, 0x25,
    0x83, 0xea, 0xc3, 0x58, 0xac, 0x1f, 0xe4, 0xc2,
    0xc4, 0x3f, 0xf8, 0x39, 0x4, 0x87, 0xff, 0xd,
    0x4, 0x1b, 0xf, 0xfe, 0x1a, 0xa4, 0x48, 0x3f,
    0xe8, 0xa3, 0xc4, 0xa8, 0x3f, 0xc8, 0x90, 0x12,
    0x58, 0x3f, 0x64, 0x14, 0x40, 0x83, 0xfb, 0x14,
    0x8, 0x83, 0x68, 0x7d, 0xe8, 0x2d, 0x41, 0xff,
    0xc7, 0x60, 0xfc, 0x87, 0xff, 0x13, 0xf0, 0x7f,
    0xf2, 0x98, 0x0,

    /* U+4E25 "严" */
    0x3f, 0xff, 0x91, 0xb, 0xf0, 0x16, 0x2, 0xfb,
    0x28, 0x56, 0x5, 0x40, 0xad, 0xc8, 0x15, 0x7,
    0xff, 0x7, 0x83, 0x2d, 0x7, 0xfd, 0x10, 0x74,
    0x28, 0x3f, 0xa5, 0x83, 0xd8, 0x7f, 0xf0, 0x60,
    0xfd, 0xa1, 0xfd, 0x61, 0xe7, 0xf8, 0x1f, 0x3,
    0xfd, 0x7, 0x2f, 0xff, 0x13, 0xd, 0x5f, 0xfc,
    0x54, 0x3f, 0xff, 0xe1, 0xff, 0xc3, 0xc4, 0x3f,
    0xf8, 0xe8, 0x7f, 0xf2, 0x11, 0xf, 0xfe, 0x3e,
    0x41, 0xff, 0xc6, 0x58, 0x3f, 0xf8, 0xea, 0x83,
    0xff, 0x8e,

    /* U+4E2A "个" */
    0xf, 0xfe, 0x9b, 0xe4, 0x3f, 0xf8, 0xd0, 0x20,
    0xff, 0xe2, 0xc2, 0x8c, 0x3f, 0xf8, 0x72, 0x50,
    0x10, 0x7f, 0xf0, 0x64, 0xc1, 0x8c, 0x1f, 0xf4,
    0x98, 0x6c, 0x60, 0xfe, 0x92, 0xf, 0x43, 0x7,
    0xd2, 0x48, 0x14, 0x6, 0x18, 0x33, 0xa6, 0x85,
    0x40, 0x9c, 0x74, 0x60, 0x61, 0xff, 0xc0, 0xc1,
    0x20, 0x70, 0xff, 0xe1, 0x68, 0x1a, 0x7, 0xff,
    0x12, 0x88, 0x87, 0xff, 0x19, 0xf, 0xff, 0xf8,
    0x7f, 0xff, 0xc3, 0xff, 0xca,

    /* U+4E2D "中" */
    0xf, 0xef, 0x7, 0xff, 0xeb, 0xff, 0x3, 0xff,
    0x7, 0xff, 0x33, 0xfc, 0xf, 0xf2, 0x1f, 0xff,
    0xf0, 0xff, 0xe9, 0x7f, 0x81, 0xfe, 0x43, 0xff,
    0x97, 0xff, 0x81, 0xff, 0x83, 0xff, 0xfe, 0x1f,
    0xff, 0x60,

    /* U+4E3A "为" */
    0xf, 0xf2, 0x1f, 0xfc, 0xa, 0x6, 0xa0, 0x7f,
    0xf0, 0x58, 0x24, 0x3f, 0xf8, 0x30, 0xc1, 0xff,
    0xc5, 0xc4, 0x3f, 0xf8, 0xde, 0xf, 0xfe, 0x15,
    0xff, 0x3, 0xff, 0x84, 0x3f, 0xf8, 0xff, 0xf4,
    0x3f, 0xf0, 0x7f, 0xb3, 0xf, 0xfe, 0x2a, 0x21,
    0xff, 0xc8, 0x70, 0xf2, 0x1f, 0x22, 0x16, 0x1f,
    0xfc, 0x18, 0xc5, 0x18, 0x10, 0xfc, 0x81, 0x4,
    0x90, 0x7f, 0xa2, 0xd, 0x30, 0x7f, 0x40, 0x43,
    0xa0, 0xd8, 0x65, 0x18, 0x7f, 0x61, 0xcc, 0x41,
    0xff, 0xc3, 0x61, 0x41, 0xfe, 0x44, 0xa1, 0x40,
    0xeb, 0xf8, 0x32, 0x48, 0x7f, 0xf0, 0x1c, 0x1e,
    0x43, 0xeb, 0xfa, 0x0,

    /* U+4E3B "主" */
    0xf, 0xf2, 0x1f, 0xfc, 0x8a, 0x83, 0xff, 0x8f,
    0x8, 0x7f, 0xf2, 0x22, 0xf, 0xfe, 0x3a, 0xa0,
    0xff, 0x3f, 0xfc, 0xff, 0xf0, 0x7f, 0xf2, 0x50,
    0x3f, 0xf9, 0x3f, 0xf4, 0x1f, 0xff, 0xf0, 0xff,
    0xe2, 0x3f, 0xf2, 0x7f, 0xd0, 0x64, 0x3f, 0xf9,
    0x5f, 0xf2, 0x7f, 0xd0, 0x7f, 0xff, 0xc3, 0xff,
    0x9a, 0x87, 0xff, 0x3, 0xff, 0x81, 0xff, 0xd0,
    0xbf, 0xfc, 0x8c,

    /* U+4E3E "举" */
    0xf, 0xfe, 0x6b, 0x86, 0xb4, 0x3a, 0xc3, 0xf6,
    0x14, 0x41, 0xc8, 0x7c, 0xa1, 0x9, 0x10, 0xb2,
    0xf, 0xa2, 0xa, 0x30, 0x22, 0x83, 0xf7, 0x83,
    0x70, 0x22, 0xe, 0xff, 0xfe, 0x10, 0x3f, 0x42,
    0xf8, 0xb, 0x82, 0x5e, 0xca, 0xec, 0x6b, 0x60,
    0xae, 0x43, 0x98, 0x8b, 0x4, 0x61, 0xfc, 0xc6,
    0x1e, 0x63, 0xf, 0xa8, 0x61, 0xf9, 0x46, 0x1d,
    0xa3, 0xf9, 0x3f, 0x31, 0xc3, 0x8f, 0x97, 0x4,
    0xbd, 0x8e, 0xaa, 0xd, 0x64, 0xeb, 0x3, 0x62,
    0x43, 0xff, 0x8b, 0x21, 0xff, 0xcb, 0xbf, 0xf2,
    0x7f, 0xf0, 0x35, 0xfc, 0x5, 0xfe, 0x3, 0x5f,
    0x92, 0xbf, 0x83, 0xff, 0xee,

    /* U+4E48 "么" */
    0xf, 0xfe, 0x9d, 0x3, 0xff, 0x8e, 0xb0, 0x7f,
    0xf1, 0xe2, 0xf, 0xfe, 0x34, 0x4, 0x3f, 0xf8,
    0xaa, 0x30, 0xee, 0xf, 0xfa, 0x20, 0xec, 0x3f,
    0xf8, 0x18, 0xa0, 0xc8, 0x20, 0xfe, 0xc6, 0xe,
    0x88, 0x3f, 0xb0, 0x41, 0xd8, 0xa0, 0xfd, 0x83,
    0xe, 0x86, 0xf, 0xd8, 0x30, 0xe9, 0x20, 0xff,
    0xb0, 0xe5, 0x18, 0x7f, 0xbc, 0x1c, 0xc4, 0xf,
    0x7, 0xff, 0x5, 0x89, 0x2, 0x61, 0xff, 0x31,
    0x21, 0x40, 0x43, 0xf9, 0x89, 0xe, 0xc8, 0x3f,
    0x31, 0x21, 0xf2, 0x41, 0xe6, 0x24, 0x3c, 0xac,
    0x50, 0x66, 0x7, 0xfe, 0xa8, 0x10, 0x64, 0x24,
    0x3c, 0xba, 0x4, 0x1a, 0x9f, 0xfa, 0xb3, 0x87,
    0x94, 0x1f, 0xfc, 0x2a, 0x0,

    /* U+4E4B "之" */
    0xf, 0xfe, 0x93, 0xc1, 0xff, 0xc7, 0x44, 0x3f,
    0xf9, 0x11, 0x7, 0xff, 0x1d, 0x10, 0xff, 0xe0,
    0x7f, 0xe0, 0x7f, 0xc8, 0x64, 0x3f, 0xf9, 0x37,
    0xff, 0xf0, 0x42, 0x43, 0xff, 0x8b, 0x83, 0xf,
    0xfe, 0x2e, 0x38, 0x7f, 0xf1, 0x1c, 0x60, 0xff,
    0xe2, 0x50, 0x60, 0xff, 0xe2, 0x69, 0x40, 0xff,
    0xe1, 0xb8, 0x34, 0x3f, 0xf8, 0x74, 0x1c, 0x3f,
    0xf8, 0x6e, 0x94, 0xf, 0xfe, 0xb, 0xe8, 0x74,
    0x3f, 0xf8, 0x50, 0x54, 0xf, 0xfe, 0x1e, 0x28,
    0x83, 0xff, 0x87, 0xd, 0x13, 0x83, 0xff, 0x87,
    0x2, 0x47, 0xff, 0xf8, 0x5, 0x3, 0x5c, 0xa0,
    0xff, 0x80,

    /* U+4E50 "乐" */
    0xf, 0xfe, 0x2a, 0x83, 0xf9, 0x6a, 0xdf, 0xa8,
    0x1e, 0xfa, 0xa5, 0xc1, 0x2a, 0xe, 0x40, 0xb5,
    0x5f, 0xd4, 0x43, 0xe6, 0xa5, 0x10, 0x7f, 0xf0,
    0x33, 0xe, 0x90, 0xff, 0xeb, 0x22, 0x1f, 0xfd,
    0xfa, 0xf0, 0x3a, 0xf9, 0xe, 0x5f, 0x4, 0xbf,
    0x61, 0x7f, 0xe0, 0x7f, 0xe8, 0x3f, 0xf9, 0xee,
    0x87, 0xef, 0x7, 0xf4, 0x21, 0xfe, 0x83, 0xec,
    0x83, 0xfb, 0x18, 0x3a, 0x14, 0x1f, 0xec, 0x50,
    0x52, 0x41, 0xff, 0xc0, 0x88, 0x12, 0x61, 0xff,
    0xc1, 0x63, 0x33, 0xb, 0xf0, 0x7e, 0x58, 0x70,
    0xc8, 0x68, 0x3e, 0xa0,

    /* U+4E5F "也" */
    0xf, 0xfe, 0xa7, 0x83, 0xff, 0xae, 0xa0, 0xff,
    0xe4, 0x70, 0x7f, 0xf5, 0x1b, 0xc1, 0xff, 0xc3,
    0xbd, 0x21, 0xff, 0xc0, 0x6c, 0x8, 0xd8, 0x7e,
    0x4f, 0x48, 0x5e, 0x90, 0xf5, 0xe0, 0x9b, 0xc1,
    0xff, 0xc2, 0x41, 0xc8, 0x7f, 0xf0, 0xae, 0x43,
    0xff, 0xd4, 0xa8, 0x43, 0xff, 0x89, 0xd1, 0x20,
    0xff, 0xe2, 0x56, 0xc4, 0x3f, 0xf8, 0x6b, 0x81,
    0xe0, 0xff, 0xe8, 0x21, 0xbc, 0x1f, 0x21, 0xf6,
    0x1f, 0xfc, 0x78, 0x7f, 0xff, 0x82, 0x21, 0xd0,
    0x7f, 0xf0, 0x98,

    /* U+4E60 "习" */
    0x2f, 0xff, 0xe2, 0xa1, 0xff, 0xc9, 0xbf, 0xff,
    0x86, 0x87, 0xff, 0x3b, 0xc8, 0x7f, 0xf1, 0x52,
    0x81, 0xff, 0xc4, 0xa0, 0xe1, 0xff, 0xc4, 0x70,
    0x68, 0x7f, 0xf1, 0x34, 0x83, 0xc8, 0x87, 0xea,
    0x82, 0x90, 0xff, 0xe0, 0xad, 0x6e, 0x1f, 0xfc,
    0x17, 0x91, 0x83, 0xfe, 0xb8, 0x17, 0x7, 0xf3,
    0xe4, 0x6d, 0xf, 0xeb, 0x80, 0xf2, 0x1f, 0xed,
    0x5, 0xc1, 0xff, 0xc1, 0x9f, 0x21, 0xff, 0xc3,
    0x60, 0xff, 0xe0, 0xe2, 0x1f, 0xf7, 0xf8, 0x18,
    0x7f, 0xc8, 0x7a, 0x40,

    /* U+4E66 "书" */
    0xf, 0xfe, 0x95, 0x87, 0xb4, 0x3f, 0xf9, 0x34,
    0xf, 0xfe, 0x3e, 0xad, 0xa, 0xfe, 0x4f, 0xf9,
    0x89, 0xf, 0xfe, 0x33, 0xa8, 0x17, 0xf2, 0x7f,
    0x83, 0x41, 0xff, 0xf2, 0x43, 0xff, 0x9f, 0xff,
    0x27, 0xf8, 0x7d, 0x8, 0x7f, 0xf1, 0xd1, 0xff,
    0x93, 0xff, 0x83, 0xff, 0x96, 0x87, 0xff, 0x1d,
    0xf, 0xfe, 0x5e, 0x1f, 0xfc, 0x78, 0x3f, 0xf8,
    0x95, 0xb0, 0x21, 0xff, 0xc3, 0x58, 0x10, 0x7f,
    0xf0, 0xef, 0xe4, 0x3f, 0xfc, 0x40,

    /* U+4E71 "乱" */
    0xf, 0xfe, 0xa2, 0xf, 0x7, 0xf9, 0x54, 0xfa,
    0xf, 0xfe, 0x7, 0xa8, 0xa0, 0x28, 0x3f, 0xf8,
    0xa, 0xa0, 0x3d, 0x40, 0xff, 0xe0, 0x51, 0x41,
    0xff, 0xf1, 0xbf, 0x3, 0xf8, 0x3f, 0xda, 0xe0,
    0x2f, 0x7, 0xf9, 0xac, 0xa, 0xe0, 0xff, 0xf5,
    0xbf, 0x3, 0xe8, 0x3f, 0xfb, 0x17, 0xf0, 0x7f,
    0xac, 0x3f, 0xff, 0x55, 0xe0, 0xc8, 0x84, 0x87,
    0x97, 0x83, 0xd7, 0xc1, 0xeb, 0xfd, 0x2, 0x43,
    0xb0, 0xff, 0xe1, 0xdf, 0xc0,

    /* U+4E86 "了" */
    0xbf, 0xff, 0x8c, 0x21, 0xff, 0xc7, 0xff, 0xfe,
    0x1a, 0x8, 0x3f, 0xf8, 0x4e, 0x9a, 0x1f, 0xfc,
    0x1a, 0xe, 0x1f, 0xfc, 0x2d, 0x28, 0x1f, 0xfc,
    0x1b, 0x1d, 0xf, 0xfe, 0x12, 0x50, 0x3f, 0xf8,
    0xc8, 0x7f, 0xff, 0xc3, 0xff, 0xfe, 0x1f, 0xfd,
    0xef, 0xe0, 0xff, 0xe4, 0xe1, 0xfc,

    /* U+4E89 "争" */
    0xf, 0xa4, 0x3f, 0xf8, 0xfa, 0x1f, 0xfc, 0x78,
    0x1d, 0x7c, 0x1f, 0xe9, 0x2, 0xff, 0x7, 0xe9,
    0x3f, 0xe4, 0x50, 0x7d, 0xa6, 0x1e, 0x95, 0x7,
    0xd8, 0x1a, 0xf9, 0x5, 0x48, 0x72, 0xff, 0x80,
    0xbb, 0xd, 0xd3, 0xfa, 0x2f, 0xe0, 0xff, 0xf2,
    0xff, 0xf4, 0x5f, 0xc3, 0xe5, 0xff, 0x80, 0xbc,
    0x5, 0xab, 0xfb, 0x2b, 0xc3, 0x40, 0xff, 0xe6,
    0xd7, 0xd9, 0x5e, 0xf, 0x97, 0xf0, 0x17, 0x83,
    0xef, 0xfa, 0x2f, 0xf4, 0x1f, 0xfe, 0x8a, 0xe1,
    0xf, 0xfe, 0x22, 0xc4, 0x1f, 0xf0,

    /* U+4E8B "事" */
    0xf, 0xf5, 0x3, 0xff, 0x90, 0xa0, 0xff, 0x97,
    0xf8, 0xb, 0xfc, 0x35, 0xfc, 0xa, 0xfe, 0x1f,
    0xfe, 0x7, 0xff, 0x6, 0x5f, 0x80, 0xbf, 0x7,
    0xab, 0xe0, 0x57, 0xc1, 0xf5, 0xfc, 0xf, 0xe0,
    0xfe, 0xbf, 0x81, 0xfc, 0x1f, 0xab, 0xe0, 0x57,
    0xc1, 0xe5, 0xf8, 0xb, 0xf0, 0x67, 0xff, 0x3,
    0xfe, 0x42, 0x6b, 0xf0, 0x2b, 0x90, 0xf2, 0xfe,
    0x2, 0xf6, 0x1b, 0xff, 0xc0, 0xfe, 0x8b, 0x6b,
    0xfc, 0xa, 0xe4, 0x65, 0xff, 0x80, 0xbd, 0x9a,
    0x7, 0xff, 0x3, 0xfa, 0xe, 0x6b, 0xf0, 0x2b,
    0xe4, 0x32, 0xfe, 0x2, 0xfc, 0x1f, 0xd5, 0x62,
    0x1f, 0xfc, 0x45, 0x86, 0xf, 0xf0,

    /* U+4E8E "于" */
    0x7, 0xff, 0xf1, 0x50, 0xff, 0xe4, 0xe1, 0xbf,
    0xf0, 0x3f, 0xe8, 0x3f, 0xff, 0xe1, 0xff, 0xd9,
    0xff, 0xf0, 0x3f, 0xf9, 0x41, 0xff, 0xc8, 0x6f,
    0xfe, 0x7, 0xff, 0x7, 0xff, 0xfc, 0x3f, 0xff,
    0xe1, 0xfe, 0xfe, 0xf, 0xfe, 0x2a, 0x1d, 0x87,
    0xf8,

    /* U+4E91 "云" */
    0xb, 0xff, 0xf8, 0x90, 0x7f, 0xf3, 0xff, 0xff,
    0x89, 0x7, 0xff, 0xfc, 0x3f, 0xf8, 0x9f, 0xff,
    0xc8, 0x83, 0xff, 0x93, 0x9f, 0xf0, 0x2f, 0xff,
    0x21, 0xf2, 0x4, 0x3f, 0xf8, 0xd1, 0x86, 0x90,
    0xff, 0xe0, 0x62, 0x1c, 0xc1, 0xff, 0x20, 0x83,
    0xa2, 0xf, 0xf4, 0x61, 0xe4, 0x50, 0x7e, 0xc8,
    0x3f, 0x64, 0x1f, 0x62, 0x83, 0xe5, 0x2, 0xe,
    0x82, 0xa7, 0xfa, 0x80, 0x50, 0x7c, 0xb0, 0x4b,
    0x56, 0x20, 0xd5, 0x7f, 0xaa, 0x5e, 0x20, 0xca,
    0xf, 0xfe, 0xc, 0xc0,

    /* U+4E92 "互" */
    0x1f, 0xff, 0xe3, 0x83, 0xf, 0xfe, 0x4d, 0xf4,
    0xf, 0xff, 0xe0, 0x87, 0xe4, 0x3f, 0xf8, 0xf9,
    0x87, 0xff, 0x75, 0x2f, 0xff, 0x7, 0xfc, 0xbf,
    0xc1, 0xff, 0xc1, 0xaf, 0xe0, 0xff, 0x22, 0x1f,
    0xfc, 0x7c, 0xc3, 0xff, 0xba, 0x97, 0xff, 0x7,
    0xff, 0x2d, 0xf, 0xdf, 0xff, 0x41, 0xff, 0xe1,
    0xc3, 0xab, 0xff, 0x86, 0x56, 0x5f, 0xfe, 0x20,
    0x4b, 0x6f, 0xff, 0xf2, 0x20,

    /* U+4E9B "些" */
    0xf, 0x90, 0xe5, 0x7, 0xff, 0xa, 0x81, 0xac,
    0x3f, 0xfa, 0x76, 0x1f, 0xfc, 0x27, 0x43, 0xff,
    0x8d, 0x43, 0xf, 0xe7, 0xd0, 0x56, 0x94, 0xf,
    0xf2, 0xb0, 0x28, 0xb4, 0x3f, 0xcd, 0x10, 0xad,
    0xf, 0xfe, 0x32, 0x83, 0x68, 0x7f, 0xf1, 0xd0,
    0xfc, 0x8d, 0xe0, 0xff, 0x94, 0x7a, 0x2, 0x20,
    0x7a, 0xc2, 0xa0, 0xcd, 0x3d, 0x10, 0x16, 0x21,
    0xa7, 0xd2, 0x83, 0x3f, 0xe4, 0xa, 0xf, 0xfe,
    0x53, 0xff, 0xfc, 0x28, 0x3d, 0x87, 0xff, 0x26,
    0xff, 0xfe, 0x14, 0x1f, 0xfe, 0x4f, 0xff, 0xe4,
    0x22, 0xff, 0xf2, 0x40,

    /* U+4EA4 "交" */
    0xf, 0xfe, 0x9d, 0xc1, 0xff, 0xc7, 0x84, 0x3f,
    0xf9, 0x8, 0x87, 0xfb, 0xff, 0x92, 0xff, 0xc1,
    0xff, 0xcc, 0xff, 0xfe, 0x40, 0x7c, 0xe8, 0x6f,
    0x21, 0xff, 0x30, 0x7a, 0x24, 0x3f, 0x98, 0x90,
    0xcc, 0x50, 0x3e, 0xa1, 0x21, 0xe7, 0x1c, 0x3b,
    0x4c, 0x83, 0xd3, 0xa6, 0x83, 0x6, 0x4a, 0xc,
    0xa8, 0xa1, 0x83, 0x70, 0x44, 0x1a, 0x30, 0x34,
    0xa, 0x9, 0x44, 0x8, 0x43, 0x21, 0xfd, 0xd,
    0x12, 0xf, 0xfe, 0x1e, 0x28, 0xc3, 0xff, 0xb3,
    0x61, 0xb8, 0x3f, 0xf8, 0x16, 0x97, 0xa1, 0xe4,
    0x3d, 0x79, 0x1d, 0x3, 0xa3, 0x72, 0x3a, 0xb,
    0x83, 0xd7, 0x23, 0x28, 0x7c, 0x87, 0xf9, 0xb9,
    0x40,

    /* U+4EAE "亮" */
    0xf, 0xf2, 0x83, 0xff, 0x91, 0x40, 0xff, 0xea,
    0xff, 0xf0, 0x3f, 0xf8, 0xb, 0xff, 0xc8, 0x5,
    0x7f, 0xf2, 0x3, 0xbf, 0xff, 0x84, 0x1f, 0xea,
    0xff, 0x7, 0xfc, 0xbf, 0xfc, 0x0, 0xff, 0x3f,
    0xfe, 0x43, 0xfa, 0xbf, 0xf8, 0x41, 0xf9, 0x7f,
    0xf8, 0x41, 0xd7, 0xff, 0xf1, 0xa0, 0xcb, 0xff,
    0xc4, 0xf, 0x57, 0xff, 0x10, 0x3f, 0xab, 0xf8,
    0x3f, 0x58, 0x4b, 0xfe, 0xb, 0x83, 0xfb, 0xfa,
    0xe, 0xa0, 0x79, 0x10, 0xff, 0xe0, 0x21, 0xcc,
    0x61, 0xff, 0x21, 0x37, 0x12, 0x1f, 0x5d, 0x88,
    0x24, 0x74, 0x3c, 0xa0, 0x20, 0x81, 0x4e, 0xf,
    0xeb, 0xf8, 0x0,

    /* U+4EB2 "亲" */
    0xf, 0xf2, 0x1f, 0xfc, 0x86, 0x81, 0xff, 0xc7,
    0x44, 0x3f, 0xe7, 0xff, 0x3, 0xff, 0x7, 0xff,
    0x35, 0xfa, 0x2f, 0xf4, 0x5f, 0x7, 0xc9, 0x87,
    0xa1, 0xf, 0xfe, 0x2, 0x1f, 0x21, 0xff, 0xc0,
    0x44, 0x34, 0x61, 0xeb, 0xf9, 0x2f, 0xc9, 0x7f,
    0x1a, 0xff, 0x1, 0x7f, 0x86, 0xbf, 0x81, 0x5f,
    0xc1, 0xff, 0xcc, 0xaf, 0xe0, 0x57, 0xe4, 0xb,
    0xfc, 0x5, 0xfd, 0x83, 0xff, 0x81, 0xff, 0xa0,
    0xf7, 0x83, 0xeb, 0x43, 0xf3, 0x90, 0x7d, 0x94,
    0xf, 0x50, 0x90, 0xf9, 0xc7, 0x42, 0xd3, 0x43,
    0xfd, 0xa5, 0x4, 0x70, 0x3f, 0x7, 0xd6, 0x63,
    0xc1, 0xfa, 0xf, 0xb4,

    /* U+4EBA "人" */
    0xf, 0xf2, 0x1f, 0xfc, 0x9b, 0xf, 0xff, 0xf8,
    0x7f, 0xfa, 0x90, 0x21, 0xff, 0xc6, 0xc1, 0x87,
    0xff, 0x19, 0x2, 0x1f, 0xfd, 0xb8, 0x62, 0xf,
    0xfe, 0x22, 0x48, 0x87, 0xff, 0xd, 0x10, 0x24,
    0x1f, 0xfc, 0x28, 0x81, 0xa, 0xf, 0xfe, 0x6,
    0x21, 0xa2, 0xf, 0xfa, 0x4, 0x19, 0x6, 0x1f,
    0xd2, 0x61, 0xec, 0x18, 0x7d, 0x24, 0x1f, 0xb0,
    0x61, 0xd2, 0x48, 0x7f, 0x40, 0xc2, 0xd2, 0x43,
    0xfc, 0xc0, 0xc3, 0x68, 0x7f, 0xf0, 0x1c, 0x37,
    0x83, 0xff, 0x89, 0xe0,

    /* U+4EC0 "什" */
    0xf, 0xfe, 0x87, 0x7, 0xb8, 0x3f, 0xe8, 0xc3,
    0xe4, 0x3f, 0xe4, 0x43, 0xff, 0x8c, 0x88, 0x7f,
    0xf1, 0xe2, 0xf, 0xfe, 0x32, 0x1f, 0xfc, 0x98,
    0x43, 0xff, 0x8c, 0x87, 0xff, 0x26, 0xc, 0xff,
    0x81, 0xfe, 0x22, 0xf, 0xfe, 0x32, 0xe0, 0x9f,
    0xf0, 0x3f, 0xc0, 0x83, 0xff, 0x8e, 0xc1, 0xff,
    0xc9, 0x43, 0xff, 0xfe, 0x1f, 0xff, 0xf0, 0xff,
    0xf3, 0x70, 0x7e, 0xf0, 0x78,

    /* U+4ECA "今" */
    0xf, 0xf9, 0xf, 0xfe, 0x3b, 0xd0, 0x3f, 0xf8,
    0xd0, 0x14, 0x1f, 0xfc, 0x4c, 0xb2, 0xf, 0xfe,
    0x1c, 0x28, 0x8c, 0x3f, 0xf8, 0x32, 0x40, 0x51,
    0x87, 0xfd, 0xa6, 0x1a, 0x4d, 0xf, 0x9c, 0x71,
    0x41, 0x50, 0x90, 0xea, 0xc, 0xa, 0x21, 0x31,
    0x60, 0x74, 0xa0, 0x59, 0x6, 0x70, 0x72, 0x3a,
    0x1d, 0x18, 0x77, 0x19, 0xc1, 0xf2, 0xc1, 0xe7,
    0x43, 0xfe, 0xa0, 0x7f, 0xf0, 0x3f, 0xff, 0x87,
    0x7, 0xff, 0x43, 0xff, 0xf8, 0x10, 0x20, 0xff,
    0xe3, 0x44, 0x1f, 0xfc, 0x68, 0x50, 0x7f, 0xf1,
    0x54, 0x41, 0xff, 0xc5, 0x63, 0xf, 0xfe, 0x34,
    0x41, 0xff, 0xc6, 0xc5, 0x7, 0xff, 0x19, 0x50,
    0x7e,

    /* U+4ECD "仍" */
    0xf, 0xfe, 0x77, 0x7, 0xff, 0x19, 0xa, 0xbf,
    0xe0, 0xf4, 0x4b, 0xff, 0xc0, 0xe, 0x42, 0x7c,
    0xf, 0xe0, 0xfb, 0x20, 0xff, 0x22, 0x1c, 0x88,
    0x7f, 0xb3, 0xd, 0x7, 0xe4, 0x32, 0x21, 0x90,
    0xff, 0xe1, 0x21, 0xa0, 0xff, 0xe0, 0xa3, 0x45,
    0x83, 0xff, 0x88, 0xaf, 0x12, 0x1c, 0x87, 0x3e,
    0x81, 0xa8, 0x3f, 0x61, 0xfb, 0x60, 0xff, 0xe8,
    0x62, 0x1f, 0xfc, 0x64, 0x3f, 0xf8, 0xe8, 0x7f,
    0x61, 0xfe, 0xc8, 0x3f, 0x90, 0xfc, 0x88, 0x7f,
    0xf1, 0x71, 0xf, 0xc8, 0x7e, 0x81, 0x5, 0x57,
    0x83, 0xf9, 0x20, 0xe5, 0x1, 0xc3, 0xe9, 0x41,
    0xaf, 0xd0, 0x75, 0x8c, 0x1f, 0xfc, 0x10,

    /* U+4ECE "从" */
    0xf, 0xfe, 0x87, 0x83, 0xcf, 0x7, 0xff, 0xfc,
    0x3f, 0xfe, 0x48, 0x7f, 0xf0, 0x90, 0xec, 0x3f,
    0xf8, 0x28, 0x20, 0xff, 0xe4, 0xa6, 0x19, 0xf,
    0xfe, 0xe, 0x69, 0x87, 0xa0, 0xff, 0x23, 0x2,
    0x11, 0x10, 0xff, 0xe1, 0x62, 0x64, 0x87, 0xf9,
    0x10, 0xa4, 0x41, 0x90, 0x7e, 0x8c, 0x26, 0x84,
    0x22, 0x1f, 0xe4, 0x39, 0x10, 0x44, 0x1e, 0x84,
    0x3b, 0x20, 0x91, 0x41, 0xc9, 0x6, 0x80, 0x86,
    0x88, 0x34, 0x21, 0x94, 0x61, 0xca, 0x30, 0x28,
    0x82, 0x62, 0xf, 0xa0, 0x42, 0x41, 0xa2, 0x43,
    0xf6, 0x1b, 0x43, 0x72, 0x1f, 0xea, 0x0,

    /* U+4ED6 "他" */
    0xf, 0xfe, 0x7f, 0x7, 0xbc, 0x1f, 0xf4, 0x61,
    0xff, 0xc7, 0x44, 0xa0, 0x7f, 0xf0, 0xd1, 0x2,
    0x83, 0xff, 0x87, 0x90, 0x7f, 0xcd, 0x87, 0x21,
    0xff, 0x5c, 0x87, 0x21, 0xf9, 0x80, 0x8a, 0xe,
    0x83, 0xee, 0x41, 0xe8, 0x3a, 0xd, 0xe0, 0x36,
    0x1f, 0xe4, 0x39, 0x4, 0x87, 0xfa, 0x30, 0xb8,
    0x3f, 0xf8, 0x5a, 0x1f, 0xfc, 0x86, 0xf, 0xfe,
    0x22, 0x1f, 0xfc, 0x7f, 0x8, 0x7f, 0xf1, 0x95,
    0x40, 0xff, 0xe3, 0x51, 0x5a, 0x1f, 0xfc, 0x24,
    0x3f, 0xf9, 0x1c, 0x1f, 0xfc, 0xec, 0x3f, 0xc9,
    0xd7, 0xda, 0x21, 0xfa, 0x45, 0xf8, 0x10, 0x7f,
    0xaf, 0xff, 0x20,

    /* U+4EE3 "代" */
    0xf, 0x21, 0xd2, 0x1f, 0xfc, 0x3b, 0xc, 0xe0,
    0x83, 0xff, 0x82, 0x87, 0x20, 0x74, 0x3f, 0xa3,
    0xf, 0xd9, 0x21, 0xf9, 0x10, 0xfe, 0xc9, 0xf,
    0x24, 0x1f, 0xf6, 0xa0, 0xf4, 0x21, 0xff, 0xc0,
    0x83, 0xc8, 0x7e, 0x45, 0xa9, 0xf0, 0x68, 0x26,
    0xf9, 0x2a, 0x50, 0x7a, 0xd, 0xa1, 0xcd, 0x3f,
    0x80, 0xa1, 0x5, 0xfa, 0x35, 0x7, 0xd1, 0x87,
    0xe4, 0xc3, 0xf9, 0x41, 0xff, 0x21, 0xfd, 0x40,
    0xff, 0xea, 0xa1, 0xff, 0xca, 0xc4, 0x32, 0x83,
    0xff, 0x84, 0x90, 0x6e, 0xf, 0xfe, 0x2a, 0x12,
    0x1f, 0xfc, 0x48, 0x83, 0x21, 0xff, 0xc3, 0x41,
    0x11, 0x87, 0xff, 0x13, 0x1d, 0x10, 0xff, 0xe2,
    0xe1, 0x61, 0xff, 0xc7, 0xf8, 0x20,

    /* U+4EE4 "令" */
    0xf, 0xfe, 0xa7, 0x90, 0xff, 0xe3, 0x60, 0x83,
    0xff, 0x8b, 0x8c, 0x61, 0xff, 0xc3, 0xc1, 0x28,
    0xc3, 0xff, 0x83, 0x83, 0x4, 0x98, 0x7f, 0xd8,
    0x30, 0xd2, 0x68, 0x7c, 0xe3, 0x9e, 0xa, 0x4a,
    0x7, 0x71, 0x40, 0x46, 0x15, 0x7, 0x47, 0x4,
    0x84, 0xa2, 0x9, 0xc1, 0x44, 0x74, 0x3a, 0x10,
    0xee, 0x33, 0x83, 0xf7, 0x83, 0xce, 0x81, 0xff,
    0xfe, 0x20, 0x72, 0x1f, 0xfc, 0xaf, 0xff, 0xe0,
    0x40, 0x83, 0xff, 0x8a, 0xc4, 0x87, 0xef, 0x21,
    0xcc, 0x48, 0x7f, 0x25, 0xa0, 0xa1, 0x21, 0xfe,
    0xb4, 0xb9, 0x24, 0x3f, 0xf8, 0x34, 0x2, 0x48,
    0x7f, 0xf0, 0xde, 0x5, 0x3, 0xff, 0x8a, 0xe8,
    0xe1, 0xff, 0xc6, 0xb1, 0xf, 0xfe, 0x47, 0x7,
    0x80,

    /* U+4EE5 "以" */
    0xf, 0xfe, 0x5a, 0x13, 0xa1, 0xf7, 0x6, 0xe0,
    0x92, 0xf, 0xfe, 0x3a, 0x41, 0xc8, 0x7f, 0xf0,
    0x21, 0xf, 0xfe, 0x3c, 0x41, 0xff, 0xc6, 0x44,
    0x3d, 0x87, 0xff, 0x2, 0x10, 0xff, 0xe3, 0x3a,
    0x16, 0x1f, 0xfc, 0xa4, 0x3f, 0xf8, 0xc8, 0x7f,
    0xf5, 0xd0, 0xf2, 0x1f, 0xf3, 0xc1, 0xa3, 0xf,
    0xf3, 0x8, 0x64, 0x43, 0xfa, 0x85, 0x2, 0x81,
    0x7, 0xed, 0x24, 0x25, 0x1, 0x41, 0xec, 0x1a,
    0x1a, 0x18, 0x83, 0xf6, 0x19, 0xc6, 0x63, 0x2,
    0x7, 0xd, 0x41, 0x80, 0xa3, 0x11, 0x82, 0x74,
    0xa0, 0x68, 0x11, 0xc1, 0xa1, 0xd0, 0xf6, 0x41,
    0xf7, 0x40, 0xfe, 0xc0,

    /* U+4EEC "们" */
    0xf, 0xfe, 0x6b, 0xa3, 0xa1, 0xff, 0xc2, 0xc4,
    0x48, 0xd, 0x7c, 0x19, 0xd, 0x19, 0xaf, 0x83,
    0x24, 0x12, 0x86, 0xfe, 0xe, 0x84, 0x35, 0x10,
    0xff, 0x21, 0xdc, 0x21, 0xff, 0x41, 0xe4, 0x3f,
    0xf8, 0x8, 0x7f, 0xf2, 0x20, 0xff, 0xe3, 0xa2,
    0x1f, 0xfc, 0x6c, 0x83, 0xff, 0x8d, 0xa1, 0xff,
    0xc7, 0x60, 0xff, 0xff, 0x87, 0xff, 0xdd, 0xf,
    0xfe, 0x25, 0xf4, 0x61, 0xff, 0xc7, 0x50, 0x7f,
    0x21, 0xaf, 0xd0,

    /* U+4EF6 "件" */
    0xf, 0xfe, 0x7f, 0x7, 0xde, 0xf, 0xf2, 0x1d,
    0x7, 0xff, 0xf, 0x20, 0x4a, 0xf, 0xfe, 0x12,
    0x19, 0x10, 0xff, 0xe0, 0xa4, 0x1f, 0xfc, 0x78,
    0x40, 0x83, 0xe0, 0x7f, 0x4, 0x87, 0x40, 0x58,
    0xb, 0xc1, 0x41, 0xf7, 0x50, 0x2b, 0x80, 0x87,
    0x42, 0x1f, 0xfc, 0x18, 0x39, 0x20, 0xff, 0xe0,
    0x44, 0x1b, 0x83, 0xff, 0x84, 0xa0, 0xe4, 0x3f,
    0xf8, 0x34, 0xe, 0xaf, 0x81, 0x5e, 0xf, 0x97,
    0xe0, 0x2f, 0x83, 0xef, 0xf8, 0x1f, 0xe0, 0xff,
    0xff, 0x87, 0xff, 0xfc, 0x3e, 0xf0, 0x7f, 0x78,
    0x3c,

    /* U+4EFB "任" */
    0xf, 0xfe, 0x7f, 0x83, 0xff, 0x8e, 0x88, 0x7c,
    0xab, 0xe4, 0x3a, 0x23, 0xfd, 0x44, 0x8, 0x7f,
    0xf0, 0x90, 0x5f, 0x48, 0x68, 0x81, 0xfa, 0x44,
    0x3f, 0x91, 0xf, 0xfe, 0x34, 0x1f, 0xfc, 0x94,
    0x3f, 0xf9, 0x10, 0x7f, 0xf2, 0x16, 0xd, 0x5e,
    0x4e, 0xb9, 0xc8, 0x32, 0xf8, 0x25, 0xef, 0x41,
    0xdf, 0xe4, 0xbf, 0xa5, 0x7, 0xff, 0x5, 0xf,
    0xff, 0xf8, 0x7f, 0xf9, 0x1a, 0xe4, 0xeb, 0x83,
    0xf9, 0x78, 0x25, 0xe0, 0xfc, 0xff, 0xff, 0x4,
    0x3f, 0xf9, 0x60,

    /* U+4EFF "仿" */
    0xf, 0xfe, 0xa, 0x83, 0xff, 0x81, 0xe0, 0xf5,
    0x3, 0xfe, 0x88, 0x3f, 0xf8, 0xe8, 0x87, 0x92,
    0xf, 0xe4, 0x4a, 0xf2, 0x35, 0xc8, 0x59, 0x8b,
    0xe0, 0x97, 0xb0, 0x91, 0x3e, 0x4b, 0xff, 0x40,
    0x83, 0xf9, 0xf, 0xf9, 0xf, 0xfe, 0x44, 0x1f,
    0xfc, 0x94, 0x3f, 0x27, 0xfe, 0x4, 0x41, 0xff,
    0xc8, 0x50, 0x7f, 0x7f, 0x84, 0x14, 0xf, 0xfe,
    0x9a, 0x1f, 0xfc, 0x74, 0xc3, 0xff, 0x8f, 0x88,
    0x72, 0x1f, 0xfc, 0x14, 0x3f, 0xf9, 0x10, 0x87,
    0xec, 0x3f, 0x94, 0x41, 0xe8, 0x3f, 0xe8, 0x40,
    0xfe, 0x2, 0x1f, 0xa0, 0x40, 0x43, 0xa0, 0xfe,
    0x8c, 0x37, 0xf2, 0x1e, 0xf0, 0x30, 0xff, 0xe1,
    0x0,

    /* U+4F0D "伍" */
    0xf, 0x41, 0xff, 0xc9, 0x58, 0x3f, 0xf9, 0x10,
    0xd7, 0xff, 0x8, 0x3f, 0x97, 0xff, 0x84, 0x1c,
    0x91, 0xf9, 0x3f, 0xf0, 0x74, 0x21, 0xc8, 0x7f,
    0xf6, 0x20, 0xff, 0xe5, 0x21, 0xfc, 0x87, 0xfd,
    0x7, 0xe4, 0x3f, 0xf8, 0xa, 0xe, 0xfa, 0x1f,
    0xf2, 0x14, 0x41, 0x96, 0x2, 0xf0, 0x79, 0x60,
    0xd5, 0x25, 0x78, 0x3a, 0x81, 0xf9, 0xf, 0xfe,
    0x8e, 0x1f, 0xfc, 0x44, 0x3f, 0xfb, 0xe9, 0x87,
    0xff, 0x23, 0xf, 0xfe, 0xf7, 0xc9, 0x7f, 0x25,
    0xc1, 0xf2, 0xff, 0xf0, 0xf0, 0xfa, 0xbf, 0xf8,
    0x68,

    /* U+4F0F "伏" */
    0xe, 0x43, 0xca, 0xf, 0xfe, 0xd, 0x87, 0x70,
    0x10, 0xfe, 0x44, 0x3f, 0xac, 0x3f, 0x44, 0x1f,
    0xd1, 0x87, 0xff, 0x1d, 0x8c, 0x3a, 0x20, 0xff,
    0x96, 0xe, 0x44, 0x3f, 0xf8, 0x14, 0xd, 0x5,
    0x7f, 0x27, 0xfc, 0x12, 0x1f, 0xfc, 0x88, 0x35,
    0xfc, 0xf, 0xf8, 0x50, 0x7f, 0xf0, 0x10, 0xfb,
    0x24, 0x3f, 0xd8, 0x7d, 0xa8, 0x3f, 0x20, 0x43,
    0xe6, 0xf, 0xec, 0x24, 0x3f, 0xf8, 0xa9, 0x90,
    0x7f, 0xf1, 0x11, 0x11, 0xf, 0xfe, 0x1c, 0x46,
    0x41, 0xff, 0xc2, 0xc8, 0xa, 0x20, 0xff, 0xe0,
    0x20, 0x42, 0x85, 0x7, 0xf9, 0x8c, 0x3a, 0x24,
    0x3f, 0x31, 0x7, 0x94, 0x50, 0x3c, 0xc4, 0x87,
    0xd2, 0x21, 0xe5, 0x48, 0x7f, 0x54, 0x1a, 0xc9,
    0xf, 0xf9, 0x40,

    /* U+4F1A "会" */
    0xf, 0xf2, 0x83, 0xff, 0x8e, 0xd4, 0x1f, 0xfc,
    0x56, 0x2, 0x83, 0xff, 0x86, 0xc7, 0x89, 0xf,
    0xfe, 0xb, 0x10, 0x32, 0x81, 0xff, 0x50, 0x90,
    0xb1, 0x83, 0xfb, 0x4d, 0xe, 0xc7, 0x43, 0xac,
    0x70, 0xfd, 0xa5, 0x0, 0xe9, 0x75, 0xfe, 0xe1,
    0xd0, 0x3b, 0x2f, 0xfa, 0x74, 0xf, 0x3, 0xff,
    0xf8, 0x0, 0xb4, 0x3f, 0xfc, 0x3f, 0xff, 0xc8,
    0xf, 0xfe, 0x67, 0xf9, 0x1f, 0xff, 0x83, 0xe5,
    0x10, 0x4e, 0x87, 0xfc, 0xc6, 0x19, 0x24, 0x3f,
    0x98, 0x83, 0xd1, 0x7, 0xe6, 0x24, 0x39, 0xb,
    0xf, 0xa0, 0x5f, 0xea, 0x5, 0x87, 0xfc, 0xba,
    0xb8, 0x8, 0x77, 0xf5, 0x65, 0xed, 0x40,

    /* U+4F20 "传" */
    0xf, 0xfe, 0xa, 0x1f, 0xfc, 0x1f, 0x7, 0x50,
    0x3f, 0xf8, 0x8, 0x87, 0x21, 0xff, 0xc1, 0xcc,
    0x3f, 0xf8, 0xe8, 0x9f, 0x81, 0xff, 0x6, 0x88,
    0xb, 0x4, 0xbf, 0x6, 0x44, 0x15, 0x27, 0x5f,
    0x4, 0x87, 0xe4, 0x3f, 0xf8, 0x10, 0x6a, 0xc0,
    0xaf, 0xe2, 0xc, 0xbc, 0x5, 0xfe, 0x16, 0x3,
    0xf2, 0x5f, 0xfd, 0x10, 0x7c, 0x88, 0x7f, 0x68,
    0x7c, 0x88, 0x7f, 0x98, 0x3f, 0x9f, 0xfc, 0x1f,
    0xfc, 0x5, 0xfc, 0x1f, 0xfc, 0x16, 0xbe, 0x48,
    0x3f, 0xe8, 0x3c, 0x8a, 0xf, 0xf2, 0xb8, 0x34,
    0x41, 0xff, 0x30, 0xf1, 0x10, 0x7f, 0xf0, 0x5e,
    0x1d, 0x60, 0xff, 0xe1, 0xbc, 0x6, 0xf, 0xfe,
    0x2b, 0xc3, 0xa1, 0xff, 0xc5, 0x74, 0x3e, 0xb0,
    0xff, 0xe0, 0x5a, 0x0,

    /* U+4F46 "但" */
    0xf, 0xfe, 0x7f, 0x83, 0xff, 0x8e, 0x88, 0xd7,
    0xfc, 0x1e, 0xc8, 0xb, 0xff, 0x7, 0x90, 0xeb,
    0xfe, 0x43, 0xd1, 0x7, 0xff, 0x1d, 0x10, 0xff,
    0xe3, 0x21, 0xff, 0xc9, 0x83, 0xea, 0xfc, 0x86,
    0x83, 0xf9, 0x7e, 0xe, 0x43, 0xf5, 0xff, 0x21,
    0x64, 0x1f, 0xfc, 0x75, 0x83, 0xff, 0x8f, 0x40,
    0xff, 0xe9, 0x5f, 0xf2, 0x1f, 0xfd, 0x57, 0xff,
    0xe0, 0xff, 0xff, 0xff, 0xff, 0xc, 0x3e, 0x5f,
    0xfe, 0x18, 0x7d, 0x5f, 0xfc, 0x30,

    /* U+4F4D "位" */
    0xf, 0xfe, 0x7f, 0x83, 0x9d, 0xf, 0xf9, 0x10,
    0xe4, 0x83, 0xfe, 0x88, 0x3f, 0xfa, 0x8, 0x87,
    0xf4, 0x47, 0xf9, 0x2f, 0xe4, 0x24, 0x45, 0xff,
    0xe1, 0x4, 0x86, 0xaf, 0xfe, 0x12, 0x8, 0x3d,
    0x21, 0xe7, 0x42, 0x43, 0xe6, 0xf, 0x61, 0xd0,
    0x7f, 0xf0, 0xd1, 0x4, 0x41, 0xe8, 0x43, 0xfd,
    0xa8, 0x3c, 0x98, 0x64, 0x42, 0x60, 0xfe, 0x43,
    0x66, 0x1f, 0xfc, 0x14, 0x39, 0x10, 0xff, 0xe0,
    0xe2, 0x19, 0xf, 0xfe, 0x12, 0x60, 0x8c, 0x3f,
    0xf8, 0xe8, 0x87, 0xff, 0xf, 0x82, 0x43, 0xff,
    0x8f, 0x18, 0x7f, 0xcf, 0xfc, 0x97, 0xf0, 0x79,
    0x7f, 0xf8, 0x81, 0xf5, 0x7f, 0xf0, 0xc0,

    /* U+4F4F "住" */
    0xf, 0xfe, 0xa, 0x1f, 0xfc, 0x7, 0xf, 0x70,
    0x7f, 0xf0, 0x30, 0xf9, 0x20, 0xff, 0x90, 0xfa,
    0x10, 0xff, 0x22, 0x1f, 0x28, 0x3f, 0xd1, 0x9f,
    0xe5, 0x7f, 0x41, 0xe4, 0x5e, 0x9, 0x78, 0x34,
    0x1a, 0xbb, 0x1a, 0xf0, 0x48, 0x7f, 0xf2, 0x20,
    0xff, 0xe4, 0x28, 0x43, 0xff, 0x8d, 0x18, 0x7f,
    0x21, 0xfc, 0xa0, 0xeb, 0xf4, 0x3f, 0xc0, 0xa0,
    0x7f, 0xf1, 0x50, 0xfe, 0xbf, 0x87, 0xf4, 0x1f,
    0xff, 0xf0, 0xff, 0xe7, 0xa1, 0xff, 0xc3, 0xff,
    0x43, 0xfe, 0xf, 0x97, 0xff, 0x86, 0x1f, 0x57,
    0xff, 0xc,

    /* U+4F53 "体" */
    0xe, 0x90, 0xe7, 0x43, 0xfe, 0x90, 0xff, 0xe4,
    0x22, 0x1f, 0xfc, 0x64, 0x43, 0xff, 0x8f, 0x93,
    0xfd, 0x17, 0xf8, 0x32, 0x12, 0xe0, 0xe5, 0xe0,
    0xa0, 0x9a, 0xc8, 0x4d, 0x70, 0x48, 0x7e, 0x42,
    0x43, 0xe8, 0x3f, 0x42, 0x24, 0x1e, 0x43, 0xf2,
    0x66, 0xa0, 0xec, 0x83, 0xd1, 0x5, 0x10, 0x65,
    0x83, 0x94, 0x21, 0x96, 0xa, 0x81, 0xe8, 0xc3,
    0xa2, 0xf, 0xf4, 0x21, 0xf2, 0x41, 0xf9, 0x44,
    0x1f, 0x43, 0x7, 0x98, 0xc3, 0xfb, 0x14, 0x1d,
    0x91, 0xf4, 0x5f, 0x10, 0x7d, 0x28, 0x58, 0x25,
    0x86, 0x43, 0xd0, 0x2b, 0x15, 0x80, 0x87, 0xff,
    0x95, 0xf, 0xfe, 0x28,

    /* U+4F55 "何" */
    0xe, 0x43, 0xff, 0x90, 0xd0, 0x3f, 0xf8, 0xf9,
    0x35, 0xff, 0xc2, 0xc, 0x84, 0xbf, 0xfc, 0x20,
    0x92, 0x1f, 0xff, 0x3, 0xc1, 0x42, 0x1f, 0xfd,
    0xc8, 0x3a, 0xbe, 0xf, 0xe4, 0x39, 0x7e, 0xf,
    0xd0, 0x7c, 0xfd, 0x7, 0xe5, 0x7, 0xff, 0x22,
    0x30, 0xff, 0xe3, 0xa8, 0x3f, 0xf9, 0x14, 0xf,
    0xff, 0x3b, 0x58, 0x3f, 0xf8, 0xcb, 0x7, 0xff,
    0x17, 0xfe, 0xf, 0xff, 0xa5, 0xf8, 0x43, 0xff,
    0x86, 0x86, 0x60, 0xff, 0xe1, 0xff, 0x41, 0x0,

    /* U+4F59 "余" */
    0xf, 0xfe, 0x9b, 0xe4, 0x3f, 0xf8, 0xac, 0x8,
    0x3f, 0xf8, 0xb1, 0xc6, 0x1f, 0xfc, 0x27, 0x21,
    0x8d, 0xf, 0xfa, 0x84, 0x81, 0x89, 0xf, 0xed,
    0x34, 0x33, 0x96, 0x1e, 0xb1, 0xc3, 0xf6, 0xe,
    0x3, 0xa4, 0xff, 0xf8, 0x87, 0x50, 0xeb, 0xe0,
    0x97, 0xb4, 0x4e, 0x5, 0x72, 0x75, 0x81, 0x61,
    0xff, 0xcc, 0xaf, 0xe4, 0xaf, 0xe0, 0x2f, 0xf0,
    0x17, 0xf8, 0x1f, 0xfc, 0x97, 0xfe, 0xf, 0x21,
    0xe4, 0x8, 0x7f, 0x9b, 0xf, 0x9b, 0xf, 0xe8,
    0x83, 0xe5, 0x18, 0x7d, 0x92, 0x1f, 0xa4, 0xc3,
    0xb1, 0x41, 0xfe, 0x93, 0xb, 0x18, 0x39, 0xf,
    0x49, 0x84, 0xc0, 0xbe, 0xf, 0xd2, 0x15, 0x3,
    0xf4, 0x1f, 0x58,

    /* U+4F5C "作" */
    0xf, 0xfe, 0x7f, 0x4, 0xf0, 0x7f, 0xf0, 0x50,
    0xe8, 0x83, 0xff, 0x83, 0x10, 0x7f, 0xf3, 0x20,
    0x7f, 0xf2, 0x14, 0x41, 0x21, 0xff, 0xc3, 0x44,
    0x11, 0x60, 0xff, 0x90, 0x41, 0xc8, 0x87, 0xff,
    0x5, 0xd, 0x90, 0x7f, 0xf0, 0x60, 0xd0, 0xa0,
    0xff, 0xe0, 0xa1, 0xe8, 0x3b, 0xfc, 0x8, 0x90,
    0x58, 0x7f, 0xf0, 0xb5, 0x7, 0xfd, 0xfe, 0x3,
    0x7, 0xff, 0xfc, 0x2f, 0xf4, 0x1f, 0xfc, 0x9c,
    0x3f, 0xf8, 0x7f, 0xe4, 0x3f, 0xff, 0xe1, 0xff,
    0xc2,

    /* U+4F60 "你" */
    0xf, 0xfe, 0x73, 0xa1, 0x58, 0x7f, 0xf0, 0xb1,
    0x9, 0xf, 0xfe, 0x1a, 0x19, 0x10, 0xff, 0xe0,
    0xa4, 0x14, 0x3f, 0xfc, 0x1a, 0x10, 0x20, 0x5f,
    0xc1, 0xc8, 0x74, 0x75, 0xf8, 0x42, 0x83, 0x44,
    0x13, 0x5, 0x10, 0x10, 0xe4, 0x42, 0x90, 0x90,
    0xd0, 0x64, 0x83, 0xfb, 0xc0, 0x44, 0x27, 0x43,
    0xff, 0x83, 0x90, 0x7b, 0xc1, 0xcf, 0x5, 0x61,
    0xf9, 0xe, 0x44, 0x3f, 0xe8, 0x83, 0xd0, 0x87,
    0xf9, 0xf, 0xc9, 0x7, 0xf2, 0x41, 0xf9, 0xf,
    0xf4, 0x21, 0xfb, 0x20, 0xf9, 0x20, 0xfe, 0x44,
    0x3e, 0x84, 0x3f, 0xc8, 0x87, 0xb8, 0x3f, 0xea,
    0x21, 0xf2, 0x3f, 0x7, 0xc8, 0x7f, 0xf0, 0xe0,
    0xff, 0xe2, 0x3f, 0x90, 0xf8,

    /* U+4F7F "使" */
    0xf, 0xfe, 0xa, 0x1f, 0xfc, 0xf, 0x7, 0xd2,
    0x1f, 0xfc, 0x4, 0x3f, 0xf8, 0xe9, 0xb5, 0xe2,
    0xbe, 0xd, 0xc, 0xbe, 0x2, 0xf8, 0x3e, 0xff,
    0x43, 0xfe, 0x9, 0x10, 0xf9, 0x30, 0xfe, 0x83,
    0x57, 0x8a, 0xf0, 0x48, 0x72, 0xf8, 0xb, 0xc1,
    0x41, 0xe7, 0xe8, 0xbe, 0x42, 0x44, 0x3f, 0x90,
    0xec, 0x2c, 0x83, 0xff, 0x8f, 0xc1, 0xe6, 0xac,
    0xae, 0x9, 0x41, 0xf2, 0xc1, 0x2c, 0x1f, 0xf7,
    0xf4, 0x5f, 0xc1, 0xfe, 0xd0, 0xff, 0xe4, 0xc9,
    0x88, 0x7f, 0xf0, 0xf2, 0x50, 0x7f, 0xf1, 0xb2,
    0x10, 0xff, 0xe4, 0xba, 0x1f, 0xfc, 0x16, 0xc6,
    0x4b, 0xd2, 0x83, 0xcf, 0x25, 0x1b, 0x80, 0xd0,
    0x3c, 0x8d, 0xa1, 0x9f, 0xa4, 0x37, 0x1c, 0x87,
    0xf9, 0x80,

    /* U+4F8B "例" */
    0xe, 0x43, 0xff, 0x82, 0x87, 0x70, 0x7f, 0xf0,
    0x68, 0x1f, 0x7f, 0xd0, 0x7f, 0x24, 0x28, 0xb,
    0x6c, 0x1f, 0x42, 0x50, 0xac, 0x88, 0x7e, 0x42,
    0x43, 0xff, 0x85, 0x7, 0x62, 0x1f, 0xfc, 0x4,
    0x39, 0x3f, 0x7, 0xe4, 0x3f, 0xf9, 0x10, 0x74,
    0x7c, 0x1f, 0xc8, 0x86, 0x43, 0x90, 0xfb, 0x20,
    0x90, 0x22, 0x61, 0xf7, 0x6, 0x81, 0x4c, 0x3f,
    0x94, 0x12, 0x38, 0xa1, 0xf, 0xfe, 0x2, 0x46,
    0x88, 0x7f, 0xf0, 0xb0, 0xec, 0x3f, 0xf8, 0xaa,
    0x10, 0xff, 0xe2, 0xc4, 0x13, 0x87, 0xff, 0x2,
    0x2, 0x1f, 0xfc, 0x45, 0x18, 0x7f, 0xf1, 0x18,
    0x83, 0xaf, 0x8c, 0x3d, 0xa, 0xf, 0xe5, 0x7,
    0xb6, 0xf, 0x5f, 0x41, 0xb8, 0x10, 0x7f, 0xf0,
    0x40,

    /* U+4F9B "供" */
    0xe, 0x43, 0x21, 0xca, 0xf, 0xcd, 0x0, 0xc8,
    0x6a, 0x7, 0xec, 0xc3, 0xff, 0x8e, 0x88, 0x7f,
    0xf1, 0x91, 0xf, 0xfe, 0x3c, 0x45, 0x45, 0x70,
    0x2a, 0xf, 0xca, 0x9, 0x70, 0x16, 0xa, 0xd,
    0xe8, 0xbf, 0x3, 0xe0, 0x90, 0xff, 0xe4, 0x61,
    0xff, 0xc8, 0x44, 0x3f, 0xf8, 0xf9, 0x7, 0xff,
    0x1f, 0x83, 0xff, 0x90, 0xa0, 0xdf, 0x45, 0xf8,
    0x1f, 0x21, 0xff, 0xd0, 0xff, 0xfe, 0x1a, 0x1f,
    0xe6, 0x9, 0x83, 0xff, 0x87, 0x28, 0x13, 0x7,
    0xff, 0x7, 0x24, 0x18, 0xc1, 0xff, 0x62, 0x83,
    0x63, 0x7, 0xf6, 0x30, 0x7b, 0x14, 0x1f, 0x63,
    0x7, 0xec, 0x83, 0xed, 0x83, 0xfd, 0x40,

    /* U+4FBF "便" */
    0xf, 0xfe, 0x73, 0xa1, 0xff, 0xc7, 0x87, 0xff,
    0xf8, 0x48, 0x7c, 0xbe, 0x2, 0xfc, 0x14, 0x45,
    0x78, 0x6b, 0xc1, 0x91, 0xf, 0xfe, 0x32, 0x1a,
    0xfe, 0x1f, 0xe4, 0x2c, 0x43, 0x2e, 0x2, 0xe0,
    0xe4, 0x3d, 0x58, 0x6a, 0xc3, 0x41, 0xf2, 0xe1,
    0x76, 0x12, 0x83, 0xea, 0xc0, 0xa9, 0xb, 0x30,
    0xf7, 0xe1, 0xfa, 0xb, 0x43, 0xff, 0x90, 0xc1,
    0xf5, 0x61, 0xab, 0xf, 0xfe, 0x2, 0xe0, 0x2e,
    0xf, 0xf5, 0x3f, 0xf, 0xf2, 0x1f, 0xd6, 0x4,
    0xc3, 0xff, 0x87, 0x19, 0x88, 0x7f, 0xf0, 0xd8,
    0xd4, 0x1f, 0xfc, 0x55, 0x1, 0x90, 0xff, 0xe0,
    0xb6, 0x88, 0xde, 0x94, 0x1e, 0x79, 0x2e, 0xe4,
    0xd, 0x10, 0xe4, 0x6d, 0x9, 0xbd, 0x45, 0x5,
    0xc7, 0x21, 0xfc, 0xa8,

    /* U+4FDD "保" */
    0xf, 0xfe, 0x75, 0x87, 0xff, 0x21, 0xb, 0xff,
    0xe8, 0x3f, 0xf8, 0xb, 0xf0, 0x7e, 0x48, 0x26,
    0xbe, 0xc3, 0xe8, 0x43, 0xff, 0x8c, 0x87, 0xff,
    0x26, 0xf, 0xfe, 0x12, 0x1c, 0x87, 0xcf, 0xfd,
    0x7, 0x41, 0xe5, 0xe0, 0x2e, 0xc0, 0x87, 0xd5,
    0xc3, 0x59, 0x4, 0x61, 0xff, 0xc7, 0xa0, 0x6a,
    0xf6, 0x35, 0xe1, 0x41, 0xcb, 0xc1, 0x2f, 0x83,
    0xeb, 0xf4, 0x13, 0xfc, 0x1f, 0xf3, 0x4, 0xa0,
    0xff, 0xe1, 0xc4, 0x2a, 0x43, 0xff, 0x83, 0x9a,
    0x8, 0x90, 0xff, 0x39, 0x7, 0x65, 0x3, 0xf5,
    0x9, 0xf, 0x63, 0x87, 0x94, 0x68, 0x7e, 0xd0,
    0xf9, 0xb0, 0xff, 0xa8, 0x1f, 0x21, 0xff, 0xc1,
    0x40,

    /* U+4FDE "俞" */
    0xf, 0xe7, 0xd0, 0x7f, 0xf1, 0x68, 0x6, 0xf,
    0xfe, 0x1c, 0x9e, 0x1c, 0x3f, 0xf8, 0xe, 0xac,
    0x1a, 0x68, 0x7f, 0x50, 0xa0, 0x6a, 0x16, 0x86,
    0x6d, 0x1e, 0xbd, 0xa8, 0xb8, 0x65, 0x72, 0xff,
    0xae, 0x16, 0xb8, 0x7f, 0xfc, 0x7, 0x91, 0x55,
    0xf2, 0x1f, 0x72, 0x19, 0x7e, 0xc1, 0xc1, 0xff,
    0x7f, 0x7, 0xff, 0x6f, 0xf8, 0x3f, 0xf8, 0xb5,
    0xc1, 0xff, 0xc5, 0x5e, 0xf, 0xfe, 0x2a, 0xf0,
    0x7f, 0xf1, 0x6b, 0x83, 0xff, 0x8b, 0xfc, 0x19,
    0xf, 0xfe, 0x4d, 0x3, 0xff, 0x82, 0xa8, 0x3a,
    0xac, 0xc3, 0xf7, 0x24, 0x5, 0xc2, 0x83, 0x38,
    0x2f, 0x82, 0x7f, 0x41, 0x0,

    /* U+4FE1 "信" */
    0xe, 0x43, 0xe4, 0x3f, 0xf8, 0xd, 0x3, 0x9a,
    0x7, 0xfd, 0x90, 0x72, 0x21, 0xff, 0x20, 0xaf,
    0x3, 0xaf, 0x4, 0x92, 0xfc, 0x12, 0xf8, 0x28,
    0x57, 0xff, 0xf0, 0xc0, 0x87, 0xff, 0x26, 0xe,
    0xaf, 0xfe, 0x0, 0x48, 0x79, 0x7f, 0xf8, 0x1,
    0x41, 0xef, 0xff, 0xe0, 0x1, 0x10, 0xff, 0xe3,
    0xe4, 0x1d, 0xff, 0xfc, 0x0, 0x70, 0x79, 0x7f,
    0xf8, 0x0, 0x50, 0x7a, 0xbf, 0xf8, 0x1, 0xfe,
    0xaf, 0xfe, 0x0, 0x7f, 0x97, 0xff, 0x80, 0x1f,
    0xfc, 0xf, 0xfc, 0x87, 0xff, 0xb6, 0xbf, 0x21,
    0xff, 0xc1, 0x5f, 0xc1, 0xff, 0xc2, 0xff, 0xc8,
    0x7f, 0xf3, 0x40,

    /* U+5019 "候" */
    0xf, 0xfe, 0x87, 0x7, 0xff, 0x21, 0x30, 0xdf,
    0xfc, 0x1f, 0x62, 0xc0, 0x5f, 0x84, 0x3e, 0x51,
    0x60, 0xaf, 0x83, 0xf2, 0x61, 0xff, 0xc8, 0x84,
    0x27, 0xff, 0xf, 0x83, 0xff, 0x9d, 0x7, 0x9f,
    0x3f, 0xfc, 0x12, 0x1f, 0xa4, 0x3f, 0xe8, 0x3f,
    0x92, 0xbf, 0x4, 0x88, 0x7a, 0x2, 0xfe, 0x9,
    0xc3, 0xe5, 0x7c, 0x3f, 0x82, 0x83, 0xfa, 0xf,
    0xfe, 0x4c, 0xb8, 0x5f, 0x7, 0xfa, 0xbc, 0xa,
    0xe0, 0xff, 0x57, 0x20, 0xae, 0xf, 0xf9, 0x78,
    0x25, 0xc1, 0xff, 0xc2, 0x84, 0x83, 0xff, 0x81,
    0xc1, 0x69, 0x66, 0x87, 0xff, 0x6, 0xc7, 0x4,
    0x51, 0xf, 0xe7, 0x4a, 0x4, 0xe3, 0x7, 0xf2,
    0x3a, 0x1e, 0xe4, 0x35, 0x86, 0xe0, 0xfe, 0x60,

    /* U+502A "倪" */
    0xf, 0xfe, 0x77, 0x83, 0x36, 0x1f, 0xfc, 0x46,
    0xe4, 0x17, 0xf0, 0x72, 0x44, 0x8d, 0x88, 0x7f,
    0xa1, 0xb, 0x90, 0x7e, 0xf, 0xfe, 0x82, 0x21,
    0xff, 0xc7, 0x83, 0xdf, 0x8b, 0xe0, 0xe4, 0x3e,
    0x5c, 0x5, 0x83, 0xb0, 0xfa, 0xb1, 0x58, 0x39,
    0x41, 0xff, 0xc7, 0x48, 0x3f, 0xf9, 0x8, 0x7d,
    0x5f, 0xc1, 0x98, 0x39, 0x17, 0xf8, 0x3f, 0xeb,
    0xc9, 0xf0, 0xfc, 0x1f, 0xfc, 0x4, 0x3f, 0xfa,
    0x7a, 0x1f, 0xc8, 0x87, 0xf6, 0x1f, 0xd1, 0x7,
    0xf6, 0x1f, 0xb1, 0xe, 0x40, 0x87, 0xe7, 0x4,
    0x1e, 0xf4, 0x1f, 0xa0, 0x61, 0xd0, 0x65, 0x7,
    0x95, 0x87, 0x9f, 0xd0, 0x6e, 0x28, 0x1f, 0xfc,
    0x20,

    /* U+503C "值" */
    0xf, 0xfe, 0xa, 0x83, 0xfe, 0xf0, 0x7d, 0x40,
    0xff, 0xea, 0x24, 0x7f, 0x81, 0xfe, 0x42, 0x84,
    0x5f, 0x1, 0x7e, 0xf, 0xab, 0xc0, 0xaf, 0x4,
    0x88, 0x55, 0xc0, 0xac, 0x86, 0x83, 0x97, 0x80,
    0xba, 0x9, 0xf, 0xdf, 0xf8, 0x3a, 0xf, 0x90,
    0xff, 0xe0, 0x22, 0x1e, 0x7f, 0xf0, 0x6c, 0x83,
    0xea, 0xfc, 0x1a, 0x81, 0xf2, 0xff, 0x7, 0x21,
    0xf3, 0xff, 0x83, 0xff, 0x85, 0x5f, 0x83, 0xff,
    0x82, 0xbf, 0xc1, 0xff, 0xc1, 0x5f, 0xe0, 0xff,
    0xe1, 0x57, 0xe0, 0xff, 0xe1, 0x7f, 0xe0, 0xff,
    0xe0, 0xa1, 0xff, 0xc6, 0xa0, 0xd7, 0xe0, 0x50,
    0x3c, 0xa0, 0x2f, 0xe0, 0x28, 0x3d, 0xff, 0xfc,
    0x40,

    /* U+504F "偏" */
    0xf, 0xfe, 0xa, 0x1f, 0xf5, 0x87, 0x9a, 0x7,
    0xf9, 0xf, 0x91, 0xf, 0xe4, 0x4f, 0xf0, 0x3f,
    0xa0, 0xb3, 0x9, 0x7f, 0xc1, 0xc8, 0x81, 0xaf,
    0xf0, 0x64, 0x43, 0xff, 0x8d, 0x87, 0x3f, 0xfe,
    0xc, 0x87, 0x97, 0xfe, 0xc8, 0x3c, 0xd7, 0xfc,
    0x88, 0x7f, 0xf1, 0xd2, 0xe, 0x7f, 0xff, 0x80,
    0xb0, 0x7d, 0x41, 0x92, 0x81, 0x41, 0x90, 0x94,
    0x7, 0x16, 0xf, 0xe4, 0x3f, 0xf8, 0xd9, 0x8a,
    0x3, 0x8b, 0x7, 0xc8, 0x54, 0x19, 0x28, 0x1f,
    0xc8, 0x3c, 0x3c, 0x79, 0xf, 0x24, 0x1f, 0xfc,
    0x68, 0x3f, 0xf9, 0x28, 0x7f, 0x96, 0xf, 0x70,
    0x77, 0xc, 0x44, 0x17, 0x4, 0xe1, 0xe5, 0x79,

    /* U+505A "做" */
    0xf, 0xfe, 0x7d, 0x85, 0x61, 0xd6, 0x1f, 0xc8,
    0x7f, 0xc8, 0x7f, 0xc8, 0x7f, 0xc8, 0x7e, 0x8c,
    0x3f, 0x93, 0xf, 0xc8, 0xaa, 0x25, 0x46, 0x5f,
    0xa0, 0xf6, 0xa0, 0x2c, 0x22, 0xc3, 0x82, 0xa,
    0xf2, 0x7c, 0x95, 0x64, 0x81, 0xf, 0xfa, 0x30,
    0x61, 0x90, 0xff, 0xa0, 0xff, 0x42, 0x1f, 0xd8,
    0xa0, 0x28, 0x34, 0x1a, 0x89, 0x47, 0xc1, 0xfa,
    0x43, 0x28, 0xa, 0x2, 0x28, 0xc2, 0x43, 0xcf,
    0xa0, 0xef, 0x8, 0x7f, 0xf1, 0x97, 0x7, 0xff,
    0x1f, 0x6, 0x1f, 0xfc, 0x74, 0x8, 0x7f, 0xf1,
    0xf0, 0x41, 0xff, 0x35, 0x5, 0xb, 0x83, 0xfe,
    0x50, 0x4a, 0x28, 0x41, 0xfd, 0xfe, 0x63, 0x4,
    0x61, 0xff, 0xc2, 0x88, 0x25, 0x8, 0x7f, 0xf0,
    0x59, 0xd, 0x28, 0x2b, 0xf, 0xd2, 0x1e, 0x80,

    /* U+505C "停" */
    0xf, 0xfe, 0x75, 0xa1, 0xcf, 0x7, 0xfc, 0x88,
    0x72, 0x21, 0xff, 0xc0, 0x4f, 0xf0, 0x3f, 0xc8,
    0x51, 0x8b, 0xff, 0xc2, 0xc, 0x89, 0x5f, 0xfc,
    0x24, 0x8, 0x85, 0xff, 0xf4, 0x1a, 0xf, 0xab,
    0xf0, 0x72, 0x1f, 0x97, 0xf0, 0x74, 0x1f, 0xbf,
    0xf0, 0x64, 0x43, 0xab, 0xff, 0x80, 0xc, 0x83,
    0x97, 0xfe, 0xb, 0x83, 0x5f, 0xff, 0xc2, 0x58,
    0x3d, 0x5f, 0xf2, 0x1f, 0xe5, 0xff, 0xa0, 0xfe,
    0x45, 0xff, 0x7, 0xf5, 0x1a, 0xff, 0x1a, 0x1f,
    0x9f, 0xc9, 0xf8, 0x3f, 0xfe, 0x8, 0x7f, 0xf1,
    0x5a, 0x61, 0xff, 0xc7, 0x50, 0xe1, 0xf0,

    /* U+5085 "傅" */
    0xf, 0xfe, 0xa, 0x83, 0xfe, 0x74, 0x3d, 0x40,
    0x68, 0x7d, 0x8, 0x7f, 0x98, 0x3f, 0x27, 0xf8,
    0x1e, 0x4f, 0x41, 0x46, 0x2f, 0x80, 0xbe, 0xc2,
    0x44, 0xaf, 0x2, 0xbc, 0x86, 0x40, 0xff, 0x3,
    0xf8, 0x34, 0x1e, 0x6a, 0x5, 0x48, 0x72, 0x1e,
    0x96, 0x2, 0xd8, 0x6c, 0x3e, 0xfc, 0xf, 0xa0,
    0x91, 0xf, 0x56, 0x5, 0x48, 0x51, 0x7, 0x97,
    0x1, 0x6c, 0x26, 0xf, 0xbf, 0x3, 0xe8, 0x29,
    0xf, 0xab, 0x2, 0xa4, 0x3f, 0xe5, 0xea, 0x2b,
    0xd0, 0x7f, 0x30, 0x65, 0x1, 0xd0, 0xfd, 0xff,
    0xf0, 0xfc, 0x1e, 0x58, 0x5f, 0x80, 0xa8, 0x3d,
    0x4c, 0x15, 0xe1, 0xa2, 0x1f, 0x99, 0xc3, 0xff,
    0x8e, 0xe9, 0x56, 0x1f, 0xfc, 0x48, 0x58, 0x10,
    0x7f, 0xf1, 0x3f, 0x83, 0x0,

    /* U+50A8 "储" */
    0xf, 0xfe, 0x1a, 0x1f, 0xeb, 0x10, 0xf5, 0x3,
    0xfc, 0x82, 0xc3, 0xfe, 0x90, 0xe4, 0x84, 0xb,
    0xb, 0xc1, 0x93, 0x12, 0x1a, 0x2, 0xb0, 0x85,
    0x8, 0x20, 0x3e, 0x4f, 0x44, 0x1c, 0x84, 0xe1,
    0xfa, 0x10, 0xa3, 0xf, 0xfe, 0x4, 0x41, 0x90,
    0x5f, 0xf, 0xc9, 0xa5, 0xe2, 0xc, 0x86, 0x5c,
    0x12, 0xe1, 0xa, 0x88, 0x1a, 0x80, 0xf5, 0xc4,
    0x1f, 0xe9, 0x50, 0x76, 0xa0, 0xfe, 0xd1, 0xfc,
    0x8c, 0x1f, 0xac, 0xb, 0xc1, 0xff, 0xc1, 0x48,
    0xae, 0xf, 0xfe, 0xf, 0x80, 0x87, 0xff, 0x26,
    0xfc, 0x1f, 0xfc, 0x1d, 0x5, 0x70, 0x7f, 0xf0,
    0x30, 0xcb, 0xc1, 0xfe, 0x41, 0xa0, 0x5e, 0xf,
    0xfe, 0x6, 0x1a, 0xb8, 0x3f, 0xde, 0xe, 0xbf,
    0x7, 0xff, 0x15, 0xf, 0x80,

    /* U+50CF "像" */
    0xf, 0xf9, 0xf, 0xfe, 0x15, 0x86, 0x68, 0x1f,
    0xfc, 0x14, 0x3a, 0x2, 0xf0, 0x7c, 0x88, 0x58,
    0x1a, 0xe4, 0x3d, 0x90, 0xe5, 0xfa, 0x14, 0x1e,
    0x40, 0xc4, 0x84, 0xcc, 0x1e, 0x45, 0x40, 0xbf,
    0x43, 0xf2, 0x14, 0x5, 0x8f, 0xc3, 0xf8, 0x3f,
    0xa0, 0xff, 0xe2, 0x41, 0xf2, 0xe0, 0x2e, 0x9,
    0x41, 0xd9, 0x58, 0x6b, 0x5, 0x18, 0x67, 0xe4,
    0xbf, 0xa4, 0x60, 0xfa, 0xd3, 0x9, 0xe4, 0x90,
    0xd7, 0x9b, 0x5d, 0xc6, 0x87, 0xca, 0xb7, 0x4a,
    0x3, 0xf, 0xee, 0x6d, 0xd2, 0xc4, 0x3f, 0x9b,
    0x6a, 0x43, 0x41, 0xfd, 0x16, 0x6e, 0x66, 0x41,
    0xfb, 0x9a, 0x38, 0x72, 0xa0, 0xf9, 0xf3, 0x40,
    0xf4, 0xa8, 0x39, 0x8b, 0x1b, 0x30, 0xa7, 0xe,
    0x6d, 0x28, 0x8a, 0xd, 0x21, 0xe4, 0x2f, 0xd0,
    0x7c,

    /* U+513F "儿" */
    0xf, 0x48, 0x75, 0x3, 0xff, 0x82, 0xe1, 0xca,
    0xf, 0xff, 0xf8, 0x7f, 0xff, 0xc3, 0xff, 0x88,
    0x87, 0xff, 0xfc, 0x3f, 0xf8, 0x19, 0x87, 0xff,
    0x1d, 0x10, 0xff, 0xe0, 0x70, 0x7f, 0xf3, 0xa1,
    0xf, 0xfe, 0x32, 0x88, 0x3f, 0xf8, 0xd1, 0x7,
    0xff, 0x5, 0x9, 0xc5, 0x7, 0xf7, 0xe8, 0xc8,
    0x10, 0x7e, 0xd0, 0xe9, 0x27, 0xf, 0xf5, 0xfc,
    0x81, 0x83, 0xff, 0x8e,

    /* U+5143 "元" */
    0x5, 0xff, 0xfc, 0x40, 0xff, 0xe5, 0x21, 0xaf,
    0xff, 0xe2, 0x21, 0xff, 0xf8, 0x6b, 0xff, 0x90,
    0x6b, 0xff, 0xc8, 0x2f, 0xe0, 0x7e, 0x4b, 0xfc,
    0x1f, 0xfc, 0x34, 0x3f, 0xfd, 0xc8, 0x7f, 0xf1,
    0xd0, 0xff, 0xe0, 0xd0, 0x3d, 0x18, 0x7f, 0xf0,
    0x10, 0xe4, 0x8, 0x7f, 0xf1, 0xa2, 0xf, 0xfe,
    0x36, 0x28, 0x3e, 0x43, 0x21, 0x58, 0xc1, 0xec,
    0xbf, 0x8, 0xa1, 0x83, 0xe5, 0x7, 0x30, 0xdc,
    0x1f, 0xd7, 0xf4, 0x0,

    /* U+5148 "先" */
    0xf, 0xfe, 0x7a, 0x19, 0xe0, 0xff, 0xe1, 0x58,
    0x7f, 0xf1, 0xd1, 0xf, 0xfe, 0x3c, 0x61, 0xff,
    0xc9, 0xbe, 0x87, 0xfe, 0x43, 0x42, 0xf8, 0xb,
    0xf8, 0x32, 0x57, 0x63, 0x5f, 0x6, 0x88, 0x3f,
    0xf9, 0x28, 0x7f, 0xf1, 0xec, 0x3f, 0xf8, 0xff,
    0xfd, 0xf, 0xfe, 0x85, 0xf0, 0x17, 0x1, 0x7d,
    0x95, 0xe0, 0x56, 0x5, 0x79, 0xf, 0xfe, 0x92,
    0x1f, 0xfc, 0x78, 0xc3, 0xfe, 0xd0, 0xf2, 0x21,
    0xff, 0xc0, 0xc3, 0xb1, 0xf, 0xfe, 0xe, 0x13,
    0x82, 0xf, 0xf9, 0xd, 0x40, 0x61, 0xfb, 0xf4,
    0x24, 0x96, 0x1f, 0x41, 0xe8, 0x13, 0xa1, 0xf9,
    0xff, 0x20,

    /* U+5149 "光" */
    0xf, 0xfe, 0xa7, 0x7, 0xff, 0x5, 0xf, 0xfe,
    0x12, 0x1d, 0xc8, 0x7f, 0xf0, 0x39, 0xd, 0x10,
    0x7f, 0xd0, 0xa0, 0xcc, 0x61, 0xfc, 0xa2, 0xf,
    0x28, 0x83, 0xe6, 0x30, 0xfd, 0x8, 0x7d, 0x90,
    0x7f, 0xbc, 0x1f, 0x5a, 0x1f, 0xfc, 0xfb, 0xff,
    0x87, 0xff, 0x83, 0xff, 0x97, 0x7f, 0x27, 0xe0,
    0x7f, 0xc1, 0xf2, 0x1f, 0xfe, 0xc4, 0x3e, 0x88,
    0x3f, 0xeb, 0xf, 0x22, 0x1f, 0xfc, 0x6c, 0x43,
    0xff, 0x8a, 0xe0, 0x83, 0xe4, 0x3f, 0x50, 0x18,
    0x79, 0x2f, 0xc2, 0x48, 0xe1, 0xf4, 0x87, 0x31,
    0x3c, 0x1f, 0xd7, 0xf4, 0x0,

    /* U+514B "克" */
    0xf, 0xf4, 0x87, 0xff, 0x21, 0x83, 0xff, 0xab,
    0x5f, 0xc0, 0xaf, 0xe1, 0x7f, 0xc0, 0x5f, 0xe1,
    0xff, 0xe0, 0x7f, 0xf0, 0x7f, 0xf3, 0xab, 0xe0,
    0x57, 0xc1, 0xe5, 0xf8, 0xb, 0xf0, 0x7e, 0xff,
    0xfe, 0x0, 0x7f, 0xff, 0xcf, 0xff, 0xe0, 0x7,
    0xe5, 0xc0, 0x58, 0x25, 0xc1, 0xea, 0xc0, 0xac,
    0x57, 0x7, 0xf2, 0x21, 0xfe, 0xb0, 0xfb, 0x30,
    0xff, 0xe3, 0x28, 0x43, 0xff, 0x8b, 0x43, 0xf,
    0xfe, 0x25, 0xa6, 0x1f, 0x56, 0xd0, 0x3a, 0x38,
    0x79, 0x42, 0xc0, 0xc5, 0x5c, 0x1f, 0xaf, 0xf0,
    0x0,

    /* U+5165 "入" */
    0xf, 0xfe, 0x7f, 0xf8, 0x3f, 0xf9, 0x50, 0x7f,
    0xf0, 0xff, 0x84, 0x3f, 0xfc, 0x8, 0x7f, 0xf1,
    0x90, 0x61, 0xff, 0xc6, 0xc3, 0xff, 0x92, 0x81,
    0xf, 0xfe, 0x2a, 0x28, 0x43, 0xff, 0x89, 0x14,
    0x20, 0xff, 0xe1, 0xa2, 0x1f, 0xfc, 0x78, 0x81,
    0x10, 0x7f, 0xf0, 0x61, 0x9, 0x14, 0x1f, 0xf2,
    0x88, 0x34, 0x41, 0xff, 0x44, 0x1c, 0xa3, 0xf,
    0xec, 0x90, 0xf4, 0x8, 0x3e, 0xc5, 0x7, 0xec,
    0x60, 0xec, 0x60, 0xff, 0x63, 0x1, 0xc6, 0xf,
    0xfe, 0x6, 0x38, 0x8c, 0x1f, 0xfc, 0x2c, 0x37,
    0x7, 0xff, 0x13, 0xc0,

    /* U+5168 "全" */
    0xf, 0xfe, 0x9b, 0xe4, 0x3f, 0xf8, 0xd0, 0x20,
    0xff, 0xe2, 0xe5, 0xc, 0x3f, 0xf8, 0x78, 0xb8,
    0xc3, 0xff, 0x83, 0x8c, 0x9, 0x30, 0xff, 0x38,
    0xc1, 0xa4, 0xd0, 0xfa, 0x85, 0x3, 0xd4, 0x28,
    0x1a, 0xd3, 0x43, 0xf3, 0x8f, 0x12, 0x47, 0xff,
    0xf0, 0x8, 0x54, 0xeb, 0xf0, 0x17, 0xed, 0x44,
    0xa, 0xf0, 0x2b, 0xc0, 0x83, 0xff, 0xc9, 0xff,
    0x3, 0xfe, 0xf, 0x21, 0xff, 0xc9, 0xbf, 0xc0,
    0xff, 0x83, 0xff, 0xf5, 0xff, 0xc0, 0xff, 0xe0,
    0x2f, 0xff, 0x20,

    /* U+516B "八" */
    0xf, 0xa4, 0x37, 0x83, 0xff, 0x84, 0xc1, 0xff,
    0xc9, 0x43, 0xff, 0xba, 0x87, 0x90, 0xff, 0xe2,
    0x61, 0xe4, 0x3f, 0xf8, 0xf8, 0x7f, 0xf0, 0xb0,
    0xfd, 0x87, 0xff, 0x1, 0x10, 0xc8, 0x87, 0xff,
    0x55, 0x10, 0xf2, 0x21, 0xfe, 0xcc, 0x3d, 0x98,
    0x7f, 0x91, 0xf, 0x22, 0x1f, 0xc8, 0x7f, 0xf0,
    0x10, 0xfd, 0x10, 0x7e, 0x88, 0x3e, 0x40, 0x87,
    0xe4, 0x10, 0x7a, 0x20, 0xff, 0x42, 0x1d, 0xa,
    0xf, 0xf2, 0x8c, 0x29, 0x20, 0xff, 0xe0, 0x40,
    0xc5, 0x10, 0x7f, 0xf0, 0xb0, 0x48, 0xa0, 0xff,
    0xe1, 0xc4, 0x70, 0x7f, 0xf1, 0x1c,

    /* U+516C "公" */
    0xf, 0xfe, 0x8b, 0x6, 0xe0, 0xff, 0xe1, 0x48,
    0x72, 0x1f, 0xfc, 0x14, 0x43, 0x22, 0x1f, 0xfc,
    0x8, 0x83, 0x44, 0x1f, 0xf4, 0x41, 0xe4, 0x83,
    0xf9, 0x42, 0x1e, 0x84, 0x3f, 0xa3, 0xf, 0xd1,
    0x87, 0xd9, 0x7, 0xf2, 0x88, 0x3b, 0x14, 0x15,
    0xa1, 0xa1, 0x82, 0xc1, 0x6, 0x44, 0x3b, 0x1c,
    0x41, 0x86, 0x88, 0x3e, 0xc0, 0xb6, 0x1c, 0x88,
    0x7e, 0xd4, 0x41, 0xd9, 0x4, 0xa0, 0xe8, 0x3e,
    0x45, 0x5, 0x40, 0xff, 0xe0, 0xc4, 0x1b, 0x30,
    0xff, 0xb2, 0xf, 0x24, 0x1f, 0xd0, 0xa0, 0xf4,
    0x21, 0xfa, 0x48, 0x3f, 0x46, 0x1e, 0x50, 0xd6,
    0xfe, 0x81, 0x7, 0xe5, 0xe0, 0xe5, 0x8, 0x73,
    0x5b, 0xff, 0x54, 0x41, 0xcb, 0x83, 0xfc, 0xd0,
    0x0,

    /* U+5171 "共" */
    0xe, 0x50, 0x7c, 0xa0, 0xff, 0xb9, 0xf, 0x50,
    0x3f, 0xff, 0xbf, 0x92, 0xff, 0x3, 0xf2, 0x1f,
    0xfc, 0x9c, 0x1f, 0x92, 0xff, 0x3, 0xf4, 0x1f,
    0xff, 0xf0, 0xff, 0xec, 0x7f, 0x25, 0xfe, 0x7,
    0xf0, 0x87, 0xff, 0x26, 0xff, 0xfe, 0x40, 0x7c,
    0xe1, 0xd4, 0xf, 0xfe, 0x3, 0x8, 0x65, 0x68,
    0x7f, 0x50, 0x90, 0xda, 0x50, 0x3c, 0xe9, 0xa1,
    0xea, 0xe, 0x1a, 0x83, 0x87, 0xf3, 0xa6, 0x81,
    0x38, 0x3f, 0xf8, 0x14, 0xd, 0x61, 0xff, 0xc3,
    0x74,

    /* U+5173 "关" */
    0xe, 0x43, 0xf9, 0x83, 0xf9, 0xb0, 0xfd, 0x28,
    0x3f, 0x20, 0x83, 0xd8, 0xa0, 0xfe, 0xc5, 0x6,
    0x81, 0x7, 0xfd, 0x7, 0x28, 0xc3, 0xf5, 0x6c,
    0xeb, 0x2, 0xb8, 0x32, 0xf0, 0xb8, 0x25, 0xe0,
    0xdf, 0xf8, 0x1f, 0xf8, 0x3f, 0xff, 0x35, 0xfc,
    0xa, 0xfe, 0x17, 0xfc, 0x5, 0xfe, 0x1f, 0xfc,
    0x82, 0xff, 0xc1, 0xfe, 0x41, 0x7, 0xff, 0x16,
    0x10, 0x21, 0xff, 0xc3, 0x51, 0x64, 0x87, 0xff,
    0x5, 0x88, 0x11, 0x21, 0xff, 0x71, 0xa0, 0x62,
    0x81, 0xfa, 0xc1, 0x87, 0x30, 0xf0, 0x6b, 0x4b,
    0xf, 0x9d, 0x1f, 0x1, 0x1d, 0xf, 0xf5, 0xa1,
    0xae, 0xf, 0xfe, 0x15, 0xe0,

    /* U+5175 "兵" */
    0xf, 0xfe, 0x2b, 0x7, 0xfc, 0xb5, 0x3f, 0x48,
    0x7c, 0xfd, 0x52, 0x82, 0x6c, 0x3f, 0xcd, 0x5f,
    0xd2, 0x1f, 0xea, 0x2c, 0x1f, 0xff, 0x1b, 0xff,
    0xf8, 0x41, 0xf9, 0x7e, 0x9, 0x70, 0x7d, 0x5f,
    0x92, 0xb8, 0x3f, 0xfe, 0xed, 0x62, 0xbf, 0x25,
    0x78, 0x58, 0x25, 0xf8, 0x25, 0xf7, 0xff, 0xf2,
    0x43, 0xee, 0xd, 0x70, 0x7f, 0xd6, 0x1e, 0xc7,
    0x43, 0xe7, 0x4a, 0x6, 0x74, 0xa0, 0x67, 0x87,
    0x43, 0xea, 0xf, 0x2, 0x1e, 0xf, 0xf3, 0xa2,
    0xe, 0x81, 0xff, 0xc2, 0xb8,

    /* U+5176 "其" */
    0xf, 0xfe, 0x77, 0x83, 0xf9, 0xd0, 0xff, 0xe7,
    0xd4, 0xa, 0xff, 0x15, 0x85, 0xc0, 0x5f, 0xe0,
    0x96, 0x1f, 0x81, 0xff, 0xd1, 0x7c, 0x1f, 0xfd,
    0x1a, 0xff, 0x7, 0xff, 0x1, 0x7f, 0x83, 0xff,
    0x83, 0xff, 0xd0, 0x7f, 0xf5, 0xab, 0xfc, 0x1f,
    0xfc, 0x5, 0xfe, 0xf, 0xfe, 0xf, 0xff, 0x41,
    0xff, 0xd0, 0xac, 0xa, 0xff, 0x15, 0x80, 0xb0,
    0x17, 0xf8, 0x25, 0xd7, 0xff, 0xf2, 0x10, 0xf5,
    0xa1, 0xbc, 0x87, 0xfa, 0xd6, 0xc, 0x96, 0x87,
    0xad, 0x28, 0x1d, 0x71, 0x70, 0x5a, 0x5a, 0x1f,
    0x9e, 0x18, 0xf, 0x90, 0xff, 0xe0, 0x3d, 0x0,

    /* U+5185 "内" */
    0xf, 0xca, 0xf, 0xfe, 0x25, 0x3, 0xff, 0xc1,
    0x7f, 0xc0, 0xff, 0xa4, 0x3f, 0xf8, 0x88, 0x3f,
    0xc0, 0xff, 0x7, 0xfc, 0x87, 0xff, 0x55, 0xf,
    0xfe, 0x2c, 0x30, 0x7f, 0xf0, 0x51, 0x18, 0x3f,
    0xf8, 0x11, 0x63, 0x7, 0xfb, 0x20, 0x63, 0x7,
    0xec, 0x50, 0x58, 0xc1, 0xec, 0x60, 0xec, 0x43,
    0xe6, 0xf, 0xb8, 0x3d, 0xc1, 0xfc, 0x87, 0xff,
    0x99, 0xfc, 0x1f, 0xfc, 0x7c, 0x3f, 0xe7, 0xf8,

    /* U+518C "册" */
    0xf, 0xfe, 0x6f, 0xfc, 0x7, 0xfc, 0x87, 0xcb,
    0x7, 0xca, 0xf, 0xf5, 0x41, 0xee, 0x98, 0x7f,
    0xff, 0xc3, 0xff, 0xb7, 0x78, 0x1f, 0x3, 0xd1,
    0xf8, 0xbe, 0x50, 0x16, 0x2, 0x80, 0xb8, 0xb,
    0x50, 0x15, 0x2, 0x89, 0x58, 0xa8, 0x3f, 0xf9,
    0xc8, 0x7f, 0xf7, 0xf0, 0xf9, 0xf, 0xf9, 0xf,
    0xfe, 0x4e, 0x21, 0xf9, 0xf, 0xf2, 0x83, 0xe8,
    0xc2, 0x43, 0xa3, 0x29, 0x88, 0x8a, 0xf4, 0x1c,
    0x88, 0xa1, 0x92, 0xe, 0x50, 0x5e, 0x7, 0xd0,
    0xc8, 0xfd, 0x4,

    /* U+518D "再" */
    0x2b, 0xff, 0x90, 0x5, 0xff, 0xe3, 0x85, 0xff,
    0xc3, 0xff, 0xa0, 0xff, 0xe7, 0x57, 0xc3, 0x5e,
    0x43, 0xcb, 0xf0, 0x17, 0xd8, 0x7c, 0xff, 0xf,
    0xf0, 0x7f, 0xfa, 0x5f, 0xe1, 0xfe, 0xf, 0xf2,
    0xf0, 0x17, 0x83, 0xf9, 0xae, 0x1a, 0xe0, 0xff,
    0xe7, 0xd3, 0x1a, 0xd8, 0xd6, 0xc6, 0x80, 0x42,
    0x5c, 0x12, 0xe0, 0x96, 0xbc, 0x3f, 0xff, 0xc0,
    0x1f, 0x21, 0xff, 0xda, 0x43, 0xff, 0x8a, 0xfd,
    0x18, 0x7f, 0xf2, 0x14, 0x1f, 0xfc, 0x37, 0xf4,
    0x18,

    /* U+5199 "写" */
    0x1f, 0xff, 0xe3, 0x41, 0xff, 0xcc, 0xbf, 0xff,
    0x86, 0x1f, 0x78, 0x3f, 0xfb, 0xe, 0x85, 0x5f,
    0xf1, 0xc1, 0xf2, 0xff, 0xc1, 0xf2, 0x3f, 0xff,
    0x7, 0xf6, 0x1f, 0xfd, 0xbc, 0xbf, 0xff, 0x80,
    0x87, 0x6b, 0xff, 0xc0, 0xf, 0xcd, 0x7f, 0xf0,
    0x10, 0xff, 0xe5, 0x20, 0xff, 0xfe, 0x14, 0x21,
    0xff, 0xcd, 0xff, 0xfe, 0x14, 0x1f, 0xfc, 0x94,
    0x3f, 0xf8, 0x75, 0xb8, 0x83, 0xff, 0x82, 0xb8,
    0x12, 0x0,

    /* U+519B "军" */
    0x7, 0xff, 0xf1, 0xc3, 0x97, 0xff, 0x86, 0x1e,
    0x6b, 0x65, 0x7f, 0x7, 0xfd, 0x21, 0xff, 0xc2,
    0xe0, 0xa1, 0xf, 0xef, 0x1, 0xfe, 0x47, 0xff,
    0xe0, 0x2f, 0x4, 0xbf, 0xfc, 0x0, 0xaa, 0xc1,
    0xd7, 0xff, 0x0, 0x3d, 0x18, 0x5c, 0x1f, 0xfc,
    0x18, 0x83, 0x90, 0xff, 0xe0, 0x28, 0xeb, 0x2,
    0xbe, 0xf, 0xcb, 0xc0, 0x5f, 0x83, 0x9f, 0xf8,
    0x1f, 0xf0, 0x7f, 0xf8, 0xeb, 0xfc, 0xa, 0xfe,
    0x5f, 0xf8, 0xb, 0xfe, 0xff, 0xf0, 0x3f, 0xf8,
    0x3f, 0xfe, 0xc0,

    /* U+51AF "冯" */
    0xf, 0xfe, 0x57, 0x83, 0x7f, 0xfd, 0x4, 0x88,
    0x48, 0x7f, 0xf0, 0xa2, 0xa, 0xff, 0xd1, 0x86,
    0x88, 0x37, 0x7, 0xff, 0x1, 0x10, 0x90, 0xfe,
    0x43, 0xa2, 0xd, 0x87, 0x61, 0xf2, 0x1b, 0xf,
    0xfe, 0x27, 0x6, 0x43, 0x90, 0xff, 0xe8, 0xa1,
    0x27, 0xf8, 0x1e, 0x43, 0x58, 0x10, 0xff, 0xe1,
    0xc4, 0xb, 0xff, 0x90, 0xe4, 0x43, 0xff, 0x84,
    0x81, 0x10, 0xff, 0xe3, 0x64, 0x7f, 0xfc, 0x1e,
    0x42, 0x5f, 0xf8, 0x3a, 0x20, 0x57, 0xfc, 0x21,
    0x22, 0x1f, 0xfc, 0x54, 0x43, 0xfa, 0xaf, 0x84,
    0x78, 0x3f, 0x96, 0x9, 0x80,

    /* U+51B2 "冲" */
    0xf, 0xfe, 0xf, 0x7, 0xd4, 0xf, 0xfe, 0x3a,
    0xc1, 0xff, 0xc6, 0xc8, 0x3f, 0xf8, 0xe8, 0x83,
    0xfc, 0x3f, 0xd0, 0x22, 0xf, 0xfe, 0x3a, 0x41,
    0x7e, 0x1f, 0xc1, 0xd3, 0x7, 0xff, 0x1e, 0xf,
    0xfe, 0xee, 0x87, 0xff, 0x1a, 0xf, 0xfe, 0x42,
    0x21, 0x7e, 0x1f, 0xc1, 0xe4, 0x3f, 0xf8, 0xd1,
    0x83, 0xfc, 0x3f, 0xd0, 0x11, 0xf, 0xfe, 0x2a,
    0x21, 0xff, 0xc6, 0xcc, 0x3f, 0xf8, 0xc8, 0x87,
    0xff, 0x1d, 0xf, 0xfe, 0x3f, 0x7, 0xff, 0x6c,

    /* U+51B3 "决" */
    0xf, 0xf9, 0x83, 0xff, 0x91, 0x21, 0xfe, 0xf0,
    0x7f, 0xf2, 0x11, 0xf, 0xfe, 0x3c, 0x41, 0x56,
    0x5, 0x78, 0x39, 0x10, 0x2e, 0x2, 0xf8, 0x3b,
    0x20, 0x7e, 0x7, 0xe4, 0x3c, 0x81, 0xf, 0xfe,
    0x3c, 0xa0, 0xff, 0xe3, 0xb0, 0x7f, 0xf7, 0x94,
    0x1f, 0xfc, 0x8a, 0x3f, 0xc0, 0xfc, 0x9e, 0x43,
    0x97, 0xc1, 0x2f, 0xe0, 0x22, 0x56, 0xc0, 0xd7,
    0xc1, 0x64, 0x1d, 0x81, 0xf, 0xf2, 0x1f, 0x26,
    0x61, 0xf9, 0x10, 0xec, 0x84, 0xc3, 0xec, 0x83,
    0x62, 0x89, 0x30, 0xf2, 0x19, 0xc6, 0xa, 0x6,
    0x84, 0x88, 0x28, 0x30, 0x76, 0x96, 0x8d, 0xd,
    0x28, 0x1f, 0x50, 0x10, 0x10, 0x4e, 0x87, 0xf3,
    0xd0,

    /* U+51B5 "况" */
    0xf, 0xfe, 0x5f, 0x83, 0x5f, 0xff, 0x41, 0x22,
    0x12, 0x1f, 0xf2, 0x14, 0x41, 0xdf, 0xfc, 0x1e,
    0x44, 0x3f, 0xf8, 0xf1, 0x7, 0xff, 0x21, 0x10,
    0xff, 0xe3, 0xca, 0xf, 0xfe, 0x44, 0x1f, 0xfc,
    0xea, 0xfe, 0xf, 0xd0, 0x65, 0xfe, 0xf, 0x95,
    0x1f, 0x3, 0xe1, 0xf8, 0x3a, 0x20, 0xff, 0xe7,
    0xa1, 0xff, 0xc0, 0x88, 0x32, 0x1f, 0xfc, 0x24,
    0x43, 0x66, 0x1f, 0xb8, 0x44, 0x39, 0x10, 0xff,
    0xb3, 0xd, 0x10, 0x7f, 0xf0, 0x11, 0xa, 0x44,
    0x3f, 0xda, 0x21, 0x69, 0x87, 0x9e, 0xc0, 0xd0,
    0x18, 0xe1, 0xe8, 0x8, 0xa1, 0xa, 0xa0, 0xf9,
    0xfd, 0x0,

    /* U+51C6 "准" */
    0xf, 0xe5, 0x7, 0xff, 0x5, 0xf, 0x50, 0x2f,
    0x7, 0xd4, 0x43, 0x21, 0xc8, 0x7e, 0xc8, 0x36,
    0x41, 0x44, 0x1e, 0x40, 0x84, 0x9d, 0x61, 0xac,
    0x82, 0x20, 0x20, 0x5e, 0x2, 0xe0, 0x90, 0x24,
    0x3f, 0x93, 0xf9, 0xa, 0x2, 0x1f, 0xfc, 0x67,
    0x60, 0xff, 0xe4, 0x42, 0x35, 0x92, 0xb8, 0x3c,
    0x90, 0x17, 0x1, 0x78, 0x3d, 0x60, 0x7f, 0x27,
    0xf0, 0x66, 0xf, 0xfe, 0x46, 0x87, 0xff, 0x21,
    0x10, 0x9f, 0xc9, 0xfc, 0x12, 0x21, 0xcb, 0x80,
    0xbc, 0x16, 0x61, 0x9a, 0xc9, 0x5c, 0x12, 0x21,
    0xff, 0xdc, 0x44, 0x39, 0xac, 0x95, 0xc9, 0x10,
    0x79, 0x70, 0x17, 0xb2, 0x43, 0xcf, 0xff, 0xd0,
    0xc1, 0xff, 0xc7,

    /* U+51CC "凌" */
    0xf, 0xfe, 0xa, 0x83, 0xff, 0x91, 0x61, 0xfb,
    0xc1, 0xff, 0xc8, 0x44, 0x2f, 0xf0, 0xff, 0x5,
    0x10, 0x4b, 0xe0, 0x2f, 0x6, 0x44, 0x15, 0xe1,
    0xae, 0xd, 0x18, 0x7f, 0xf2, 0x53, 0xfe, 0x1f,
    0xf2, 0x17, 0x85, 0xc2, 0xff, 0xc1, 0xea, 0xb3,
    0xa9, 0x5d, 0x41, 0xfd, 0xc2, 0x12, 0x50, 0x3d,
    0xc5, 0x8d, 0x2, 0xb5, 0x68, 0x79, 0x47, 0x44,
    0x3a, 0x84, 0x12, 0x6d, 0x98, 0x3f, 0xd7, 0x5,
    0x88, 0x90, 0xbf, 0x4, 0x84, 0x86, 0x91, 0xae,
    0x4c, 0x32, 0x20, 0xd5, 0x18, 0x59, 0x7, 0x66,
    0x15, 0x18, 0xdc, 0x90, 0xe4, 0x41, 0xa0, 0x62,
    0x24, 0x3f, 0xf8, 0x4d, 0x2, 0xa2, 0x19, 0x10,
    0x9b, 0x95, 0xe9, 0x57, 0x23, 0x40, 0x72, 0x5c,
    0x6, 0xd1, 0x91, 0xa, 0x9e, 0x43, 0xeb, 0xd2,

    /* U+51CF "减" */
    0xf, 0xfe, 0x12, 0x83, 0xff, 0x91, 0xc7, 0x6,
    0xe0, 0xff, 0xe1, 0x4c, 0x19, 0xf, 0xfe, 0x13,
    0x21, 0x42, 0xf, 0xfc, 0x9e, 0x8d, 0x12, 0xc,
    0xbe, 0x9, 0x78, 0x8, 0x66, 0xbe, 0x3a, 0xc1,
    0x64, 0x1f, 0xf2, 0x1f, 0x34, 0xd, 0x5c, 0x1d,
    0xc1, 0x90, 0xcb, 0xf0, 0x49, 0x87, 0xf3, 0xfc,
    0xc, 0xc4, 0x27, 0x43, 0xff, 0x82, 0xa0, 0xd8,
    0x86, 0xfd, 0x1, 0x6, 0x19, 0xf, 0x94, 0x22,
    0x42, 0x1c, 0x85, 0x82, 0x88, 0x31, 0x41, 0x93,
    0xf, 0xfe, 0x14, 0x1b, 0x11, 0xf, 0xe4, 0x41,
    0x62, 0x1c, 0x82, 0x88, 0x31, 0x9, 0x42, 0xc,
    0x32, 0x81, 0x7, 0x26, 0x60, 0x50, 0x3f, 0x4a,
    0xc8, 0x1e, 0x51, 0x18, 0x73, 0x30, 0xac, 0x54,
    0x4, 0x43, 0xe8, 0x12, 0x21, 0xdc, 0x1e, 0x70,
    0xd7, 0x0,

    /* U+51E0 "几" */
    0xe, 0xff, 0xf8, 0x3f, 0xfa, 0xff, 0xf0, 0x7f,
    0xff, 0xc3, 0xff, 0xfe, 0x1f, 0xfc, 0x64, 0x3f,
    0xfb, 0xa8, 0x7f, 0xf0, 0xd0, 0xfb, 0xf, 0xfe,
    0xd, 0x3, 0x42, 0x1f, 0xfc, 0x64, 0x3f, 0xf9,
    0x31, 0x7, 0xff, 0x1a, 0x2, 0x1f, 0xfc, 0x14,
    0x29, 0x30, 0xfe, 0x4f, 0xa3, 0x51, 0x7, 0xfa,
    0xf, 0x2a, 0xd0, 0xff, 0xbf, 0xc0,

    /* U+51E4 "凤" */
    0xf, 0xfe, 0x65, 0xff, 0xfc, 0x30, 0xff, 0xe9,
    0x7f, 0xff, 0x1, 0xf, 0xfe, 0xa5, 0x7f, 0x21,
    0xff, 0xc0, 0x5f, 0xec, 0x3f, 0xf8, 0x1f, 0xf4,
    0x61, 0xff, 0xc1, 0x83, 0xa1, 0xf, 0xfe, 0x2,
    0xb0, 0xe4, 0x3f, 0xf8, 0x2a, 0x30, 0x46, 0x1f,
    0xfc, 0x29, 0x31, 0x10, 0xff, 0xe1, 0xc9, 0x90,
    0x7f, 0xc8, 0x74, 0x12, 0x1f, 0xfc, 0x54, 0x28,
    0x3f, 0xf8, 0x8, 0x4c, 0x63, 0x7, 0xb4, 0x4c,
    0xc, 0x66, 0x28, 0xc5, 0x5, 0x89, 0x43, 0xb,
    0x24, 0x2c, 0x44, 0x12, 0x61, 0xd8, 0xa2, 0x41,
    0x11, 0xb8, 0x7d, 0x81, 0x2, 0x62, 0x30, 0x7f,
    0xd0, 0xc3, 0x87, 0xff, 0x13, 0x80,

    /* U+51ED "凭" */
    0xe, 0x43, 0xff, 0x90, 0xd0, 0x3f, 0x95, 0x7,
    0xd1, 0xd, 0x5f, 0xa8, 0xa0, 0xe8, 0x8a, 0x2c,
    0x15, 0x3c, 0x87, 0x22, 0x5f, 0xc2, 0xc1, 0xf6,
    0x1f, 0xfc, 0x88, 0x33, 0x5e, 0x1a, 0xf1, 0x2c,
    0xd, 0x7c, 0x5, 0xf0, 0x18, 0x2b, 0xfa, 0x1f,
    0xf1, 0x40, 0xff, 0x21, 0xff, 0xc9, 0x43, 0xff,
    0x89, 0x7e, 0x87, 0xf8, 0x3f, 0xb5, 0xff, 0xe0,
    0x7, 0x58, 0x1a, 0xff, 0xe0, 0x7, 0xcd, 0x7f,
    0x7, 0xff, 0x3, 0x5f, 0xe0, 0xff, 0xe1, 0x5f,
    0xc8, 0x73, 0x7, 0xe4, 0x3f, 0xf8, 0x8, 0x79,
    0xf, 0xfe, 0xe, 0x1e, 0xc4, 0x3f, 0xf8, 0xb6,
    0x30, 0x7b, 0x3a, 0x90, 0xb4, 0xa0, 0x7c, 0xa1,
    0x62, 0x3, 0x68, 0x7f, 0x5f, 0xc8,

    /* U+51FA "出" */
    0xf, 0xd4, 0xf, 0xfe, 0x22, 0x83, 0xf9, 0xf,
    0xfe, 0x12, 0x32, 0x1f, 0xfc, 0xa, 0x7, 0xff,
    0xfc, 0x3f, 0xf8, 0xd7, 0xf0, 0x3f, 0x90, 0xff,
    0xe4, 0x3f, 0xf0, 0x3f, 0xe0, 0xff, 0xe3, 0xa8,
    0x3f, 0xf8, 0x53, 0x40, 0xff, 0xe1, 0x30, 0x7f,
    0xff, 0xab, 0xc0, 0xaf, 0x6, 0x5f, 0x1, 0x7c,
    0xf, 0xff, 0xe2, 0x7, 0xff, 0x20,

    /* U+51FB "击" */
    0xf, 0xf2, 0x83, 0xff, 0x91, 0xc1, 0xff, 0xec,
    0xbf, 0xe4, 0xff, 0xc1, 0xff, 0xce, 0xbf, 0xe4,
    0xff, 0xc1, 0xff, 0xf9, 0xff, 0xe4, 0xff, 0xe8,
    0x3f, 0xf9, 0x7f, 0xfc, 0x9f, 0xfd, 0x7, 0xff,
    0x37, 0xc1, 0xff, 0xc0, 0x74, 0x3f, 0xff, 0xe1,
    0xff, 0xde, 0xfe, 0x4f, 0xe8, 0x3e, 0x5f, 0xfe,
    0x10, 0x7e, 0xaf, 0xfe, 0x18, 0x60,

    /* U+5201 "刁" */
    0x2f, 0xff, 0xe2, 0xc1, 0xff, 0xc9, 0xbf, 0xff,
    0x86, 0x87, 0xff, 0x77, 0xf, 0xfe, 0x12, 0x1f,
    0xfc, 0x57, 0x83, 0xff, 0x89, 0x40, 0xff, 0xe2,
    0x5a, 0x38, 0x7f, 0xf0, 0x2d, 0x1e, 0x9, 0xf,
    0x9d, 0x5, 0x3, 0xe4, 0x27, 0x81, 0x68, 0x7f,
    0x9e, 0x5, 0xa1, 0xff, 0x50, 0xe, 0x87, 0xff,
    0x7, 0x1e, 0xf, 0xfe, 0x1b, 0xc1, 0xff, 0xe8,
    0x70, 0xff, 0xe0, 0xff, 0x40, 0x83, 0xff, 0x8d,
    0x20,

    /* U+5206 "分" */
    0xf, 0xfe, 0xa, 0x1f, 0xfc, 0x3a, 0x5, 0xc1,
    0xff, 0xc3, 0x50, 0x51, 0x7, 0xff, 0x7, 0x20,
    0x91, 0xf, 0xfe, 0x2, 0x4, 0x34, 0x41, 0xff,
    0x46, 0x1c, 0x8a, 0xf, 0xec, 0x83, 0xec, 0x90,
    0xfb, 0x14, 0x1f, 0xa2, 0x43, 0xb1, 0x83, 0xf9,
    0x8a, 0x1, 0xc6, 0xf, 0xf9, 0x87, 0x31, 0x2b,
    0xff, 0x82, 0xe1, 0x54, 0x2f, 0xff, 0x4, 0x1c,
    0x4, 0xbd, 0xf, 0xf9, 0xc, 0x87, 0xf6, 0x1e,
    0x43, 0xff, 0x81, 0x87, 0xff, 0x2d, 0xf, 0xfe,
    0x3a, 0x1f, 0xfc, 0x88, 0x83, 0xff, 0x8c, 0xa1,
    0xf, 0x22, 0x1f, 0xa8, 0x41, 0xf6, 0x61, 0xe7,
    0x49, 0x5, 0x5e, 0x44, 0x3d, 0x3, 0x43, 0x28,
    0x28, 0x3e, 0xa6, 0x1d, 0x7f, 0x21, 0xe0,

    /* U+5207 "切" */
    0x9, 0x41, 0xff, 0xc7, 0xa0, 0x7f, 0xf3, 0x1f,
    0xff, 0x90, 0xff, 0xe8, 0xbf, 0x3, 0xf2, 0x1f,
    0xfd, 0x25, 0x7, 0xff, 0x5, 0x81, 0xea, 0x7,
    0xfc, 0xd1, 0xc, 0xa0, 0xff, 0xe0, 0x74, 0x7,
    0xa8, 0x1f, 0xfc, 0x5, 0x83, 0xfc, 0x87, 0xff,
    0x35, 0xf, 0xfe, 0xa, 0x61, 0xff, 0xc6, 0xc3,
    0xff, 0x94, 0x87, 0xff, 0xa, 0xc0, 0x87, 0xff,
    0xf, 0x41, 0x8, 0x7f, 0xf0, 0x71, 0xc4, 0x83,
    0xfc, 0x85, 0x43, 0x20, 0xff, 0x91, 0xd2, 0x2,
    0x1c, 0x88, 0x6e, 0x4, 0x98, 0x2f, 0xa3, 0xf,
    0x94, 0x61, 0x61, 0xa4, 0x3e, 0x6c, 0x33, 0xf9,
    0x0,

    /* U+5217 "列" */
    0xf, 0xfe, 0xe7, 0x1f, 0xff, 0x41, 0xfc, 0xb8,
    0xb, 0xc0, 0xe0, 0xf5, 0x61, 0xaf, 0x7, 0xff,
    0x2, 0x30, 0xff, 0xe3, 0x22, 0x1f, 0xfc, 0x8f,
    0xe4, 0x3f, 0xf8, 0x10, 0x7f, 0xf2, 0x13, 0xf2,
    0x1f, 0xfc, 0x18, 0x83, 0x22, 0x1f, 0xf2, 0x61,
    0xc8, 0x7f, 0xd8, 0x18, 0x11, 0x87, 0xf9, 0x1d,
    0x58, 0x88, 0x7f, 0xf0, 0x22, 0x4c, 0x83, 0xfe,
    0x70, 0xa4, 0x8, 0x7f, 0xf1, 0x52, 0xf, 0xfe,
    0x2c, 0x28, 0x3b, 0x83, 0xfa, 0x48, 0x3f, 0xf8,
    0x92, 0x61, 0xff, 0x21, 0xb4, 0xc3, 0xf7, 0xe8,
    0xc8, 0x70, 0xff, 0xe1, 0x28, 0xa8, 0x3f, 0xdf,
    0xd0,

    /* U+5219 "则" */
    0xf, 0xfe, 0xdd, 0x85, 0xff, 0xd0, 0x7f, 0xf0,
    0x57, 0xc1, 0xbc, 0x1f, 0x9a, 0xf0, 0x7f, 0xf1,
    0x64, 0x3f, 0xf8, 0xee, 0x1f, 0xff, 0xf0, 0xff,
    0xfc, 0xa6, 0x1f, 0xfd, 0xbc, 0xc3, 0xff, 0x87,
    0x41, 0x18, 0xe0, 0xff, 0x92, 0x11, 0x83, 0x78,
    0x3f, 0x49, 0x63, 0x7, 0xff, 0x2, 0x4c, 0x18,
    0xe1, 0xe4, 0x2d, 0x30, 0xda, 0x23, 0x4c, 0x39,
    0xc3, 0xd4, 0x40, 0xa0, 0x60, 0xe0, 0xfc, 0x81,
    0xfc, 0x0,

    /* U+521B "创" */
    0xf, 0xfe, 0x7f, 0x83, 0xfd, 0x61, 0xec, 0x18,
    0x7f, 0xf1, 0x11, 0x44, 0x1b, 0x83, 0xfa, 0x28,
    0xa8, 0x3f, 0xf8, 0x39, 0x2, 0x58, 0x3f, 0xec,
    0x90, 0xa2, 0x43, 0xfb, 0x14, 0x1d, 0x87, 0xfa,
    0x6, 0xbe, 0x34, 0x3f, 0x6a, 0xaf, 0xc1, 0xfe,
    0x60, 0x57, 0x7, 0xff, 0x11, 0x78, 0x3f, 0xfe,
    0x48, 0x7f, 0xf1, 0x5f, 0x44, 0x1f, 0xfc, 0x36,
    0xac, 0x43, 0xff, 0x86, 0xb0, 0x28, 0x70, 0x7f,
    0xf0, 0xd3, 0xf, 0xfe, 0x2, 0x1d, 0x87, 0xc8,
    0x6c, 0xbf, 0x91, 0x3f, 0x7, 0x28, 0x3e, 0x80,
    0x86, 0x80,

    /* U+521D "初" */
    0xc, 0x87, 0xff, 0x26, 0xc3, 0xff, 0x90, 0x88,
    0x4b, 0xff, 0x7, 0x46, 0x6, 0xbf, 0xe0, 0xf5,
    0x0, 0xd4, 0xa, 0xc1, 0x9f, 0xaf, 0x42, 0xc0,
    0x5e, 0x9, 0x78, 0x3f, 0xf8, 0xd5, 0x81, 0x7,
    0xf9, 0xf, 0xa2, 0xf, 0x21, 0xff, 0x2e, 0x20,
    0xff, 0xe2, 0x44, 0x4a, 0xf, 0xfe, 0x16, 0x12,
    0xe1, 0xf, 0xfb, 0xb, 0x88, 0x36, 0x1f, 0xa1,
    0x41, 0x41, 0x61, 0xfe, 0x54, 0xc, 0xa0, 0x11,
    0xf, 0xdc, 0x1b, 0x50, 0x7f, 0xf2, 0x2c, 0x88,
    0x3f, 0xf8, 0xe8, 0x87, 0x90, 0xff, 0xb2, 0xf,
    0xfe, 0x34, 0x4, 0x3a, 0xf, 0xf9, 0x44, 0xb,
    0xe4, 0x83, 0xfa, 0x14, 0x1f, 0x41, 0xfe, 0x54,
    0x15, 0xf9, 0xf, 0x58, 0x28, 0x1f, 0xfc, 0x0,

    /* U+5229 "利" */
    0xf, 0xfe, 0x3a, 0x1f, 0xe6, 0xf, 0xa8, 0x1c,
    0xd3, 0xd2, 0x83, 0xfd, 0xf4, 0xa1, 0x52, 0x58,
    0x7c, 0xb4, 0x9d, 0x10, 0xff, 0xaa, 0x43, 0xff,
    0xb4, 0xb8, 0xb, 0xc1, 0xfc, 0xd6, 0x4a, 0xe0,
    0xfe, 0x6b, 0x1, 0xac, 0x1f, 0xe5, 0x82, 0x97,
    0x7, 0xff, 0x6, 0x4, 0x1f, 0xfc, 0x44, 0x26,
    0xf, 0xfe, 0x1c, 0x22, 0xb0, 0xff, 0xe0, 0xe4,
    0x9, 0x30, 0xff, 0xa1, 0x41, 0x49, 0x7, 0xf2,
    0x88, 0x3a, 0x60, 0xff, 0xb0, 0xfa, 0x7, 0x7,
    0x98, 0x3f, 0xe5, 0x7, 0xc8, 0x7f, 0xf1, 0x10,
    0xff, 0xe1, 0xbf, 0x83, 0xff, 0x88, 0x87, 0x61,
    0xff, 0xc3, 0xfe, 0x0,

    /* U+522B "别" */
    0xf, 0xfe, 0xe7, 0x3, 0xff, 0x83, 0xff, 0x84,
    0xbc, 0x1d, 0x61, 0xf9, 0xae, 0x43, 0xff, 0xd8,
    0xbf, 0x7, 0xff, 0xe, 0xb8, 0x3f, 0xf8, 0x54,
    0x4a, 0xe0, 0xff, 0xe0, 0x28, 0xb, 0xc1, 0xff,
    0xd4, 0xf9, 0x3f, 0x90, 0xff, 0xe9, 0xfc, 0xf,
    0xa0, 0xff, 0xe2, 0x21, 0xff, 0xdb, 0x88, 0x3f,
    0x58, 0x7e, 0x43, 0xff, 0x8f, 0x90, 0x6c, 0x43,
    0xc8, 0x58, 0xb5, 0x34, 0x35, 0xf4, 0x68, 0xc0,
    0x50, 0xe1, 0xf9, 0x6e, 0x3, 0xf4, 0x1a, 0xfd,
    0x0,

    /* U+5230 "到" */
    0xf, 0xfe, 0xe7, 0x1f, 0xff, 0x41, 0xff, 0xc8,
    0x4b, 0xf, 0x7d, 0x17, 0xf8, 0x3f, 0xf8, 0x10,
    0x81, 0xf, 0xfe, 0x16, 0x60, 0xa2, 0x1f, 0xfc,
    0x8, 0x42, 0x88, 0x3f, 0xe5, 0x1a, 0xd0, 0x20,
    0xff, 0x60, 0xac, 0x81, 0x41, 0xfd, 0xb5, 0xf,
    0xc4, 0x1f, 0xcc, 0xb0, 0x77, 0x83, 0xff, 0xa5,
    0x5c, 0x35, 0x90, 0xfe, 0x5e, 0x2, 0xe0, 0xff,
    0x7f, 0xf, 0xe4, 0x3f, 0xfb, 0xf4, 0xf, 0xfe,
    0x12, 0xe0, 0x21, 0xea, 0xbc, 0x3d, 0x60, 0xe4,
    0xb, 0x80, 0xaa, 0xbc, 0x3f, 0x40, 0x7f, 0xa8,
    0xb0, 0x7e, 0x60,

    /* U+5236 "制" */
    0xf, 0xfe, 0x5a, 0x81, 0xe0, 0xff, 0x58, 0x54,
    0xf, 0xfe, 0x42, 0x1f, 0xeb, 0xf, 0x23, 0xe0,
    0x7e, 0x83, 0xfb, 0xf, 0xf6, 0x1f, 0xca, 0xf8,
    0x1f, 0x90, 0xff, 0x61, 0xff, 0xc7, 0x85, 0x80,
    0xbc, 0x1f, 0xba, 0xe0, 0x57, 0x7, 0xea, 0xf0,
    0x2b, 0x83, 0xf2, 0xf8, 0xb, 0xc1, 0xff, 0xd2,
    0xbf, 0x3, 0xf2, 0x1f, 0xf2, 0xc0, 0x58, 0x3f,
    0xf8, 0x35, 0x2, 0x98, 0x7f, 0xf8, 0x78, 0x3f,
    0xf8, 0xea, 0xf, 0xfe, 0xb, 0x40, 0xf9, 0xf,
    0xf2, 0x85, 0x14, 0xf0, 0x6b, 0xf, 0x7a, 0x9,
    0xa, 0xf, 0xfe, 0x1d, 0xf9, 0x0,

    /* U+524D "前" */
    0xf, 0x21, 0xf9, 0xf, 0xfb, 0x83, 0xea, 0x83,
    0xfd, 0x18, 0x72, 0x88, 0x3a, 0xbb, 0x5, 0x78,
    0x6b, 0x85, 0xf0, 0x17, 0x80, 0xbf, 0x7f, 0xff,
    0x25, 0xf, 0xfe, 0x62, 0xfe, 0xf, 0x9d, 0xd,
    0x5f, 0x90, 0x70, 0x7f, 0x9a, 0xc8, 0x7f, 0xf1,
    0x57, 0x61, 0xff, 0xc5, 0x5d, 0x87, 0xff, 0x11,
    0xac, 0x87, 0xff, 0x16, 0xb2, 0x1f, 0xfc, 0x45,
    0xec, 0x3f, 0xfb, 0x4f, 0xe8, 0x3f, 0xf8, 0xb5,
    0x90, 0xff, 0xe2, 0x2f, 0x61, 0xa8, 0x1f, 0xfc,
    0x84, 0x2c, 0x3f, 0x9a, 0x83, 0x55, 0xa2, 0x1f,
    0x94, 0x28, 0x25, 0x2, 0xe, 0xe1, 0xfa, 0xa,
    0xfc, 0x84,

    /* U+529B "力" */
    0xf, 0xfe, 0x85, 0x87, 0xff, 0x19, 0xf, 0xff,
    0xe7, 0xfc, 0xf, 0xfe, 0x45, 0xf8, 0xb, 0xf0,
    0x6a, 0xf8, 0x15, 0xf8, 0x3f, 0xf8, 0xf8, 0x7f,
    0xc8, 0x7f, 0xf1, 0x50, 0xff, 0xe3, 0xe6, 0x1f,
    0xc8, 0x7c, 0x88, 0x7f, 0xf6, 0x22, 0xf, 0xc8,
    0x7c, 0xa1, 0xf, 0xfe, 0x1b, 0x10, 0x7f, 0xf0,
    0xd8, 0x50, 0x7f, 0xf0, 0xa8, 0x30, 0x7f, 0x41,
    0xb4, 0xa0, 0x77, 0xf2, 0x44, 0x9, 0xf, 0xfe,
    0x4, 0x93, 0xa1, 0xf7, 0xf9, 0x0,

    /* U+529E "办" */
    0xf, 0xc8, 0x7f, 0xf2, 0x68, 0x1f, 0xfd, 0xd4,
    0x3f, 0xfb, 0x37, 0xf4, 0x3f, 0xf2, 0x1f, 0xfc,
    0xfb, 0xfa, 0x2f, 0xe8, 0x3f, 0xf8, 0x38, 0x7d,
    0x87, 0xf6, 0x86, 0x43, 0xff, 0x84, 0x86, 0x43,
    0xfa, 0xc3, 0xa1, 0xf, 0xfe, 0x2, 0x41, 0xff,
    0xc7, 0x84, 0x28, 0x81, 0x8, 0x79, 0x4, 0x40,
    0x44, 0x9, 0x87, 0xf2, 0x24, 0x21, 0xc8, 0x7f,
    0xa2, 0xb0, 0x31, 0xf, 0xf9, 0xa0, 0x81, 0x4,
    0x1f, 0xfc, 0x4, 0x33, 0x10, 0x7f, 0xf1, 0x58,
    0x90, 0xfa, 0x10, 0xf5, 0x9, 0xa, 0xfc, 0x98,
    0x72, 0x89, 0xc, 0x87, 0x48, 0x73, 0x68, 0x77,
    0xf9, 0xf, 0x0,

    /* U+529F "功" */
    0xf, 0xfe, 0x3, 0x7, 0xff, 0x1e, 0x43, 0xff,
    0xa3, 0xff, 0x83, 0xff, 0xad, 0xf0, 0x3e, 0xa8,
    0x15, 0xe0, 0xff, 0x2c, 0x5, 0xf8, 0x3f, 0xbe,
    0x7, 0xe4, 0x3f, 0xfe, 0x88, 0x7f, 0xf0, 0x50,
    0xff, 0xe3, 0x21, 0xff, 0xca, 0xc3, 0xff, 0x8d,
    0x88, 0x64, 0x3f, 0x36, 0x4, 0x3f, 0xe6, 0x4,
    0x81, 0x10, 0xfc, 0xf2, 0x6, 0xc8, 0x83, 0xf2,
    0x37, 0xa4, 0x84, 0x3f, 0xdc, 0x86, 0x92, 0xe,
    0x43, 0xfd, 0x26, 0xa, 0x7a, 0x20, 0xf9, 0x44,
    0x19, 0x9, 0x41, 0xf2, 0xa4, 0x2b, 0xf4, 0x0,

    /* U+52A0 "加" */
    0xe, 0x43, 0xff, 0x90, 0xc8, 0x7f, 0xf9, 0xd7,
    0xe0, 0xff, 0xe1, 0xd7, 0xe2, 0xf4, 0x5f, 0x90,
    0xd5, 0x82, 0xc3, 0xff, 0x82, 0xbc, 0x13, 0xe8,
    0xbc, 0x88, 0x7f, 0xf6, 0x90, 0xff, 0xe3, 0xe1,
    0xff, 0xdf, 0x43, 0xff, 0xc0, 0x87, 0xff, 0x1d,
    0x30, 0xff, 0xe3, 0xe2, 0x12, 0x1f, 0xfc, 0x34,
    0x3f, 0xf9, 0x9, 0x7, 0xf9, 0xac, 0x1a, 0x10,
    0xff, 0x97, 0x5, 0x8, 0xfc, 0x21, 0x9f, 0xc1,
    0x24, 0x21, 0x30, 0x7f, 0xf0, 0x3c, 0x17, 0xd0,
    0x6e, 0xd, 0xc0,

    /* U+52A1 "务" */
    0xf, 0x90, 0xff, 0xe4, 0x34, 0xf, 0xfe, 0x3c,
    0x41, 0xff, 0xc6, 0xc1, 0xff, 0xf0, 0x7d, 0x81,
    0x7f, 0x83, 0xf3, 0x85, 0xd7, 0xc8, 0xe1, 0x98,
    0xb2, 0x81, 0x9c, 0x60, 0xe8, 0xd3, 0x56, 0x9c,
    0x50, 0x3d, 0xe0, 0xd4, 0x2c, 0x74, 0x3f, 0xf8,
    0x34, 0xc, 0xc8, 0x7f, 0x37, 0x92, 0xf4, 0x37,
    0x44, 0xf, 0xa4, 0x78, 0x27, 0xd2, 0xd7, 0x1,
    0xbd, 0x1c, 0x1c, 0xde, 0x9d, 0xe4, 0x32, 0x1f,
    0xe6, 0x47, 0xfc, 0xf, 0xfe, 0xc, 0xbf, 0x1,
    0x7e, 0xf, 0xab, 0x81, 0x5f, 0x83, 0xff, 0x80,
    0x88, 0x7e, 0x43, 0xf3, 0x98, 0x7c, 0x87, 0xf5,
    0x8, 0x3f, 0x66, 0x1d, 0x69, 0xa0, 0x6b, 0x68,
    0x86, 0xd2, 0xc3, 0x97, 0x2, 0xe, 0xa6, 0x87,
    0x3f, 0xe4, 0x30,

    /* U+52A8 "动" */
    0xf, 0xfe, 0x12, 0x1f, 0xfc, 0x76, 0x43, 0xea,
    0xfc, 0x1f, 0xfc, 0x15, 0xfc, 0x1c, 0x87, 0xdf,
    0xf8, 0x2c, 0x3f, 0xf8, 0xd4, 0x4e, 0xb8, 0x3f,
    0xe5, 0x4, 0xbc, 0x1f, 0xf7, 0x93, 0xf0, 0x55,
    0xfc, 0x87, 0xfc, 0xbf, 0xd0, 0x7f, 0xdf, 0x3,
    0xf8, 0x3f, 0xf9, 0x68, 0x79, 0x9, 0x21, 0xf,
    0xfe, 0x26, 0x25, 0x3, 0xff, 0x86, 0xa0, 0x90,
    0xe4, 0x3f, 0x46, 0x8, 0x40, 0x98, 0x7e, 0x44,
    0x9, 0x3, 0xf, 0xe8, 0x42, 0x43, 0x22, 0x1f,
    0x23, 0xf4, 0x9, 0x10, 0xc9, 0x86, 0x55, 0x30,
    0x44, 0x1b, 0xb, 0xea, 0x28, 0xc0, 0x97, 0xc8,
    0x87, 0xf2, 0x88, 0x3d, 0x7, 0xf9, 0x50, 0x2f,
    0xc8,

    /* U+52B3 "劳" */
    0xf, 0x90, 0xf2, 0x1f, 0xfc, 0x1a, 0x7, 0x32,
    0x1f, 0xfd, 0xb, 0xf9, 0x3f, 0xa2, 0xfe, 0x35,
    0xe0, 0x2f, 0x4, 0xbc, 0x35, 0xc9, 0x5e, 0x2b,
    0xc1, 0xf6, 0x87, 0x28, 0x3f, 0x35, 0xb2, 0xbc,
    0x75, 0x82, 0xd7, 0xff, 0x8e, 0x1b, 0xff, 0xf8,
    0x70, 0x7f, 0xca, 0xf, 0xc8, 0x6d, 0xe, 0xa0,
    0x7f, 0x28, 0xc, 0x1f, 0xfc, 0x48, 0x37, 0xf8,
    0x1f, 0xfa, 0xe, 0x5f, 0x1, 0x7e, 0xf, 0xab,
    0xb2, 0xbe, 0xcc, 0x3f, 0xd8, 0x87, 0xff, 0x19,
    0x41, 0xff, 0xc7, 0x63, 0xf, 0xfe, 0x2d, 0x8,
    0x3f, 0x42, 0x19, 0xb4, 0x90, 0xab, 0x61, 0xf4,
    0x96, 0x86, 0x5c, 0x38, 0x73, 0x68, 0x7b, 0xfa,
    0xe,

    /* U+5316 "化" */
    0xf, 0xfe, 0x87, 0x5, 0xe0, 0xff, 0xe1, 0x21,
    0xff, 0xc9, 0xc8, 0x3f, 0xf8, 0xe8, 0x7f, 0xf0,
    0x60, 0xf4, 0x41, 0xff, 0x6c, 0x1c, 0x88, 0x7f,
    0xa0, 0x41, 0xa0, 0xff, 0xe0, 0x49, 0x87, 0x21,
    0xff, 0x49, 0x87, 0x61, 0xff, 0x69, 0x87, 0x21,
    0xff, 0x63, 0x87, 0xa3, 0xf, 0xf3, 0x7, 0x92,
    0xf, 0xa0, 0x50, 0x3e, 0x58, 0x39, 0xd0, 0x21,
    0xfd, 0x7, 0x50, 0x43, 0xff, 0x8c, 0x94, 0xf,
    0xd6, 0x1f, 0xad, 0xf, 0xfe, 0x3a, 0x1f, 0xfe,
    0x54, 0x39, 0xf, 0xfe, 0xa, 0x5f, 0xc1, 0xff,
    0xc2, 0x90, 0xf3, 0x87, 0xff, 0x6, 0xff, 0x40,

    /* U+533A "区" */
    0xff, 0xfe, 0x34, 0x1f, 0xfc, 0xbf, 0xff, 0xe2,
    0x41, 0xcc, 0x1f, 0xac, 0x3f, 0x4c, 0x1e, 0x50,
    0x7f, 0x63, 0x7, 0x44, 0x1f, 0xd8, 0xc1, 0x62,
    0x83, 0xfd, 0x8c, 0x63, 0x7, 0xff, 0x3, 0x1c,
    0x10, 0x7f, 0xf0, 0xb0, 0xb0, 0xff, 0xe1, 0xc1,
    0x41, 0xff, 0xc2, 0x92, 0x18, 0x3f, 0xf8, 0x12,
    0x6e, 0x30, 0x7f, 0xb4, 0xc2, 0xc6, 0xf, 0xd8,
    0x30, 0xec, 0x60, 0xf4, 0xc, 0x3e, 0x85, 0x7,
    0x4e, 0x1f, 0x99, 0x41, 0xe8, 0x3f, 0xcc, 0x1d,
    0xff, 0xfc, 0x51, 0x7f, 0xf8, 0xe0,

    /* U+533B "医" */
    0xf, 0xfe, 0x47, 0xff, 0xf1, 0xd0, 0x2f, 0xff,
    0x18, 0x15, 0xb2, 0xbf, 0xe0, 0xfa, 0x43, 0xff,
    0x8a, 0x82, 0xbf, 0x90, 0xfa, 0x2, 0xff, 0x61,
    0xec, 0xbe, 0x7, 0xf4, 0x1c, 0x8a, 0xf, 0xfe,
    0x23, 0x40, 0xff, 0xe2, 0xf7, 0xf0, 0x3f, 0xd0,
    0x65, 0xf0, 0x4b, 0xec, 0x35, 0x79, 0x1a, 0xf2,
    0x1f, 0xe4, 0x60, 0xff, 0xe1, 0xe2, 0xda, 0x1f,
    0xf5, 0x8d, 0x45, 0xa1, 0xe6, 0xd2, 0x80, 0x78,
    0xb0, 0xed, 0x2d, 0xe, 0x74, 0x3d, 0x4d, 0xf,
    0xeb, 0xd, 0xeb, 0xff, 0xf8, 0x52, 0xff, 0xf1,
    0xf0,

    /* U+5341 "十" */
    0xf, 0xf5, 0x87, 0xff, 0x21, 0xf, 0xff, 0xf8,
    0x7f, 0xfb, 0x90, 0xfe, 0x7f, 0xf8, 0x17, 0xfe,
    0x90, 0xff, 0xe5, 0x7f, 0xf0, 0x3f, 0xfa, 0xf,
    0xff, 0xf8, 0x7f, 0xff, 0xc3, 0xff, 0xfe, 0x1f,
    0xfc, 0x50,

    /* U+5347 "升" */
    0xf, 0xfe, 0x1f, 0x83, 0xff, 0x82, 0xdf, 0x7,
    0xfc, 0xd3, 0xe9, 0x2, 0x1f, 0xe6, 0x50, 0x57,
    0xd0, 0x7f, 0x9b, 0xe0, 0x21, 0xff, 0xc3, 0x43,
    0xff, 0xfe, 0x1f, 0xf7, 0xf0, 0x3f, 0xe0, 0x7e,
    0x83, 0xff, 0x93, 0x9f, 0xc0, 0xff, 0x81, 0xf9,
    0xf, 0xff, 0x3a, 0x1f, 0xfc, 0x78, 0xc3, 0xff,
    0x8e, 0x88, 0x7f, 0xf1, 0xa1, 0xf, 0xfe, 0x32,
    0x88, 0x3f, 0xf8, 0xac, 0x41, 0xff, 0xc5, 0xa1,
    0x21, 0xff, 0xc5, 0x89, 0xf, 0xfe, 0x3e, 0x87,
    0xfd, 0xe0, 0xe0,

    /* U+534A "半" */
    0xf, 0xf5, 0x87, 0xff, 0x6, 0xf, 0xfe, 0x14,
    0x1c, 0xac, 0x3f, 0xf8, 0x13, 0x6, 0x63, 0xf,
    0xf2, 0x88, 0x39, 0x46, 0x1f, 0x98, 0xc3, 0xe9,
    0x30, 0xf3, 0x18, 0x7f, 0x48, 0x7f, 0x61, 0xff,
    0x58, 0x79, 0xc3, 0xf5, 0x7e, 0x4e, 0xbf, 0x1,
    0x7f, 0x82, 0x5f, 0xc0, 0x7f, 0xf2, 0x7f, 0xf0,
    0x7f, 0xfd, 0xdf, 0xfe, 0x4f, 0xfe, 0x97, 0xfc,
    0x12, 0xfe, 0x5, 0x7f, 0x27, 0x5f, 0xc1, 0xff,
    0xff, 0xf, 0xfe, 0xb8,

    /* U+534E "华" */
    0xf, 0xfe, 0x87, 0x83, 0x70, 0x7f, 0xf0, 0x51,
    0xf, 0xfa, 0xf, 0xa2, 0xf, 0xe7, 0x60, 0xec,
    0x83, 0xf3, 0xc5, 0x3, 0x41, 0xfe, 0xe1, 0xd0,
    0xd2, 0x1f, 0x22, 0x3c, 0x1d, 0x22, 0x13, 0x70,
    0x38, 0x34, 0x5, 0x78, 0x14, 0x44, 0x43, 0x96,
    0x28, 0x1a, 0x6e, 0xf, 0xf9, 0xf, 0x48, 0x48,
    0x76, 0x1f, 0xfc, 0x4f, 0xe4, 0x43, 0xff, 0x81,
    0xaf, 0xd8, 0x73, 0x21, 0x59, 0x5f, 0x7, 0xc8,
    0x7f, 0xf1, 0x6b, 0xf9, 0x2b, 0xf9, 0x17, 0xf8,
    0xb, 0xfd, 0x9f, 0xfc, 0x97, 0xfe, 0x83, 0xff,
    0x80, 0x87, 0xff, 0xfc, 0x3f, 0xf9, 0x40,

    /* U+534F "协" */
    0x5, 0x87, 0xd6, 0x1f, 0xff, 0xf0, 0xff, 0xaf,
    0x93, 0xfa, 0xf, 0xfe, 0x52, 0x1b, 0xc9, 0xe6,
    0xf8, 0x1f, 0x83, 0xff, 0x98, 0x86, 0xf2, 0x79,
    0x58, 0x7c, 0x8a, 0xf, 0xf6, 0x19, 0xf, 0x41,
    0xfe, 0x43, 0xfc, 0x90, 0x7e, 0x48, 0x4c, 0x3b,
    0x10, 0xfd, 0x9, 0x87, 0x60, 0x84, 0x3c, 0x88,
    0x11, 0xe, 0x51, 0x7, 0xe8, 0x3f, 0xf8, 0x16,
    0x1e, 0x70, 0x42, 0x1f, 0x90, 0xff, 0x92, 0xc,
    0x87, 0xff, 0xa, 0x10, 0xff, 0xe3, 0xa8, 0x83,
    0xff, 0x8c, 0xc4, 0xf, 0xc2, 0x1f, 0xf4, 0x28,
    0x3c, 0xc1, 0xff, 0x4c, 0x17, 0xe8, 0x3f, 0x58,
    0x18, 0x3f, 0xf8, 0x60,

    /* U+5355 "单" */
    0xf, 0x21, 0xf9, 0xf, 0xf9, 0xa0, 0x7d, 0x61,
    0xfe, 0x5c, 0x1d, 0x90, 0x7f, 0xd1, 0x6, 0x85,
    0x7, 0xef, 0xc0, 0xfc, 0x8f, 0xc8, 0x7c, 0xbc,
    0x5, 0xf0, 0x7f, 0x57, 0x25, 0x76, 0x1f, 0xfd,
    0x3a, 0xe4, 0xaf, 0x7, 0xf2, 0xf0, 0x17, 0x83,
    0xfd, 0xfc, 0x9f, 0xd0, 0x7f, 0xf4, 0xeb, 0x92,
    0xbb, 0xf, 0xe5, 0xe0, 0x2f, 0x83, 0xef, 0xf9,
    0x3f, 0xe4, 0x3f, 0xfc, 0x7f, 0xfc, 0x9f, 0xfd,
    0xb, 0xfc, 0x5, 0xfe, 0xca, 0xfe, 0x4a, 0xfe,
    0x43, 0xff, 0xec,

    /* U+535C "卜" */
    0x38, 0x3f, 0xf8, 0x28, 0x7f, 0xff, 0xc3, 0xfd,
    0x40, 0xff, 0xe0, 0x2b, 0x43, 0xfd, 0xa5, 0x3,
    0xfd, 0x41, 0xd0, 0xfe, 0x70, 0x50, 0x3f, 0xda,
    0x38, 0x7f, 0xac, 0x10, 0x7f, 0xdb, 0x7, 0xff,
    0x2, 0xf, 0xff, 0xf8, 0x7f, 0x80,

    /* U+5360 "占" */
    0xf, 0xfe, 0x7f, 0x83, 0xff, 0xe1, 0xff, 0xe0,
    0xff, 0xe9, 0x7f, 0xf8, 0x3f, 0xff, 0xe1, 0xf7,
    0xf8, 0x1f, 0xf8, 0x3f, 0xf9, 0xaf, 0xff, 0xf0,
    0x10, 0xff, 0xff, 0x87, 0xff, 0x4d, 0xff, 0xfe,
    0x2, 0x1f, 0xfc, 0xe7, 0xff, 0xf8, 0x8, 0x7f,
    0xf3, 0x0,

    /* U+5362 "卢" */
    0xf, 0xf4, 0x87, 0xff, 0x21, 0xc3, 0xff, 0xbe,
    0xff, 0xf4, 0x1f, 0xfc, 0x5, 0xfe, 0xf, 0xfe,
    0x3, 0x5f, 0xe0, 0xff, 0xe6, 0xd7, 0xb1, 0xaf,
    0xc1, 0xcb, 0xe0, 0x97, 0xf0, 0x7d, 0xff, 0xfc,
    0x10, 0xff, 0xff, 0xd7, 0xff, 0x4, 0x3f, 0x97,
    0xff, 0x82, 0x1e, 0x47, 0xff, 0xf8, 0x61, 0xff,
    0xce, 0xcc, 0x3f, 0xf8, 0xe8, 0x87, 0xff, 0x1a,
    0x10, 0xff, 0xe3, 0xa4, 0x1f, 0xfc, 0x84, 0x3f,
    0xf9, 0x1c, 0x1f, 0xfc, 0x70,

    /* U+536B "卫" */
    0x7, 0xff, 0xf1, 0x50, 0xff, 0xe4, 0xe1, 0xbf,
    0xc0, 0xff, 0xa0, 0xff, 0xfb, 0xe1, 0xff, 0xc7,
    0xc3, 0xff, 0xea, 0x87, 0xff, 0x21, 0x2, 0x1f,
    0xfc, 0x2f, 0xd0, 0x7f, 0xf2, 0x9c, 0x3f, 0xf8,
    0x7f, 0xd0, 0x7f, 0xfe, 0xff, 0xe0, 0x7f, 0xfd,
    0x7, 0xff, 0x2f, 0xff, 0xf9, 0x10,

    /* U+5371 "危" */
    0xf, 0x90, 0xff, 0xe4, 0x36, 0x1f, 0xfc, 0x78,
    0x15, 0xf9, 0xf, 0xe8, 0x25, 0xfc, 0x1f, 0xd2,
    0x7f, 0xd0, 0x10, 0xfa, 0x4c, 0x3c, 0xc6, 0x1f,
    0x49, 0x7, 0xd1, 0x7, 0xd2, 0xb, 0xfe, 0x5,
    0xfd, 0x8, 0x4b, 0xff, 0xc4, 0xcb, 0x4a, 0xff,
    0xe2, 0x22, 0x1f, 0xfc, 0xff, 0xff, 0x83, 0xff,
    0x82, 0xbf, 0x7, 0xff, 0xe, 0xbe, 0x43, 0xf2,
    0x1f, 0xfd, 0x64, 0x3f, 0x90, 0xfb, 0xf0, 0x94,
    0x9, 0xf, 0xe5, 0xd4, 0x14, 0x16, 0x41, 0xf5,
    0x64, 0x3e, 0x43, 0x21, 0xff, 0xc0, 0x41, 0x90,
    0x77, 0x5f, 0xb3, 0x10, 0x21, 0x48, 0xbf, 0x85,
    0xd, 0x87, 0x5f, 0xfe, 0x80,

    /* U+5373 "即" */
    0xf, 0xfe, 0x4f, 0xfe, 0x81, 0xff, 0x41, 0x2f,
    0x7, 0xff, 0x9, 0xae, 0xe, 0x7f, 0x7, 0xff,
    0x31, 0xae, 0xf, 0xfe, 0x1a, 0xf0, 0x7f, 0xf0,
    0x9f, 0xe0, 0xff, 0xf5, 0x35, 0xc1, 0xff, 0xc3,
    0x5e, 0xf, 0xfe, 0x13, 0xfe, 0x83, 0xff, 0x89,
    0xc1, 0xff, 0xc6, 0x50, 0x7f, 0xf1, 0xa2, 0xf,
    0xc8, 0x7c, 0xe2, 0x83, 0x3e, 0x8c, 0x2b, 0x84,
    0x83, 0xf2, 0xc2, 0x87, 0xa0, 0x84, 0xfd, 0x18,
    0x2e, 0x2, 0xc1, 0xfd, 0x4d, 0xe, 0x83, 0xfe,
    0x43, 0xff, 0x8c,

    /* U+5374 "却" */
    0xe, 0x60, 0xff, 0xe3, 0xe8, 0x7f, 0xf3, 0xeb,
    0xe4, 0x3f, 0xf8, 0x2b, 0xf6, 0x56, 0x4a, 0xc1,
    0xbe, 0x82, 0x5c, 0x5, 0xe0, 0x21, 0x21, 0x7e,
    0x4b, 0xe4, 0x3f, 0xf8, 0x88, 0x7f, 0xfa, 0xeb,
    0x93, 0xac, 0x1f, 0xe5, 0xc1, 0x2e, 0xf, 0xeb,
    0xe4, 0xff, 0x7, 0xff, 0x5, 0x40, 0x43, 0xff,
    0x87, 0x11, 0x40, 0xff, 0xe1, 0xa8, 0x11, 0x7,
    0xff, 0x7, 0x20, 0x94, 0x1f, 0xfc, 0x4, 0x43,
    0x64, 0x19, 0xf8, 0x28, 0x1f, 0xa1, 0xc, 0x86,
    0x82, 0x43, 0x28, 0x43, 0x7e, 0x5, 0x5f, 0xa8,
    0x61, 0xfe, 0x58, 0x3d, 0x40, 0xff, 0xe3, 0xa1,
    0xfe,

    /* U+5382 "厂" */
    0xb, 0xff, 0xf8, 0xc8, 0x7f, 0xf3, 0xef, 0xff,
    0xe1, 0xa1, 0xc8, 0x7f, 0xff, 0xc3, 0xff, 0xfe,
    0x1f, 0xff, 0x64, 0x3f, 0xf9, 0x38, 0x87, 0xff,
    0x1d, 0x30, 0xff, 0xe4, 0xa1, 0xff, 0xc6, 0x84,
    0x3f, 0xf8, 0xe9, 0x87, 0xff, 0x19, 0x2, 0x1f,
    0xfc, 0x67, 0xc1, 0xff, 0xc7,

    /* U+538B "压" */
    0xb, 0xff, 0xf8, 0xc8, 0x7f, 0xf3, 0xff, 0xff,
    0x88, 0x87, 0xff, 0x3, 0xc1, 0xff, 0xff, 0xf,
    0xfe, 0x6a, 0x7f, 0x81, 0xfe, 0x83, 0xff, 0x93,
    0x87, 0xdf, 0xe0, 0x7f, 0x90, 0xff, 0xe2, 0xa1,
    0xf2, 0x1f, 0xfc, 0x1b, 0xf, 0xd8, 0x7f, 0xd1,
    0x87, 0x61, 0xff, 0xc1, 0x63, 0xc, 0x88, 0x7f,
    0xf0, 0x14, 0x1f, 0xfc, 0x9b, 0xa, 0x12, 0xbe,
    0x5, 0x7c, 0x89, 0xb, 0xf0, 0x17, 0xec, 0x8,
    0x3f, 0xff, 0x89, 0x1c, 0x1f, 0xfc, 0x70,

    /* U+539F "原" */
    0xf, 0xfe, 0x6f, 0xff, 0xf1, 0xa0, 0xe5, 0xf8,
    0xb, 0xf6, 0x19, 0xaf, 0x86, 0xbe, 0x43, 0xfe,
    0x8c, 0x3f, 0xf8, 0x7f, 0x92, 0xff, 0x7, 0xfd,
    0x5f, 0xc1, 0xff, 0xc1, 0x5f, 0xf0, 0x7f, 0xf0,
    0x17, 0xfc, 0x1f, 0xfc, 0xa, 0xfe, 0xf, 0xfe,
    0xf, 0xff, 0x21, 0xff, 0xd6, 0xff, 0xe4, 0x39,
    0xd, 0x2f, 0x1, 0x78, 0x3d, 0x81, 0xae, 0x1a,
    0xe0, 0xd8, 0x77, 0x83, 0xce, 0x87, 0x22, 0x8,
    0x43, 0xc9, 0x21, 0xfa, 0x48, 0x3e, 0xc9, 0x4,
    0x24, 0x98, 0x7f, 0x64, 0x89, 0xa, 0xca, 0xb0,
    0xf6, 0x60, 0x41, 0x40, 0x2c, 0x30, 0x77, 0x1c,
    0x4, 0x2f, 0xd0, 0x7e,

    /* U+53BB "去" */
    0xf, 0xf2, 0x83, 0xff, 0x91, 0x61, 0xff, 0xec,
    0xaf, 0xb1, 0xaf, 0x90, 0xcb, 0xf0, 0x4b, 0xf6,
    0x1b, 0xff, 0xf, 0xfd, 0x7, 0xff, 0xfc, 0x3f,
    0xf8, 0x77, 0xff, 0xf, 0xff, 0x7, 0xff, 0x2e,
    0xff, 0x81, 0xff, 0xf0, 0x7e, 0xc8, 0x32, 0x1f,
    0xfc, 0x1c, 0x90, 0xa8, 0x87, 0xfd, 0xa, 0xd,
    0x12, 0x1f, 0xda, 0xa0, 0xf6, 0x48, 0x7d, 0x8c,
    0x1f, 0xb2, 0xf, 0x61, 0x56, 0xff, 0x3, 0xf,
    0xcb, 0xc1, 0xe4, 0x18, 0x6e, 0xaf, 0xff, 0x5a,
    0x1e, 0x58, 0x3f, 0xf8, 0x16, 0x0,

    /* U+53C2 "参" */
    0xf, 0xe4, 0x3f, 0xf8, 0xef, 0x7, 0xff, 0x1a,
    0x86, 0x17, 0x83, 0xfe, 0x75, 0x61, 0xa3, 0x43,
    0xf5, 0xa, 0xb, 0x84, 0xa0, 0x7a, 0x41, 0x7a,
    0xb9, 0x3, 0x87, 0x57, 0x90, 0x7f, 0xa2, 0xe,
    0x5f, 0x18, 0x79, 0xe0, 0x35, 0xf0, 0x2b, 0xfe,
    0x35, 0xf8, 0xb, 0xff, 0x17, 0xe8, 0x1f, 0xc8,
    0xff, 0x7, 0x31, 0x6, 0xa2, 0xa0, 0xfd, 0x43,
    0x46, 0xd5, 0x2b, 0xe, 0x75, 0x4d, 0xca, 0xd2,
    0x4e, 0x4e, 0x22, 0x8a, 0xb8, 0x7d, 0x63, 0x3d,
    0xb4, 0xf4, 0x97, 0x10, 0x39, 0x42, 0x12, 0x37,
    0x95, 0x68, 0xb4, 0x19, 0xbd, 0x2a, 0xe4, 0x7a,
    0x7, 0xa4, 0x6e, 0x40, 0xf0, 0xe1, 0xef, 0xa4,
    0x17, 0xa2, 0xe0, 0xfe, 0x69, 0xe4, 0x7c, 0x87,
    0xcf, 0xd2, 0xd7, 0xa0, 0xff, 0x23, 0x4f, 0x48,
    0x7f, 0xf0, 0x0,

    /* U+53C8 "又" */
    0x7, 0xff, 0xf1, 0x10, 0xff, 0xe4, 0xe1, 0xde,
    0x7, 0xff, 0x81, 0x87, 0xf2, 0x1f, 0xf2, 0x1f,
    0x46, 0x1f, 0x91, 0xf, 0xc8, 0x87, 0xe8, 0xc3,
    0xf9, 0x10, 0xfe, 0x43, 0xfb, 0x20, 0xf4, 0x21,
    0xfe, 0x40, 0x87, 0x24, 0x1f, 0xf4, 0x41, 0xb1,
    0xf, 0xfe, 0x2, 0x88, 0x8, 0x20, 0xff, 0xe0,
    0xc2, 0xd1, 0x7, 0xff, 0xe, 0x28, 0x48, 0x7f,
    0xf0, 0xd0, 0x94, 0x1f, 0xfc, 0x48, 0x26, 0xf,
    0xfe, 0x13, 0xa5, 0x7, 0xf, 0xf9, 0xe0, 0x6a,
    0xc1, 0xc1, 0xf3, 0xc0, 0xb0, 0xda, 0x3c, 0x81,
    0xe0, 0x3a, 0x1e, 0xb4, 0x6c, 0x40, 0xf0, 0x7f,
    0xad, 0xd, 0x70, 0x7f, 0xf0, 0xaf, 0x0,

    /* U+53CA "及" */
    0x7, 0xff, 0xf0, 0xe0, 0xff, 0xe8, 0x7d, 0x17,
    0xfc, 0xc, 0x3f, 0xec, 0x3d, 0xa, 0xf, 0xf9,
    0xf, 0x24, 0x1f, 0xfc, 0x6c, 0x83, 0xff, 0x85,
    0x4, 0x82, 0xfa, 0xf, 0xb0, 0x21, 0xff, 0xc8,
    0x88, 0xf, 0xe4, 0xc3, 0xe4, 0x44, 0x3e, 0x44,
    0x3f, 0xd9, 0x87, 0x64, 0x1f, 0x22, 0x4, 0x82,
    0x45, 0x7, 0xd9, 0x2, 0x14, 0x31, 0x7, 0xe4,
    0x3b, 0x2a, 0x30, 0xfc, 0x88, 0x76, 0x24, 0x1f,
    0xd1, 0x7, 0x41, 0x61, 0xfa, 0x10, 0xce, 0x90,
    0xe8, 0x79, 0x20, 0xa8, 0x3b, 0xa5, 0xa1, 0x64,
    0xb, 0x4a, 0x5, 0x60, 0xb4, 0xa, 0x34, 0xb4,
    0x3d, 0xc1, 0xb8, 0x14, 0xd0, 0xfe, 0x79,

    /* U+53CB "友" */
    0xf, 0xfe, 0x8f, 0x83, 0xff, 0xdd, 0xfe, 0x7,
    0xff, 0xf0, 0x20, 0xff, 0xe4, 0xe7, 0xf2, 0x5f,
    0xff, 0xc0, 0x43, 0xf2, 0x1f, 0xfc, 0x74, 0x3f,
    0xf9, 0x7f, 0xff, 0x7, 0xe4, 0x25, 0xfc, 0x1f,
    0xe8, 0x2e, 0xbe, 0x10, 0xff, 0x64, 0x1e, 0xc8,
    0x3e, 0x44, 0x88, 0x32, 0x21, 0xfa, 0x21, 0x14,
    0x6, 0x20, 0xf9, 0x10, 0xb2, 0x54, 0x41, 0xfa,
    0x20, 0xd1, 0x42, 0x43, 0xe8, 0x43, 0x90, 0xc8,
    0x7c, 0xa2, 0xc, 0xe1, 0xb4, 0x3d, 0x10, 0x4f,
    0xf, 0x92, 0x88, 0x48, 0xa2, 0xe0, 0x70, 0x28,
    0x37, 0x9, 0x1a, 0xb, 0xe, 0x78, 0xa, 0x30,
    0x4f, 0x90, 0xfc, 0xf2, 0x80,

    /* U+53CD "反" */
    0xf, 0xfe, 0x22, 0xa8, 0x1c, 0xba, 0xb7, 0xf5,
    0x14, 0x1d, 0x59, 0x70, 0x65, 0x54, 0x1f, 0x56,
    0xff, 0x51, 0x60, 0xf9, 0x70, 0x7f, 0xfc, 0xbf,
    0xff, 0x84, 0x87, 0xff, 0x47, 0x4b, 0xff, 0x1,
    0xf, 0xd1, 0x7, 0xd0, 0x87, 0xfa, 0x20, 0xf2,
    0x41, 0xfe, 0x45, 0x6, 0x84, 0x3f, 0xf8, 0x11,
    0x5, 0x24, 0x1f, 0x90, 0x98, 0xc5, 0x18, 0x7c,
    0x87, 0x94, 0x71, 0x87, 0xec, 0xc3, 0xa0, 0x90,
    0xfe, 0x44, 0x35, 0x84, 0xe8, 0x7a, 0x10, 0x9d,
    0x1f, 0x2, 0x88, 0x64, 0x9b, 0x81, 0xc0, 0xe1,
    0xb8, 0x84, 0x91, 0xb0, 0xe7, 0x80, 0x93, 0xa,
    0xe4, 0x3f, 0x3c, 0x80,

    /* U+53D1 "发" */
    0xf, 0xca, 0xc, 0x87, 0xf5, 0xa1, 0x50, 0x35,
    0xa1, 0xf2, 0x21, 0xfc, 0x94, 0xf, 0xfe, 0xa,
    0x1a, 0xd6, 0xc, 0x88, 0x48, 0x7e, 0xb4, 0x36,
    0x35, 0x86, 0xbf, 0xe0, 0xe5, 0x82, 0x5f, 0xf8,
    0x17, 0xf0, 0x3f, 0xff, 0x80, 0x1f, 0x22, 0x1f,
    0xfc, 0x7c, 0xc3, 0xff, 0x8e, 0x97, 0xff, 0x21,
    0xf9, 0xf, 0xfe, 0x6, 0x1f, 0xa0, 0xbf, 0xe0,
    0x61, 0xfe, 0x8c, 0x39, 0x14, 0x1f, 0x64, 0xa1,
    0xd, 0x10, 0x7c, 0x81, 0x22, 0x41, 0x90, 0x7e,
    0x88, 0x28, 0xa6, 0x48, 0x7d, 0x8a, 0x9, 0x84,
    0x90, 0xfa, 0x4, 0x19, 0x82, 0x90, 0xf4, 0x98,
    0x57, 0xe, 0x97, 0x7, 0xa1, 0xf2, 0x3c, 0x5a,
    0x3e, 0x8a, 0x24, 0x7, 0x83, 0xad, 0x2, 0x4,
    0xd, 0xc1, 0xfd, 0x74, 0x0,

    /* U+53D6 "取" */
    0xf, 0xfe, 0x5f, 0xff, 0x83, 0xff, 0x80, 0x81,
    0x70, 0x13, 0xff, 0x40, 0x92, 0xb0, 0x20, 0xff,
    0xe6, 0xfe, 0x8c, 0x3f, 0xf9, 0xff, 0x83, 0x21,
    0xd8, 0x87, 0x2e, 0xd, 0x88, 0x48, 0x7d, 0x58,
    0x32, 0x61, 0x90, 0xff, 0xe2, 0x20, 0x4c, 0x3f,
    0xf8, 0x68, 0x50, 0x87, 0xbf, 0x7, 0x64, 0x1f,
    0xe5, 0xc1, 0xc8, 0xc4, 0x1f, 0x56, 0xf, 0x22,
    0x21, 0xff, 0xc5, 0x80, 0x87, 0xff, 0x9, 0x41,
    0xff, 0xc2, 0x6f, 0x2, 0xc1, 0x81, 0x41, 0x3a,
    0x48, 0x6a, 0x10, 0xe4, 0x1e, 0x6f, 0x80, 0x92,
    0xa2, 0x30, 0x3e, 0x90, 0xf6, 0x90, 0x18, 0xd0,
    0xff, 0x20, 0xc3, 0x28, 0x3f, 0xf8, 0xd, 0x87,
    0xa8, 0x80,

    /* U+53D7 "受" */
    0xf, 0xfe, 0x12, 0xd5, 0x6, 0xad, 0xff, 0xaa,
    0x58, 0x32, 0xe0, 0x2f, 0x55, 0xf8, 0x37, 0xa9,
    0xea, 0x34, 0x5d, 0xa1, 0xf5, 0x3, 0xb0, 0xd0,
    0x87, 0xd1, 0x4, 0x88, 0x22, 0xf, 0xca, 0xc2,
    0x94, 0x4, 0x43, 0xbf, 0x37, 0xe7, 0xe0, 0x7e,
    0xc, 0xbf, 0xfc, 0x40, 0xf5, 0x7f, 0xf1, 0x3,
    0x21, 0xff, 0xc6, 0x41, 0x65, 0x7f, 0xf0, 0x8e,
    0xe, 0x5f, 0xfe, 0x10, 0x7e, 0x41, 0xff, 0x81,
    0x7, 0xe9, 0x30, 0xf6, 0x48, 0x7f, 0x49, 0x84,
    0xe4, 0x87, 0xfd, 0x43, 0xa8, 0x90, 0xff, 0xe0,
    0xb0, 0xa2, 0x43, 0xff, 0x83, 0x70, 0x6b, 0x43,
    0xf3, 0x79, 0x1b, 0xe4, 0xbd, 0x28, 0x1c, 0x8d,
    0xc8, 0x57, 0x23, 0x44, 0x6f, 0x48, 0x7e, 0x6f,
    0x4a,

    /* U+53D8 "变" */
    0xf, 0xfe, 0x9b, 0xe0, 0xff, 0xe3, 0xa1, 0xff,
    0xc1, 0xaf, 0xe0, 0x75, 0xf8, 0xb, 0xfc, 0x12,
    0xfe, 0x7, 0xfa, 0x2f, 0x45, 0xfe, 0xf, 0x21,
    0xfe, 0x43, 0xfb, 0x83, 0xfd, 0x68, 0x7b, 0x20,
    0xff, 0x44, 0x84, 0xe4, 0x87, 0xf9, 0xca, 0xc,
    0x48, 0x7f, 0xf0, 0x71, 0x63, 0x42, 0x74, 0xe,
    0x86, 0xe4, 0xc1, 0x5f, 0xfc, 0x20, 0x21, 0xcb,
    0xff, 0xc2, 0xf, 0xc8, 0xff, 0xe0, 0x41, 0xfa,
    0x54, 0x1e, 0xc5, 0x7, 0xf4, 0xa8, 0x36, 0x30,
    0x7f, 0xd2, 0xb6, 0xca, 0x7, 0xff, 0x6, 0x84,
    0x92, 0x1f, 0xfc, 0x16, 0x81, 0xa8, 0x87, 0xe6,
    0xf4, 0x97, 0xa1, 0xbd, 0x28, 0x79, 0x5, 0xe4,
    0xf, 0xa4, 0x68, 0xa1, 0xbc, 0x87, 0xe6, 0xf4,
    0xa0,

    /* U+53E3 "口" */
    0xbf, 0xff, 0x88, 0x1f, 0xfc, 0x9f, 0xff, 0xe0,
    0x87, 0xff, 0xfc, 0x3f, 0xff, 0xe1, 0xff, 0xfb,
    0xff, 0xfe, 0x8, 0x7f, 0xf2, 0xff, 0xff, 0x82,
    0x1f, 0xfc, 0x64, 0x0,

    /* U+53EA "只" */
    0xb, 0xff, 0xf8, 0x81, 0xff, 0xd2, 0xff, 0xfe,
    0x0, 0x7f, 0xff, 0xc3, 0xff, 0xfe, 0x1f, 0xfc,
    0x2f, 0xff, 0xe0, 0x7, 0xe5, 0xff, 0xe2, 0x7,
    0xab, 0xff, 0x88, 0x1f, 0xce, 0x1e, 0xd0, 0xff,
    0x98, 0x43, 0x44, 0x87, 0xf3, 0xa, 0xd, 0x24,
    0x87, 0xcc, 0x30, 0x7a, 0x85, 0x3, 0xa8, 0x30,
    0x7e, 0x61, 0x82, 0x92, 0x81, 0xfe, 0x61, 0x85,
    0x12, 0x1f, 0xfc, 0x6, 0x11, 0x5a, 0x1f, 0xfc,
    0x27, 0x80,

    /* U+53EB "叫" */
    0xf, 0xfe, 0x2d, 0x3, 0xff, 0x8c, 0xa0, 0x7f,
    0xc1, 0x70, 0x7f, 0xaa, 0xf, 0xfe, 0x22, 0xf0,
    0x7f, 0xff, 0xc3, 0xff, 0xfe, 0x1f, 0xfc, 0x78,
    0x3f, 0xf8, 0x6a, 0xf2, 0x1f, 0xfc, 0x14, 0x10,
    0x20, 0xff, 0xe2, 0x36, 0x87, 0x3f, 0x21, 0x2b,
    0x90, 0xfc, 0xbc, 0x14, 0x1f, 0xe6, 0xb8, 0x3f,
    0xf8, 0x2e, 0x1f, 0xfc, 0x69, 0xf, 0xfe, 0xc8,

    /* U+53EF "可" */
    0xbf, 0xff, 0x90, 0xa0, 0xff, 0xe4, 0xff, 0xff,
    0x12, 0x2f, 0x21, 0xff, 0xe3, 0xaf, 0xe4, 0x3f,
    0xe5, 0xff, 0x7, 0xff, 0xa, 0xfe, 0x83, 0xff,
    0xfe, 0x1f, 0xfe, 0x6a, 0xf8, 0x3f, 0xf8, 0x8b,
    0xc1, 0xff, 0xc2, 0x7f, 0xf9, 0xf, 0xfe, 0x6e,
    0x1f, 0xfc, 0x94, 0x3f, 0xf8, 0x97, 0xe0, 0x21,
    0xff, 0xc8, 0x83, 0x0,

    /* U+53F3 "右" */
    0xf, 0xf2, 0x1f, 0xfc, 0x86, 0xc3, 0xff, 0x8f,
    0x90, 0x7f, 0xf1, 0xd1, 0xf, 0xfb, 0xff, 0x3,
    0xff, 0xc8, 0x7f, 0xf2, 0xff, 0xd0, 0x3f, 0xfe,
    0x43, 0xe8, 0x83, 0xff, 0x8c, 0x81, 0xf, 0xfe,
    0x34, 0x41, 0xff, 0xc6, 0xc5, 0x7, 0xff, 0x16,
    0x3, 0xff, 0xf2, 0x1d, 0x21, 0xff, 0xc7, 0x90,
    0xbf, 0xfd, 0x7, 0x69, 0x7, 0xff, 0x15, 0x6,
    0x87, 0xff, 0x15, 0x30, 0xff, 0xe4, 0x61, 0xff,
    0xd9, 0xc3, 0xfe, 0xff, 0xf2, 0x1f, 0xf2, 0xff,
    0x83, 0xff, 0x81, 0x5f, 0xf0, 0x7f, 0xf3, 0x80,

    /* U+53F7 "号" */
    0xf, 0xfe, 0x6b, 0xff, 0xfc, 0x28, 0x3f, 0x97,
    0xfe, 0xf, 0xf3, 0x5f, 0xf0, 0x7f, 0xf5, 0x1a,
    0xff, 0x83, 0xfe, 0x5f, 0xf8, 0x3f, 0x3f, 0xff,
    0xc2, 0x83, 0xff, 0x9a, 0xd7, 0xff, 0x24, 0x5f,
    0xfe, 0x57, 0xe0, 0x7f, 0xff, 0xc, 0x32, 0x21,
    0xff, 0xc7, 0xc1, 0x5f, 0xf2, 0x1f, 0x22, 0xff,
    0xf0, 0x3, 0xf7, 0xff, 0xf0, 0x10, 0xff, 0xe4,
    0xa1, 0xff, 0xcb, 0x43, 0xff, 0x8c, 0x87, 0xff,
    0xa, 0xff, 0x42, 0x1f, 0xfc, 0xc, 0x3e, 0x60,
    0xc0,

    /* U+5403 "吃" */
    0xf, 0xfe, 0xa7, 0x7, 0xff, 0x1a, 0x30, 0xfd,
    0x7f, 0x41, 0x22, 0x1f, 0xfc, 0x58, 0x1f, 0xf9,
    0x7, 0xc1, 0x91, 0x7f, 0xc1, 0xfb, 0x2b, 0xfc,
    0x1f, 0xa1, 0x41, 0xff, 0xc5, 0x48, 0x3f, 0xf8,
    0xdd, 0xff, 0xc1, 0xff, 0x2f, 0x83, 0xff, 0x89,
    0x5c, 0x83, 0xf, 0xfe, 0x22, 0x8c, 0x3f, 0xf8,
    0x8c, 0x61, 0xff, 0xc4, 0x63, 0xf, 0xfe, 0x23,
    0x18, 0x7f, 0x54, 0x1d, 0x10, 0x75, 0x84, 0xb0,
    0x6c, 0x90, 0xff, 0x7e, 0x84, 0x50, 0x7f, 0xf1,
    0x73, 0xf, 0x90, 0x50, 0x3f, 0x57, 0xd8, 0x81,
    0xf, 0x48, 0xbe, 0x4, 0x0,

    /* U+5404 "各" */
    0xf, 0x90, 0xff, 0xe4, 0x54, 0x1f, 0xfc, 0x65,
    0x10, 0x7f, 0xf1, 0x58, 0x1f, 0xfe, 0x43, 0xcc,
    0x5, 0xfe, 0xf, 0xcc, 0x17, 0x5f, 0x22, 0x83,
    0x31, 0x42, 0x43, 0x39, 0x40, 0xe8, 0x95, 0x94,
    0x5, 0x9, 0xf, 0x5a, 0x16, 0xaf, 0x2b, 0x43,
    0xe4, 0x39, 0xf, 0x21, 0xff, 0x37, 0x2a, 0x83,
    0x72, 0x19, 0xbd, 0x25, 0xca, 0xf2, 0x37, 0xc6,
    0x8d, 0xe4, 0x3d, 0x7a, 0x42, 0xbf, 0x57, 0xff,
    0x3, 0xbc, 0x1b, 0x5f, 0xfe, 0x10, 0x7f, 0x7f,
    0xfc, 0x87, 0xff, 0xfc, 0xaf, 0xf9, 0xf, 0xf2,
    0xff, 0xc1, 0xff, 0x7f, 0xfc, 0x87, 0xff, 0x3c,

    /* U+5408 "合" */
    0xf, 0xfe, 0x9d, 0xe0, 0xff, 0xe3, 0x28, 0x18,
    0x7f, 0xf1, 0x18, 0xd2, 0xf, 0xfe, 0x13, 0x11,
    0xc, 0x1f, 0xfc, 0x6, 0x24, 0x18, 0xc1, 0xfe,
    0xa1, 0x21, 0xb1, 0xd0, 0xfb, 0x4d, 0xf, 0x69,
    0x40, 0xd6, 0x17, 0xff, 0x20, 0x78, 0x92, 0xc3,
    0xfe, 0xb4, 0x49, 0xd3, 0xff, 0xe4, 0xb8, 0x10,
    0x7f, 0xf1, 0x90, 0xff, 0xe7, 0x7f, 0xff, 0xc,
    0x3f, 0x97, 0xfe, 0xf, 0xfa, 0xbf, 0xe4, 0x3f,
    0xff, 0xe5, 0x7f, 0xc8, 0x7f, 0x97, 0xfe, 0xf,
    0xfb, 0xff, 0xe4, 0x3f, 0xf9, 0xe0,

    /* U+540C "同" */
    0xf, 0xfe, 0x4f, 0xff, 0xf1, 0x83, 0x2f, 0xff,
    0x8, 0x39, 0xaf, 0xfe, 0x12, 0x1f, 0xfc, 0xe6,
    0xbf, 0xe0, 0xfd, 0x2f, 0xfc, 0x1f, 0xbf, 0xff,
    0x80, 0x1f, 0xfd, 0x2a, 0xfc, 0x87, 0xf9, 0x7f,
    0xb0, 0xff, 0xe0, 0x5f, 0xc1, 0xff, 0xfe, 0xeb,
    0x83, 0xff, 0x84, 0xbe, 0xf, 0xfe, 0x3, 0xff,
    0xa0, 0xff, 0xe5, 0x21, 0xff, 0xc3, 0xbe, 0xf,
    0xfe, 0x26, 0x13, 0x80,

    /* U+540D "名" */
    0xf, 0xe4, 0x3f, 0xf8, 0xcd, 0x87, 0xff, 0x16,
    0x20, 0xff, 0xe2, 0x60, 0xbf, 0xf4, 0x1e, 0xc3,
    0xff, 0x8a, 0xe3, 0xff, 0xa0, 0x41, 0x30, 0x30,
    0xf9, 0x88, 0x2e, 0x12, 0x81, 0xd4, 0x34, 0x10,
    0x3b, 0x1c, 0x2d, 0x30, 0xd4, 0xc2, 0xd8, 0xb1,
    0xc3, 0xc8, 0x74, 0x69, 0xc1, 0xff, 0xc0, 0xb8,
    0xb0, 0xff, 0x9b, 0x40, 0xf5, 0xf2, 0x3e, 0x90,
    0xcb, 0xfd, 0xb0, 0xc0, 0xff, 0xf8, 0xd, 0xc8,
    0x87, 0xff, 0x9, 0xf, 0xff, 0xa3, 0x5f, 0xf0,
    0x7f, 0x2f, 0xfc, 0x1f, 0x9f, 0xff, 0x83, 0xff,
    0x94,

    /* U+540E "后" */
    0xf, 0xfe, 0x22, 0xa4, 0x39, 0x7a, 0xaf, 0xea,
    0x38, 0x75, 0x72, 0xc1, 0x95, 0x50, 0x7d, 0x57,
    0xfd, 0x45, 0x7, 0xe5, 0x83, 0xff, 0xe7, 0xff,
    0xfc, 0x44, 0x39, 0x7f, 0xf8, 0xa1, 0x9a, 0xff,
    0xe2, 0x7, 0xff, 0x9e, 0xff, 0xfe, 0x0, 0x72,
    0x1c, 0xbf, 0xc1, 0xfd, 0x85, 0x5f, 0xc8, 0x7b,
    0xf, 0xfe, 0x4a, 0x21, 0xff, 0xc6, 0x44, 0x3f,
    0xf8, 0xf1, 0x86, 0xaf, 0xe4, 0x32, 0x4, 0x32,
    0xff, 0x7, 0xc8, 0x77, 0xff, 0x21, 0x9a, 0x7,
    0xff, 0x1c,

    /* U+5411 "向" */
    0xf, 0xe4, 0x3f, 0xf8, 0xd5, 0x7, 0xff, 0x15,
    0x20, 0xff, 0xe2, 0x21, 0xff, 0xc1, 0xff, 0x40,
    0xff, 0xe0, 0xcb, 0xff, 0xc2, 0xe, 0x6b, 0xff,
    0x84, 0x1f, 0xfe, 0x5f, 0xfd, 0x7, 0xff, 0x5,
    0x70, 0x7f, 0xf0, 0xda, 0xd8, 0x7f, 0xff, 0xc3,
    0xff, 0x8e, 0xff, 0x7, 0xff, 0x57, 0xff, 0x41,
    0xff, 0xda, 0xbe, 0xf, 0xfe, 0x4c, 0x0,

    /* U+5415 "吕" */
    0x1a, 0xff, 0xe1, 0x20, 0xd7, 0xff, 0x85, 0x86,
    0xff, 0xfa, 0xf, 0xfe, 0x2a, 0x1f, 0xff, 0xf,
    0xff, 0xe0, 0x6, 0xd7, 0xff, 0x85, 0x81, 0xaf,
    0xfe, 0x12, 0x1f, 0xfd, 0x9f, 0xff, 0xe2, 0xc0,
    0x5f, 0xfe, 0x10, 0x6a, 0xff, 0xe1, 0x7, 0xff,
    0xbb, 0xff, 0xf8, 0x41, 0xff, 0xca, 0xff, 0xfe,
    0x10, 0x0,

    /* U+5417 "吗" */
    0xf, 0xcf, 0xff, 0x2, 0xfe, 0x83, 0xff, 0x92,
    0xff, 0xc1, 0xef, 0x83, 0x3c, 0x1f, 0xfc, 0x7c,
    0x3f, 0xf9, 0xa8, 0x7f, 0xd8, 0x87, 0xff, 0x2d,
    0xf, 0xfe, 0x4e, 0x1f, 0xf2, 0x7e, 0x8b, 0x83,
    0xf9, 0x7f, 0x7, 0xff, 0x2, 0xbf, 0x61, 0xff,
    0xd2, 0x5f, 0xf0, 0x6a, 0x80, 0xd7, 0xec, 0x18,
    0x16, 0x3, 0xff, 0xa0, 0xef, 0xd0, 0x7f, 0xf4,
    0xa1, 0xe0, 0xff, 0x55, 0xe0, 0x94, 0x1f, 0xe5,
    0x80, 0xe0,

    /* U+5426 "否" */
    0x1f, 0xff, 0xe3, 0x84, 0xbf, 0x83, 0x2f, 0xc0,
    0x6b, 0xf2, 0xe, 0xbe, 0xf, 0xf6, 0x98, 0x7f,
    0xf1, 0x1c, 0x33, 0xa1, 0xff, 0xc0, 0xa1, 0x20,
    0xca, 0x7, 0xf3, 0xa6, 0x85, 0x6a, 0xe0, 0xeb,
    0x87, 0xf, 0xa8, 0x3c, 0xd, 0x1e, 0xf, 0xe7,
    0x86, 0x3, 0xc1, 0xff, 0xc1, 0x76, 0x38, 0x3e,
    0xb0, 0xfd, 0x6, 0x7f, 0xff, 0x86, 0x1f, 0xcb,
    0xff, 0x7, 0xfa, 0xbf, 0xf8, 0x1, 0xff, 0xff,
    0x2b, 0xff, 0x80, 0x1f, 0xf2, 0xff, 0xc1, 0xfe,
    0xbf, 0xfe, 0xf, 0xfe, 0x78,

    /* U+542C "听" */
    0xf, 0xfe, 0x32, 0x1f, 0xfc, 0x25, 0x5f, 0x49,
    0x7f, 0x40, 0xbd, 0x44, 0xc, 0x87, 0xf9, 0x15,
    0x4f, 0x48, 0x6f, 0x83, 0xd4, 0x50, 0x7f, 0xff,
    0xc3, 0xbf, 0xf9, 0xf, 0xfe, 0xa7, 0xe0, 0x7c,
    0x87, 0xff, 0xf5, 0xf, 0xfe, 0x7, 0x40, 0xff,
    0xe3, 0xa8, 0x24, 0xc3, 0xff, 0x81, 0xfa, 0x21,
    0xf, 0xfe, 0x2a, 0x21, 0xff, 0x58, 0x74, 0x61,
    0xff, 0xc5, 0x40, 0x87, 0xff, 0x15, 0x58, 0x7f,
    0xf1, 0xe0, 0xfb, 0xc1, 0x80,

    /* U+542F "启" */
    0xf, 0xf9, 0xf, 0xfe, 0x3d, 0x10, 0xff, 0xe3,
    0x66, 0x1f, 0xf5, 0x7d, 0x8d, 0x7c, 0x19, 0x7f,
    0x1, 0x7f, 0x7, 0x7f, 0xff, 0x5, 0xf, 0xff,
    0x2d, 0x7f, 0xf0, 0x50, 0xf9, 0x7f, 0xf8, 0x21,
    0xfb, 0xff, 0xf8, 0x68, 0x7f, 0xf8, 0x92, 0xbf,
    0xf8, 0x41, 0x26, 0x2f, 0xff, 0x8, 0x2c, 0x3b,
    0xff, 0xc1, 0xc8, 0x87, 0xff, 0x6a, 0x20, 0xff,
    0xe3, 0x22, 0x1a, 0xbf, 0xc1, 0x42, 0x1c, 0xbf,
    0xe0, 0xa2, 0xe, 0xff, 0xf0, 0x6c, 0x3f, 0xf8,
    0xe0,

    /* U+544A "告" */
    0xf, 0xf9, 0xf, 0xfe, 0x1c, 0x84, 0xd0, 0x3f,
    0xf8, 0x2a, 0xc3, 0xff, 0x8f, 0x10, 0x7f, 0xf1,
    0x90, 0x7e, 0x87, 0xfe, 0x43, 0x41, 0xff, 0xc8,
    0x87, 0xfa, 0x1f, 0xf9, 0x9, 0x20, 0xff, 0xe3,
    0xf8, 0x3f, 0xf8, 0xf5, 0xfe, 0x1a, 0xfe, 0x17,
    0xf8, 0x25, 0xfc, 0xf, 0xff, 0xe4, 0x41, 0xff,
    0xe3, 0x7f, 0xff, 0x86, 0x1f, 0xcb, 0xff, 0x7,
    0xfa, 0xbf, 0xf8, 0x1, 0xff, 0xff, 0x2f, 0xff,
    0x83, 0xfe, 0x5f, 0xf8, 0x3f, 0xd5, 0xff, 0xc0,
    0xe,

    /* U+5458 "员" */
    0xf, 0xfe, 0x6f, 0xff, 0xf0, 0x83, 0xf9, 0x7f,
    0xc1, 0xfe, 0x6b, 0xfc, 0x1f, 0xfd, 0x37, 0xff,
    0xc1, 0xfc, 0xbf, 0xfc, 0x20, 0xfa, 0xbf, 0xf8,
    0x41, 0xff, 0xcf, 0xff, 0xfe, 0x20, 0x7c, 0xbf,
    0xfc, 0x0, 0xfe, 0xaf, 0x75, 0xc1, 0xff, 0xc2,
    0xe0, 0xff, 0xee, 0xa1, 0xff, 0xc6, 0x83, 0xff,
    0x84, 0xa0, 0xc8, 0xe8, 0x4a, 0xe, 0xa0, 0x1c,
    0x51, 0x71, 0x40, 0xf9, 0xe2, 0xad, 0x1e, 0xc,
    0xde, 0x87, 0x42, 0xb8, 0x7c, 0x92, 0xb, 0x83,
    0xe7, 0x81, 0x94, 0xf2, 0x1f, 0xf3, 0xd0,

    /* U+5462 "呢" */
    0xf, 0xd7, 0xff, 0xa2, 0xfe, 0xf, 0xfe, 0x6f,
    0xfe, 0xe, 0xf2, 0x1f, 0xfe, 0x3a, 0xfb, 0xf,
    0xf9, 0x17, 0xe0, 0xff, 0xe1, 0x7f, 0xf4, 0x1f,
    0xfc, 0x19, 0xf, 0xfe, 0x3b, 0x86, 0x60, 0xff,
    0xe3, 0x51, 0xf, 0xfe, 0x23, 0xab, 0xf, 0xf2,
    0x1a, 0x85, 0x3, 0xfe, 0xc2, 0x5b, 0x43, 0xbc,
    0x81, 0xf, 0x70, 0x1d, 0x9, 0x62, 0x10, 0x90,
    0xfe, 0xea, 0x2, 0x1f, 0xf3, 0xa1, 0xa3, 0xf,
    0xfe, 0x3, 0x6, 0x44, 0x33, 0xd6, 0xf, 0xa2,
    0xd, 0x1, 0x62, 0xf, 0x4a, 0xc, 0xff, 0x90,

    /* U+5468 "周" */
    0xf, 0xfe, 0x67, 0xff, 0xf1, 0x43, 0xcb, 0xff,
    0xc1, 0xf, 0x9a, 0xf3, 0xd7, 0x21, 0xff, 0xc2,
    0xc3, 0xff, 0x84, 0xfe, 0x1f, 0xc1, 0xff, 0x2e,
    0x2, 0xd0, 0x7f, 0x9a, 0xc3, 0x52, 0x1f, 0xfd,
    0x27, 0xf8, 0x7f, 0x41, 0xf9, 0xaf, 0xfb, 0xf,
    0xe5, 0xff, 0xe0, 0x7, 0xf9, 0xaf, 0xc1, 0xf2,
    0x1b, 0x5f, 0xc1, 0xfd, 0x86, 0xfe, 0x43, 0xf6,
    0x1f, 0xf6, 0x1f, 0x91, 0xf, 0xec, 0x3f, 0xf8,
    0x7f, 0xc8, 0x7d, 0x8, 0x5a, 0xfe, 0x2, 0x12,
    0x41, 0x35, 0xec, 0xf0, 0x72, 0x1f, 0xfc, 0x4,
    0x28, 0x1c, 0x1f, 0xf3, 0xf9, 0x0,

    /* U+547D "命" */
    0xf, 0xf2, 0x83, 0xff, 0x8f, 0xd4, 0x1f, 0xfc,
    0x5c, 0x46, 0xf, 0xfe, 0x13, 0x94, 0xd5, 0x87,
    0xff, 0x2, 0x84, 0x82, 0x4d, 0xf, 0xce, 0x9a,
    0x1a, 0x85, 0xa1, 0xdc, 0x38, 0x7c, 0xe9, 0x40,
    0x38, 0x37, 0xff, 0xe8, 0x75, 0x16, 0x2f, 0xff,
    0x7, 0x84, 0xd0, 0x57, 0xfc, 0x13, 0x87, 0xff,
    0x36, 0xff, 0x2, 0xff, 0xa0, 0xff, 0xe1, 0xaf,
    0x7, 0xef, 0x90, 0xea, 0xe0, 0xff, 0xff, 0x87,
    0xff, 0x27, 0xe4, 0x3c, 0xd3, 0xf, 0x6b, 0xe0,
    0xed, 0x43, 0x6, 0x6b, 0xc1, 0xd7, 0xd0, 0x7f,
    0xf8, 0xc0,

    /* U+548C "和" */
    0xf, 0xcc, 0x1f, 0xfc, 0x15, 0x5f, 0x48, 0x7f,
    0xf0, 0x3a, 0x20, 0x6c, 0x1f, 0xfa, 0x2a, 0xc6,
    0x43, 0xff, 0x82, 0xb0, 0x7f, 0x3f, 0xc1, 0xff,
    0xcc, 0xab, 0x1a, 0x90, 0xff, 0x96, 0x9, 0x6c,
    0x3f, 0xef, 0x91, 0xfa, 0xf, 0xfe, 0x12, 0x1f,
    0xfc, 0x74, 0x8, 0x7f, 0xf1, 0x60, 0xb4, 0x3f,
    0xf8, 0x51, 0x9, 0x40, 0xff, 0xe0, 0x2e, 0x6,
    0x28, 0x3f, 0xe8, 0x83, 0x6a, 0xf, 0xf4, 0x21,
    0xe8, 0x3f, 0xe8, 0x83, 0xff, 0x8f, 0x87, 0xfc,
    0xff, 0x7, 0xff, 0x61, 0xfe, 0xf, 0xfe, 0xbf,
    0x7, 0x70,

    /* U+54CD "响" */
    0xf, 0xfe, 0x3, 0x7, 0xff, 0x1a, 0x43, 0xff,
    0x9d, 0x7e, 0x86, 0xb0, 0x2b, 0x90, 0x28, 0x2d,
    0x70, 0x17, 0xb0, 0x50, 0x3b, 0xff, 0x83, 0xff,
    0xd3, 0x5c, 0x1f, 0xfc, 0x35, 0xe0, 0xff, 0xe2,
    0x5e, 0xf, 0xff, 0xf8, 0x7f, 0xf3, 0x10, 0xfa,
    0x81, 0xfa, 0xe0, 0xf9, 0x41, 0xf5, 0x70, 0x7b,
    0xe8, 0x39, 0x78, 0x3f, 0xf9, 0x96, 0x1f, 0xfc,
    0xb, 0xe3, 0xf, 0xfe, 0x16, 0x12, 0x80,

    /* U+54EA "哪" */
    0xf, 0x7f, 0xc3, 0xfc, 0x7f, 0x7, 0xf6, 0x1f,
    0x90, 0xb8, 0xf2, 0x1b, 0xd0, 0x4d, 0x3, 0xff,
    0x85, 0x87, 0xff, 0x21, 0x83, 0xea, 0x14, 0x43,
    0xe4, 0x3e, 0x40, 0xa0, 0xf2, 0x1f, 0xdc, 0x79,
    0xe, 0xd0, 0xff, 0xe4, 0x21, 0xff, 0xc7, 0x84,
    0x3f, 0xf9, 0x10, 0x7d, 0xc7, 0x90, 0xf4, 0x1f,
    0x90, 0x28, 0x3e, 0x43, 0xf4, 0x34, 0x43, 0xf2,
    0x3c, 0x1b, 0xf, 0xfe, 0x32, 0x1f, 0xf4, 0x23,
    0xf1, 0x88, 0x7d, 0x68, 0x7e, 0x50, 0x7e, 0xab,
    0x38, 0x2c, 0x9a, 0x28, 0x32, 0x83, 0xc8, 0x81,
    0x44, 0x1f, 0xfc, 0x5, 0x43, 0xf0, 0x7f, 0x0,

    /* U+5510 "唐" */
    0xf, 0xf9, 0xf, 0xfe, 0x43, 0x40, 0xff, 0xe3,
    0xa2, 0x1f, 0xf5, 0xff, 0x81, 0xff, 0x90, 0xcd,
    0x78, 0x15, 0xf9, 0xd, 0x2f, 0xc2, 0xfe, 0xf,
    0x35, 0xc9, 0x5e, 0xf, 0xda, 0xf0, 0x17, 0xe0,
    0xfa, 0xfe, 0x4f, 0xd0, 0x7e, 0x97, 0xe1, 0x76,
    0x6a, 0xc, 0xd7, 0x81, 0x59, 0x1b, 0xd, 0xff,
    0x27, 0xe8, 0xb8, 0x39, 0x7e, 0x17, 0x61, 0xfd,
    0xd7, 0x2, 0xb2, 0x1e, 0x41, 0x7f, 0x27, 0xf9,
    0xf, 0xfe, 0x7a, 0xf, 0xe4, 0xff, 0x6, 0x43,
    0xd5, 0xfc, 0x1e, 0xcc, 0x25, 0xff, 0x83, 0x91,
    0xf, 0xfe, 0x32, 0x1e, 0x7f, 0xf9, 0xd, 0x10,
    0x75, 0x7f, 0x7, 0x42, 0x19, 0x7f, 0xe0, 0xce,
    0x1b, 0x83, 0xfa, 0xc2,

    /* U+5546 "商" */
    0xf, 0xf2, 0x83, 0xff, 0x91, 0x40, 0xff, 0xe4,
    0x24, 0x1f, 0xef, 0xfe, 0x47, 0xff, 0x42, 0xf0,
    0x4b, 0xc1, 0x2e, 0x5, 0x78, 0xaf, 0x3, 0xae,
    0xf, 0x26, 0x1e, 0x43, 0xff, 0x84, 0x86, 0x4c,
    0x3f, 0x5f, 0x81, 0xfa, 0x2f, 0xc1, 0xe5, 0xff,
    0xe1, 0x7, 0xea, 0xc0, 0xa9, 0xea, 0x43, 0xfd,
    0xb8, 0x6a, 0x7, 0xfc, 0xe4, 0x85, 0xaa, 0xf,
    0xe6, 0x1e, 0xb8, 0xe, 0x1f, 0x95, 0xaf, 0xea,
    0x83, 0xfa, 0x3, 0xfc, 0x5, 0x7, 0xff, 0xb1,
    0xfe, 0xf, 0xfe, 0x1a, 0xfe, 0xf, 0xfe, 0x15,
    0x7c, 0x7c, 0x87, 0xff, 0x19, 0x3, 0x0,

    /* U+5566 "啦" */
    0xf, 0xca, 0xf, 0xfe, 0x3f, 0x6, 0x74, 0x3f,
    0xf8, 0xc9, 0x86, 0xbf, 0x41, 0xfe, 0x43, 0xca,
    0xf, 0xcb, 0x1, 0x60, 0xa8, 0x6, 0x49, 0xa8,
    0x15, 0x7, 0xda, 0x7, 0xaf, 0xc1, 0xf5, 0xa7,
    0x2f, 0xe0, 0xff, 0xe0, 0xd8, 0x6d, 0xf, 0xfe,
    0xe, 0x1f, 0xfc, 0x74, 0x39, 0x10, 0xfe, 0x4e,
    0x44, 0x18, 0x7f, 0x58, 0x1c, 0x18, 0x14, 0x1f,
    0x90, 0xa0, 0x28, 0x3f, 0xf8, 0x1e, 0x43, 0xfb,
    0xf, 0xfe, 0x1e, 0x4, 0x43, 0x50, 0x3f, 0x91,
    0xc3, 0xca, 0xf, 0xf2, 0x84, 0x3b, 0xe8, 0x3f,
    0x42, 0x1f, 0xfc, 0x9c, 0x2b, 0x9, 0xa2, 0xf,
    0xe2, 0xf2, 0x1e, 0x51, 0xb, 0xfe,

    /* U+559C "喜" */
    0xf, 0xf2, 0x1f, 0xfc, 0x9a, 0x7, 0xfc, 0xbf,
    0xc2, 0xff, 0x86, 0xbf, 0x81, 0x5f, 0xc3, 0xff,
    0xc0, 0xff, 0xe0, 0x97, 0xf0, 0x17, 0xf0, 0x4d,
    0x7e, 0x5, 0x7e, 0x9, 0xff, 0xfe, 0x30, 0x72,
    0xff, 0xf0, 0xc3, 0xee, 0xbf, 0xf8, 0x48, 0x7e,
    0xff, 0xfa, 0xf, 0xf7, 0xff, 0xd0, 0x7e, 0xa8,
    0x15, 0xe0, 0x51, 0xf, 0x94, 0x5, 0xe0, 0x4a,
    0xc, 0xbe, 0x4, 0xba, 0x35, 0xf5, 0x78, 0xd,
    0x60, 0x35, 0xdf, 0xff, 0xca, 0x82, 0xff, 0xfe,
    0x1c, 0x1f, 0xab, 0xff, 0x80, 0x1f, 0xe5, 0xff,
    0xe0, 0x7, 0xf9, 0x7f, 0xf8, 0x1, 0xfe, 0xaf,
    0xfe, 0x0, 0x7f, 0xbf, 0xff, 0x80, 0x1c,

    /* U+55BB "喻" */
    0xf, 0xfe, 0xa, 0x1f, 0xfc, 0x7e, 0xc3, 0xff,
    0x8b, 0x89, 0x7, 0x35, 0x90, 0xd9, 0x45, 0x41,
    0xb5, 0xc1, 0xb1, 0x44, 0xa8, 0x3b, 0xc1, 0x38,
    0xc1, 0x4a, 0xc3, 0xf5, 0x5, 0x7f, 0x28, 0xd0,
    0xfd, 0xd7, 0xf6, 0x1f, 0xac, 0xb, 0xf0, 0xe8,
    0x7c, 0xbe, 0xe, 0x90, 0xfd, 0x5e, 0x6, 0x87,
    0xff, 0x2, 0xf4, 0x1f, 0xfc, 0x5c, 0x3f, 0xf9,
    0xf, 0xa0, 0xff, 0xe2, 0xb5, 0x7, 0xff, 0x17,
    0x50, 0x7f, 0xf1, 0xb5, 0x61, 0xff, 0x78, 0x33,
    0x44, 0x3f, 0xe5, 0x82, 0xbd, 0x4, 0xa0, 0xf5,
    0x48, 0x7f, 0x41, 0xda, 0x1f, 0x98, 0x2a, 0x61,
    0x30, 0x7e, 0x84, 0x58, 0x50, 0x7e, 0xd3, 0xd0,
    0xfd, 0x0,

    /* U+5668 "器" */
    0x2, 0xfe, 0x2, 0xfe, 0xd, 0x5f, 0x81, 0x5f,
    0x83, 0x9f, 0xc1, 0xcf, 0xe4, 0x3f, 0xfc, 0xcf,
    0xe0, 0xe7, 0xf2, 0x1c, 0xbf, 0x40, 0x5f, 0xc1,
    0xab, 0xe7, 0xac, 0x95, 0x7, 0xfd, 0x18, 0x4b,
    0x7, 0x7f, 0xe4, 0xbe, 0x4b, 0xe0, 0x2f, 0xc0,
    0x50, 0x17, 0xe0, 0x57, 0x9, 0x58, 0x7a, 0xe0,
    0x9b, 0xca, 0xd0, 0x3b, 0x72, 0x15, 0xca, 0xb8,
    0x3d, 0x73, 0x79, 0x90, 0x37, 0xd0, 0x3f, 0x41,
    0x28, 0x80, 0xb8, 0x43, 0x2e, 0x4, 0x19, 0xac,
    0x1c, 0xd6, 0xf, 0xff, 0x3b, 0xf8, 0x39, 0xfc,
    0x1f, 0xab, 0x7, 0xab, 0x7, 0xcb, 0xc1, 0xcb,
    0xc1, 0x80,

    /* U+56DB "四" */
    0x2b, 0xff, 0x8c, 0x8b, 0xff, 0xc6, 0xc0, 0xfe,
    0x1f, 0x87, 0xf0, 0x7f, 0xff, 0xc3, 0xff, 0xaa,
    0x98, 0x7f, 0xf1, 0x71, 0xf, 0xfe, 0x2a, 0x1e,
    0x43, 0xfe, 0xcc, 0x3d, 0xf8, 0x3d, 0x90, 0x76,
    0x87, 0xf2, 0x48, 0x7a, 0xfc, 0x1c, 0xe8, 0x7f,
    0xfb, 0x1f, 0xff, 0xe1, 0x87, 0xff, 0x31, 0xff,
    0xfe, 0x18, 0x7f, 0xf2, 0x80,

    /* U+56DE "回" */
    0xf, 0xfe, 0x4f, 0xff, 0xf1, 0xa0, 0xff, 0xe5,
    0x3f, 0xff, 0xc3, 0xf, 0xff, 0x27, 0xfe, 0x83,
    0xff, 0x82, 0xbc, 0x1f, 0xfc, 0x26, 0xb8, 0x3f,
    0xff, 0xe1, 0xff, 0xc7, 0x7f, 0x83, 0xff, 0x82,
    0xbf, 0xb0, 0xff, 0xab, 0xf2, 0x1f, 0xfe, 0x37,
    0xff, 0xf8, 0x61, 0xff, 0xcc, 0x7f, 0xff, 0x86,
    0x1f, 0xfc, 0xa0,

    /* U+56E0 "因" */
    0xf, 0xfe, 0x4f, 0xff, 0xf1, 0x83, 0xff, 0x96,
    0xff, 0xa9, 0xfe, 0x43, 0xfe, 0xa0, 0x7f, 0xfa,
    0x7f, 0x81, 0xfc, 0x87, 0xcb, 0xc0, 0x5f, 0x7,
    0xd5, 0xc0, 0xae, 0xf, 0xfe, 0x2, 0x1f, 0xfc,
    0x78, 0x18, 0x7f, 0xf0, 0xd0, 0x46, 0x1f, 0xfc,
    0x16, 0x36, 0x30, 0xff, 0xa8, 0x40, 0x63, 0xf,
    0xed, 0x34, 0x25, 0x18, 0x7e, 0x56, 0x1e, 0x98,
    0x3f, 0x50, 0x3f, 0x48, 0x79, 0xaf, 0xfe, 0x12,
    0x1c, 0xbf, 0xfc, 0x20, 0xf7, 0xff, 0xf0, 0x90,
    0xc8, 0x7f, 0xf1, 0x40,

    /* U+56FA "固" */
    0xf, 0xfe, 0x45, 0xff, 0xfc, 0x60, 0x97, 0xff,
    0x86, 0x1d, 0x5f, 0x1d, 0x79, 0xf, 0xf9, 0xc3,
    0xff, 0xa8, 0xff, 0xf, 0xf0, 0x7e, 0x5e, 0x2,
    0xf0, 0x7c, 0xd7, 0xd, 0x70, 0x7f, 0xf4, 0x7f,
    0xf, 0xc8, 0x7f, 0xf0, 0x17, 0xc1, 0xff, 0xc1,
    0x6b, 0xc1, 0xff, 0xe9, 0x7f, 0xc1, 0xff, 0xc0,
    0xaf, 0xe4, 0x3f, 0xcb, 0xfc, 0x1f, 0xfd, 0xf,
    0xff, 0xe1, 0xa1, 0x97, 0xff, 0x86, 0x1d, 0x5f,
    0xfc, 0x34, 0x0,

    /* U+56FD "国" */
    0xf, 0xfe, 0x4f, 0xff, 0xf1, 0xc2, 0x5f, 0xfe,
    0x18, 0x66, 0xbf, 0xf8, 0x61, 0xe6, 0xbf, 0xe0,
    0xfd, 0xaf, 0xfc, 0x1f, 0xaf, 0xc0, 0xfe, 0xf,
    0xff, 0x23, 0xf8, 0x1f, 0xc1, 0xf9, 0x78, 0xb,
    0xc1, 0xfd, 0x58, 0x16, 0x50, 0x3f, 0xf8, 0xac,
    0x1f, 0xfc, 0x55, 0x83, 0xff, 0x8d, 0x40, 0xfe,
    0xfe, 0x7, 0xd7, 0x7, 0xcb, 0xff, 0xc0, 0xc3,
    0xea, 0xff, 0xe0, 0x21, 0xcd, 0x7f, 0xf0, 0xc3,
    0x97, 0xff, 0x86, 0x19, 0xff, 0xfe, 0x18, 0x7f,
    0xf2, 0x80,

    /* U+56FE "图" */
    0xf, 0xfe, 0x45, 0xff, 0xfc, 0x60, 0x97, 0xff,
    0x86, 0x1d, 0x5b, 0x6b, 0xf9, 0xf, 0xd0, 0x7f,
    0xf1, 0xb0, 0x7f, 0xc1, 0xfd, 0x82, 0xfc, 0x88,
    0x7e, 0xcd, 0x90, 0x4a, 0x83, 0xf5, 0x93, 0x4d,
    0xa0, 0x7f, 0x21, 0x62, 0x1f, 0xfc, 0x26, 0xe6,
    0x85, 0xc8, 0x7d, 0xca, 0xe5, 0x72, 0xa8, 0x1e,
    0xbc, 0x7a, 0x46, 0xf4, 0x1e, 0x41, 0x45, 0x5e,
    0xf, 0xfe, 0x13, 0x7d, 0x7, 0xfc, 0xfa, 0x88,
    0x10, 0xff, 0x99, 0x1b, 0xd2, 0x1f, 0xf3, 0x4f,
    0x4a, 0x83, 0xff, 0x88, 0xde, 0xf, 0xdf, 0xff,
    0xc3, 0x43, 0x2f, 0xff, 0xc, 0x3a, 0xbf, 0xf8,
    0x68, 0x0,

    /* U+5728 "在" */
    0xf, 0xcc, 0x1f, 0xfc, 0x89, 0xf, 0xfe, 0x3a,
    0x21, 0xff, 0xc0, 0x6b, 0xe1, 0xaf, 0xf8, 0xd7,
    0xc1, 0x2f, 0xfc, 0x5f, 0xc0, 0xbf, 0xff, 0x80,
    0x1e, 0x40, 0x87, 0xff, 0x1a, 0x20, 0xee, 0xf,
    0xfa, 0x2, 0x1e, 0x43, 0xfe, 0x4c, 0x3f, 0xf8,
    0xd8, 0x87, 0xff, 0x1a, 0x6, 0x3f, 0xc0, 0xfe,
    0x41, 0x21, 0xb0, 0xff, 0xe1, 0x48, 0x85, 0x7f,
    0x3, 0xf9, 0xb, 0xc1, 0xff, 0xc6, 0xb0, 0xff,
    0xff, 0x87, 0xff, 0x15, 0xaf, 0x2, 0xbc, 0x1f,
    0x6b, 0xe0, 0x2f, 0xc1, 0xeb, 0xff, 0xf8, 0x48,
    0x7f, 0xf2, 0x80,

    /* U+5730 "地" */
    0xf, 0xfe, 0x6d, 0x3, 0xf5, 0x87, 0xf9, 0x41,
    0xff, 0xce, 0xe0, 0xff, 0xf3, 0xb8, 0x7f, 0xf1,
    0x5b, 0x82, 0x7c, 0xf, 0x7, 0x28, 0x96, 0x9,
    0xf, 0xe7, 0x81, 0x70, 0x77, 0x81, 0xd3, 0xa,
    0x44, 0x3f, 0xf8, 0x28, 0x1d, 0xf, 0xfe, 0x1b,
    0xe0, 0xff, 0xf4, 0xa1, 0xff, 0xc7, 0xf0, 0x7f,
    0xf2, 0xe0, 0xfc, 0xc1, 0xfb, 0xe7, 0x43, 0xb9,
    0xf, 0xfe, 0xe, 0xf8, 0xd, 0x87, 0x58, 0x7b,
    0x3, 0x72, 0x12, 0x1f, 0x90, 0x3c, 0x87, 0xdd,
    0x7b, 0x84, 0x3f, 0xb0, 0x2f, 0x81, 0x0,

    /* U+573A "场" */
    0xc, 0xa0, 0xff, 0xe4, 0x58, 0x7f, 0xf3, 0x7f,
    0xfd, 0x7, 0xfc, 0x87, 0xff, 0x26, 0xfe, 0x40,
    0xc1, 0xff, 0xc4, 0xd3, 0x83, 0x34, 0x1a, 0x6,
    0xb1, 0xc3, 0xda, 0x80, 0xb0, 0x34, 0xe0, 0xfa,
    0xf0, 0x3c, 0xac, 0x70, 0xff, 0xe0, 0xa0, 0x60,
    0x3f, 0xf8, 0x3f, 0x96, 0x2, 0x80, 0xa0, 0xff,
    0xe0, 0x50, 0x14, 0x4a, 0x21, 0xff, 0xc2, 0x40,
    0xa0, 0x21, 0xff, 0xc0, 0x88, 0x3f, 0xf8, 0xea,
    0x2, 0x61, 0xfe, 0x6c, 0x8c, 0x10, 0x87, 0xcc,
    0x5, 0x4b, 0x4, 0x86, 0x41, 0xc9, 0x79, 0x20,
    0x64, 0x1f, 0x2b, 0xca, 0x8c, 0x10, 0x87, 0xea,
    0x7, 0x60, 0x51, 0x4, 0x98, 0x7c, 0xe0, 0x63,
    0x29, 0xc1, 0xff, 0xc1, 0x8c, 0xa, 0x4, 0x87,
    0xfd, 0x61, 0x7e, 0x40,

    /* U+5740 "址" */
    0xc, 0x87, 0xfa, 0x43, 0xf5, 0x3, 0xfc, 0xc1,
    0xff, 0xff, 0xf, 0x70, 0x7f, 0xf0, 0xd0, 0xff,
    0xe2, 0x3e, 0x4b, 0xc1, 0xff, 0xd3, 0xfc, 0x3e,
    0x4f, 0x83, 0xff, 0xa7, 0xf8, 0x3f, 0xff, 0xe1,
    0xff, 0xdd, 0xbc, 0x1f, 0xfc, 0x36, 0x44, 0x3f,
    0xf8, 0x9c, 0x8d, 0xe0, 0xff, 0xe1, 0x2a, 0xe5,
    0x53, 0x1a, 0x81, 0x5f, 0x21, 0x6a, 0x9, 0x60,
    0x2f, 0x7, 0xaf, 0xff, 0xe1, 0x80,

    /* U+5757 "块" */
    0xf, 0xfe, 0xa, 0x1f, 0xf5, 0x87, 0xd4, 0xf,
    0xff, 0x82, 0xf1, 0x2f, 0x7, 0xfb, 0xa8, 0xd,
    0x6c, 0x3f, 0xd5, 0x81, 0x58, 0x3b, 0xc9, 0xe8,
    0x58, 0xb, 0x83, 0x21, 0xe4, 0x3f, 0xf8, 0x4f,
    0x93, 0xe0, 0xff, 0xfa, 0xdf, 0x81, 0xf8, 0x78,
    0x3f, 0x2e, 0x9, 0x7d, 0x87, 0xd5, 0xc0, 0x6b,
    0xc8, 0x7f, 0xd0, 0x10, 0xff, 0xe0, 0x36, 0x12,
    0x44, 0x1f, 0x94, 0x48, 0x51, 0x2d, 0x7, 0x3c,
    0x7, 0xc4, 0x89, 0xc, 0x19, 0x2f, 0x40, 0x93,
    0xb, 0x1c, 0x36, 0x86, 0xd3, 0xe, 0xc1, 0xc1,
    0xf6, 0x38, 0x7d, 0xa2, 0x83, 0xd5, 0x7, 0xf5,
    0xa8,

    /* U+57FA "基" */
    0xe, 0x43, 0xfc, 0x87, 0xfa, 0x81, 0xfd, 0x40,
    0xfc, 0x87, 0xf9, 0xf, 0x9f, 0x43, 0xff, 0xa1,
    0xf8, 0xd, 0x43, 0x5f, 0xc3, 0x4c, 0x25, 0x80,
    0xbf, 0x82, 0x50, 0x7e, 0x7f, 0xf4, 0x1f, 0xfc,
    0x6, 0xbf, 0x83, 0xff, 0x82, 0xbf, 0xc1, 0xff,
    0xc0, 0x7f, 0xf8, 0x3f, 0xf8, 0xd, 0x7f, 0x7,
    0xff, 0x5, 0x7f, 0x83, 0xef, 0xc3, 0xff, 0xc3,
    0xf4, 0x57, 0x1, 0xae, 0x3, 0x5b, 0x17, 0x63,
    0x20, 0x56, 0x2f, 0x83, 0x6a, 0x81, 0xc1, 0x46,
    0x87, 0x58, 0xeb, 0x1, 0x62, 0x2d, 0x6, 0x97,
    0x59, 0x2b, 0x79, 0x28, 0xb, 0x57, 0xe4, 0xbe,
    0x8b, 0x73, 0x43, 0xf9, 0xf, 0xa4, 0x15, 0xf9,
    0x2b, 0xf0, 0x65, 0xfc, 0x5, 0xfe, 0x0,

    /* U+5806 "堆" */
    0xc, 0x87, 0x30, 0x48, 0x7f, 0x50, 0x3b, 0x42,
    0xa0, 0x7f, 0xf0, 0xd0, 0xe4, 0x3f, 0xf8, 0x48,
    0x84, 0x88, 0x7f, 0xf0, 0x71, 0xa9, 0x2b, 0x7,
    0xf9, 0x2, 0xc1, 0x2e, 0x3c, 0x9e, 0x20, 0x7e,
    0x7, 0xe4, 0x3e, 0x50, 0x7f, 0xf0, 0xbc, 0x9e,
    0x83, 0xff, 0x90, 0x86, 0xac, 0xa, 0xc1, 0xf6,
    0x60, 0x5c, 0x5, 0xc1, 0xf4, 0x85, 0xf8, 0x1f,
    0x83, 0xf4, 0x1f, 0xfe, 0x3a, 0xc0, 0xac, 0x1f,
    0xa0, 0x97, 0x1, 0x70, 0x7b, 0xc8, 0x5f, 0x81,
    0xf8, 0xe, 0x81, 0x83, 0xff, 0x85, 0xc3, 0x72,
    0x1f, 0xfc, 0x2a, 0x72, 0x1e, 0xac, 0xa, 0xcb,
    0x7, 0xf2, 0xe0, 0x2e, 0xf, 0xfe, 0x7, 0xff,
    0x90, 0xff, 0xe5, 0x0,

    /* U+58EB "士" */
    0xf, 0xf2, 0x83, 0xff, 0x91, 0x40, 0xff, 0xff,
    0x87, 0xff, 0xa9, 0xf, 0xfe, 0x7, 0xff, 0x40,
    0xff, 0xe5, 0x7, 0xff, 0x26, 0xff, 0xe0, 0x7f,
    0xf2, 0x1f, 0xff, 0xf0, 0xff, 0xff, 0x87, 0xff,
    0x3d, 0xff, 0xc0, 0xff, 0xa0, 0xff, 0xe4, 0xa1,
    0x3f, 0xff, 0xc6, 0x0,

    /* U+58F0 "声" */
    0xf, 0xf2, 0x83, 0xff, 0x91, 0x61, 0xff, 0xd4,
    0xbf, 0xf8, 0x7f, 0xf8, 0xd7, 0xf8, 0xb, 0xfc,
    0x35, 0xfc, 0x35, 0xfc, 0x1f, 0xfc, 0xdf, 0xfc,
    0x3f, 0xf2, 0x1a, 0xbf, 0xf8, 0xa8, 0x65, 0xff,
    0xe2, 0x87, 0xab, 0xff, 0x88, 0x1e, 0x5f, 0xfe,
    0x20, 0x7c, 0xff, 0xf, 0xf0, 0x7f, 0xf9, 0xd1,
    0xfe, 0x1f, 0xe0, 0xff, 0x2f, 0xff, 0x8, 0x3b,
    0x2b, 0xff, 0x86, 0x1c, 0x88, 0x7f, 0xf1, 0x91,
    0xf, 0xfe, 0x3c, 0x41, 0xff, 0xc6, 0x44, 0x3f,
    0xf8, 0xed, 0x3, 0xff, 0x8e,

    /* U+5904 "处" */
    0xf, 0xfe, 0x75, 0xa1, 0xf7, 0x7, 0xf9, 0x10,
    0xff, 0xee, 0x20, 0x5e, 0xf, 0xfe, 0x16, 0xa,
    0xe0, 0xff, 0xe1, 0x25, 0x60, 0xf2, 0x1f, 0x91,
    0x78, 0x3e, 0xc3, 0xec, 0x83, 0xff, 0x81, 0xa1,
    0xc8, 0x84, 0x88, 0x66, 0x28, 0x14, 0xc, 0x2c,
    0xc3, 0x9c, 0x60, 0x20, 0x42, 0x44, 0x3e, 0xc5,
    0x8e, 0x11, 0x10, 0xfe, 0xd7, 0x9, 0x11, 0x87,
    0xfa, 0x4, 0x4, 0x40, 0x87, 0xff, 0x12, 0x22,
    0xf, 0xfe, 0x4a, 0x1f, 0xfc, 0x54, 0x24, 0x3f,
    0xf8, 0x8c, 0x25, 0x3, 0xff, 0x84, 0xc5, 0x31,
    0xe4, 0xe0, 0xfa, 0x84, 0x83, 0x46, 0xff, 0xd0,
    0x92, 0x1a, 0xe4, 0x3f, 0x65, 0xa1, 0xf3, 0x7f,
    0xe4,

    /* U+5907 "备" */
    0xf, 0xa8, 0x1f, 0xfc, 0x79, 0xf, 0xfe, 0x3a,
    0x81, 0x5f, 0xe0, 0xf9, 0x80, 0xbf, 0xf0, 0x79,
    0x81, 0xff, 0xa0, 0x21, 0xcc, 0x26, 0x1e, 0xa1,
    0x40, 0xd4, 0x39, 0x34, 0xe, 0x9a, 0x1f, 0x60,
    0xa1, 0x7a, 0x2c, 0x3e, 0xb0, 0xca, 0xc, 0xa0,
    0xff, 0x9b, 0xc8, 0xa1, 0xf4, 0x86, 0x6f, 0x48,
    0xdd, 0x38, 0xd, 0xf2, 0x23, 0x7a, 0x43, 0x3e,
    0x90, 0x95, 0xe3, 0xaf, 0xfb, 0x1f, 0x6, 0x5f,
    0xfe, 0x20, 0x7e, 0xfe, 0x7, 0xf0, 0x7f, 0xf5,
    0x2b, 0x81, 0x5c, 0x1f, 0xe5, 0xe0, 0x2f, 0x7,
    0xfb, 0xf8, 0x1f, 0xc1, 0xff, 0xd4, 0xfe, 0x7,
    0xf0, 0x7f, 0x97, 0xff, 0x80, 0x1f, 0xea, 0xff,
    0xe0, 0x7, 0x0,

    /* U+590D "复" */
    0xf, 0x28, 0x3f, 0xf9, 0xd, 0x87, 0xff, 0x22,
    0x2, 0xff, 0xf0, 0x83, 0xa0, 0x35, 0xff, 0xc1,
    0xc3, 0x4a, 0xff, 0xfe, 0x1c, 0x12, 0x8c, 0x3f,
    0xf8, 0xcc, 0xb, 0xff, 0xf8, 0x41, 0xa3, 0x4b,
    0xff, 0xe0, 0xf7, 0x82, 0x43, 0xff, 0x95, 0xff,
    0xfc, 0x0, 0xff, 0xbf, 0xff, 0x80, 0x1f, 0xfd,
    0x6f, 0xff, 0xe0, 0x7, 0xf5, 0x40, 0xaf, 0xf6,
    0x1f, 0x98, 0x97, 0xfc, 0x1f, 0xd8, 0x2f, 0xff,
    0x83, 0xce, 0x13, 0x5f, 0x20, 0x43, 0xa8, 0x5a,
    0xa5, 0xed, 0x28, 0x19, 0x6d, 0x28, 0x73, 0x6a,
    0xd0, 0xe6, 0x81, 0x98, 0x64, 0x60, 0xfc, 0x8a,
    0xbd, 0xc, 0x8f, 0xa8, 0xa0, 0xbd, 0x44, 0xbd,
    0x37, 0x22, 0xa8, 0x12, 0xaf, 0x90, 0xf3, 0x7d,
    0x40,

    /* U+590F "夏" */
    0xf, 0xfe, 0x5f, 0xff, 0xf2, 0x22, 0xbf, 0x81,
    0x5f, 0xe1, 0x7f, 0x4, 0xbf, 0xc1, 0xaf, 0xe8,
    0x1f, 0xf0, 0x7e, 0xbf, 0xfe, 0xf, 0xfe, 0xa5,
    0xff, 0xf0, 0x7f, 0xbf, 0xff, 0x80, 0x87, 0xf7,
    0xff, 0xf0, 0x10, 0xfe, 0xbf, 0xfe, 0xf, 0xfe,
    0xa5, 0xff, 0xf0, 0x7e, 0xbc, 0xb, 0xff, 0xc1,
    0xfb, 0x11, 0x7f, 0xc1, 0xe7, 0x3, 0x5f, 0xf0,
    0x75, 0x2, 0x7f, 0xe4, 0x10, 0x6d, 0x5e, 0x9e,
    0x41, 0x6a, 0xd0, 0xcd, 0x0, 0xf3, 0x79, 0x5c,
    0x1e, 0x90, 0x37, 0x7, 0x3d, 0x10, 0xd7, 0xd2,
    0x37, 0xe9, 0x6b, 0xd0, 0x15, 0x7d, 0x21, 0x9b,
    0xe9, 0xc0,

    /* U+5916 "外" */
    0xe, 0xa0, 0x7d, 0xc1, 0xff, 0x28, 0x3f, 0xf8,
    0xe8, 0x87, 0xff, 0x1f, 0x1a, 0xe0, 0xff, 0xe1,
    0x20, 0x5e, 0xf, 0xfe, 0xc, 0x5f, 0x83, 0xff,
    0x86, 0x88, 0x48, 0x84, 0x87, 0xe4, 0x43, 0x66,
    0x1b, 0x43, 0xd1, 0x86, 0x44, 0x3a, 0x81, 0xa0,
    0x50, 0x3f, 0x98, 0x60, 0x92, 0x1c, 0x44, 0x39,
    0xc6, 0xa, 0x70, 0x31, 0x7, 0xd8, 0xc4, 0x83,
    0x80, 0x87, 0xf6, 0x42, 0x19, 0x8c, 0x3f, 0xd8,
    0x7c, 0x81, 0xf, 0xfe, 0x34, 0x61, 0xff, 0xc6,
    0xc8, 0x3f, 0xf8, 0xd8, 0xa0, 0xff, 0xe2, 0xe0,
    0x83, 0xff, 0x8b, 0x83, 0xf, 0xfe, 0x2e, 0xc,
    0x3f, 0xf8, 0xd3, 0x87, 0xff, 0x1d, 0x83, 0xfe,
    0xe0, 0xf0,

    /* U+591A "多" */
    0xf, 0xf2, 0x1f, 0xfc, 0x7a, 0x83, 0xff, 0x8b,
    0xaa, 0xf, 0xfe, 0x1b, 0x81, 0xff, 0xe0, 0xf5,
    0x5, 0xfe, 0xf, 0xad, 0x1a, 0xfc, 0x8e, 0x7,
    0x44, 0x74, 0x35, 0x94, 0x9, 0x57, 0x71, 0x1,
    0xd5, 0xa1, 0xd2, 0x13, 0xd3, 0x8a, 0x7, 0xff,
    0x1, 0xe4, 0x74, 0x3f, 0x9b, 0xd1, 0x62, 0x83,
    0xf7, 0xa4, 0x6d, 0xc9, 0xf, 0xca, 0xbd, 0x2b,
    0x5, 0xff, 0x45, 0x10, 0xa8, 0x2f, 0xe0, 0xfd,
    0x6a, 0xeb, 0xe4, 0x60, 0xad, 0x3, 0x7, 0xb1,
    0x80, 0xea, 0xf9, 0x5a, 0x7, 0x28, 0x12, 0xb8,
    0x2a, 0x2d, 0xc6, 0x87, 0x41, 0xe4, 0xe2, 0xc3,
    0xff, 0x80, 0xf9, 0x2d, 0xf, 0xe6, 0xf4, 0x36,
    0x87, 0xf7, 0xa4, 0x6e, 0x43, 0xfe, 0x55, 0xe9,
    0xf, 0xfe, 0x8,

    /* U+5927 "大" */
    0xf, 0xfe, 0xa7, 0x83, 0xff, 0xfe, 0x1f, 0xfe,
    0x2f, 0xfe, 0x7, 0xff, 0x1, 0x7f, 0x80, 0xbf,
    0xc0, 0xaf, 0xe0, 0x57, 0xf0, 0x7f, 0x90, 0x21,
    0xff, 0xc6, 0xc1, 0x87, 0xff, 0x19, 0x2, 0x1f,
    0xfc, 0x54, 0x62, 0xf, 0xfe, 0x24, 0x48, 0x87,
    0xff, 0xf, 0x10, 0x46, 0x1f, 0xfc, 0x18, 0x10,
    0x14, 0x41, 0xff, 0x49, 0x86, 0x87, 0xf, 0xe9,
    0x30, 0xf6, 0xc, 0x3c, 0xe9, 0x87, 0xec, 0x1a,
    0x15, 0x1, 0x87, 0xfb, 0x4a, 0x1, 0x1c, 0x3f,
    0xf8, 0x14, 0x14, 0x54, 0x1f, 0xfc, 0x27, 0x90,

    /* U+5929 "天" */
    0x5, 0x7f, 0xf1, 0x83, 0x2f, 0xff, 0x18, 0x37,
    0xfe, 0x7, 0xfe, 0xf, 0xff, 0xf8, 0x7f, 0xf1,
    0x3f, 0xf8, 0x1f, 0xfc, 0x21, 0xff, 0xc9, 0x7f,
    0xf4, 0xb, 0xff, 0x7, 0xfb, 0x6, 0x1f, 0xfc,
    0x64, 0x8, 0x7f, 0xf1, 0x61, 0x88, 0x3f, 0xf8,
    0x6a, 0x24, 0x50, 0x7f, 0xf0, 0xa2, 0x4, 0x48,
    0x7f, 0xce, 0x28, 0xc, 0x48, 0x7f, 0x50, 0x60,
    0xca, 0x28, 0x1e, 0x74, 0xa0, 0x7a, 0x83, 0xc1,
    0x50, 0x12, 0x1f, 0x9c, 0xe, 0x88, 0xe8, 0x7f,
    0xdc, 0x4, 0xb8, 0x3f, 0xf8, 0x4f, 0x0,

    /* U+592A "太" */
    0xf, 0xfe, 0xa7, 0x83, 0xff, 0xfe, 0x1f, 0xfc,
    0xcf, 0xfe, 0x7, 0xff, 0x7, 0xff, 0x33, 0xff,
    0x40, 0xff, 0xe0, 0xff, 0x60, 0x43, 0xff, 0x8c,
    0x82, 0xf, 0xfe, 0x42, 0x1f, 0xfc, 0x6c, 0xa1,
    0x87, 0xff, 0xd, 0x2, 0x12, 0x1f, 0xfc, 0x28,
    0x81, 0x90, 0x7f, 0xf0, 0x61, 0x41, 0x26, 0x1f,
    0xf4, 0x92, 0x14, 0x8, 0x3f, 0x94, 0x74, 0x42,
    0xc6, 0xf, 0xa8, 0x44, 0x48, 0x58, 0xc1, 0xda,
    0x48, 0x32, 0xd, 0xe, 0x16, 0x9, 0xd, 0x10,
    0x4c, 0xd, 0xb, 0x43, 0x9a, 0x6, 0x74, 0x4b,
    0xf, 0xc8, 0x7d, 0x60,

    /* U+592B "夫" */
    0xf, 0xf2, 0x83, 0xff, 0x91, 0x40, 0xff, 0xf6,
    0x57, 0xe0, 0x57, 0xe0, 0xcb, 0xf8, 0xb, 0xf8,
    0x37, 0xfe, 0x7, 0xfe, 0xf, 0xff, 0xcd, 0x7f,
    0x2, 0xbf, 0x80, 0xbf, 0xc0, 0x5f, 0xe0, 0x7f,
    0xe8, 0x17, 0xfe, 0xf, 0xf4, 0xc, 0x3f, 0xf8,
    0xa8, 0x14, 0x1f, 0xfc, 0x58, 0xa1, 0x87, 0xff,
    0xf, 0x14, 0x26, 0x1f, 0xfc, 0x1c, 0x10, 0x24,
    0xc3, 0xfc, 0xe0, 0xc3, 0x49, 0xa1, 0xf7, 0xe,
    0x1e, 0x92, 0xd0, 0xbc, 0xa, 0x7, 0xeb, 0x5,
    0xa1, 0x3a, 0x1f, 0xf7, 0x1, 0x3d, 0x7, 0xff,
    0x9, 0xf0,

    /* U+5931 "失" */
    0xf, 0xfe, 0x7a, 0x1a, 0xc3, 0xff, 0x84, 0xc8,
    0x7f, 0xf1, 0xe1, 0xf, 0xfe, 0xe2, 0xf, 0xc9,
    0xff, 0x83, 0xa0, 0xff, 0xe4, 0x23, 0xfc, 0x9f,
    0xf8, 0x34, 0x41, 0xc8, 0x7f, 0xf0, 0x54, 0x1f,
    0xfc, 0x8a, 0x7, 0xff, 0x1f, 0xff, 0x81, 0xff,
    0xc1, 0xff, 0xcc, 0xff, 0xd0, 0x1f, 0xfc, 0x1f,
    0xe8, 0x8, 0x7f, 0xf1, 0x50, 0x44, 0x1f, 0xfc,
    0x36, 0x34, 0x60, 0xff, 0xe0, 0xb1, 0x3, 0x18,
    0x3f, 0xea, 0x12, 0x16, 0x38, 0x7e, 0x74, 0x90,
    0xec, 0x1c, 0x19, 0xe0, 0x68, 0x7d, 0xa3, 0xc0,
    0x81, 0x61, 0xfe, 0xb4, 0x41, 0x4d, 0xf, 0xfe,
    0xd, 0xc0,

    /* U+5934 "头" */
    0xf, 0xfe, 0x3, 0xa1, 0xff, 0x58, 0x7f, 0xf2,
    0xb8, 0x3f, 0xf8, 0xd4, 0x1c, 0x3f, 0xf8, 0xce,
    0x9a, 0x61, 0xff, 0xc4, 0xa0, 0x7f, 0xf0, 0xee,
    0x9, 0xd0, 0xff, 0xe0, 0xe3, 0xa1, 0xff, 0xc5,
    0x74, 0xb0, 0xff, 0xe3, 0x58, 0x30, 0xe4, 0x3f,
    0xf8, 0x3d, 0x2, 0x43, 0xff, 0x88, 0xa0, 0xff,
    0xe1, 0x7f, 0xfc, 0xf, 0xfa, 0x17, 0xfc, 0x12,
    0xfd, 0x95, 0xfe, 0x7, 0x5f, 0x21, 0xfe, 0x81,
    0x7, 0xff, 0x16, 0x40, 0xe8, 0x7f, 0xf0, 0x5d,
    0x3d, 0x16, 0x87, 0xf3, 0xc0, 0xc0, 0xe9, 0x40,
    0xeb, 0xd0, 0x2c, 0x3a, 0xc7, 0x81, 0xa0, 0x6d,
    0xf, 0xdc, 0x28, 0x55, 0xc8, 0x7f, 0xcf, 0x20,

    /* U+5973 "女" */
    0xf, 0xe4, 0x3f, 0xf9, 0x14, 0x43, 0xff, 0x8e,
    0x88, 0x7f, 0xf7, 0x11, 0xf, 0xfe, 0x3e, 0x61,
    0xff, 0xc1, 0xff, 0x25, 0xff, 0xfc, 0x0, 0xff,
    0xe4, 0xa7, 0xf2, 0x5f, 0xe8, 0x7e, 0x83, 0xc8,
    0x87, 0xb3, 0xf, 0xe8, 0x43, 0xe4, 0x43, 0xf9,
    0x20, 0xf2, 0x21, 0xfc, 0x87, 0xf6, 0x61, 0xfd,
    0x7, 0xe5, 0x8, 0x7f, 0x40, 0xf2, 0x14, 0x41,
    0xfe, 0x78, 0x14, 0x60, 0x21, 0xff, 0xc0, 0x78,
    0x64, 0xc3, 0xff, 0x86, 0xc1, 0xa0, 0xff, 0xe1,
    0x3c, 0x28, 0x78, 0x3f, 0xd7, 0x2, 0xad, 0x1e,
    0xc, 0xde, 0x46, 0xd0, 0xad, 0x1d, 0x4, 0x82,
    0xe4, 0x3e, 0xa0, 0x30, 0x53, 0xc8, 0x7f, 0xcf,
    0x40,

    /* U+5979 "她" */
    0xf, 0xfe, 0x6f, 0x83, 0xfb, 0x83, 0xff, 0xa8,
    0x87, 0x48, 0x7f, 0xf2, 0x1c, 0x3f, 0xe5, 0x1,
    0x60, 0xff, 0x34, 0x1a, 0xd, 0x41, 0xf3, 0x72,
    0x6, 0x4a, 0x7, 0xd0, 0x11, 0xc, 0x81, 0x41,
    0xce, 0x83, 0xd0, 0x7f, 0x9b, 0x3, 0x88, 0x7e,
    0x43, 0xb4, 0x60, 0xfb, 0xc, 0x85, 0xb0, 0x7f,
    0xf0, 0xf1, 0x10, 0xff, 0xe1, 0xa2, 0x61, 0xff,
    0xc0, 0x43, 0x64, 0x21, 0xfe, 0x78, 0x41, 0xe,
    0x21, 0xfc, 0xb6, 0x1b, 0x41, 0x7, 0xfa, 0x87,
    0x5, 0x82, 0xf, 0xfe, 0x12, 0x14, 0x2a, 0xf,
    0x70, 0x7e, 0xca, 0x2a, 0x2, 0x1f, 0xc9, 0xa,
    0x26, 0xb, 0xaf, 0x60, 0x5a, 0xa, 0x6, 0x5,
    0xf0, 0xca, 0x83, 0xf7, 0xff, 0x40,

    /* U+597D "好" */
    0xc, 0x87, 0xff, 0x22, 0x81, 0xff, 0xcf, 0x7f,
    0xfc, 0x19, 0xf, 0x61, 0xff, 0xc9, 0xbf, 0xe0,
    0x23, 0xe0, 0x7e, 0xf, 0xd8, 0xc1, 0xff, 0xc5,
    0xc6, 0x3, 0xc5, 0xe4, 0x3e, 0xc6, 0xf, 0xf2,
    0x1e, 0x46, 0xf, 0x62, 0x12, 0x1f, 0x61, 0xf2,
    0x1f, 0xfc, 0x1c, 0x3f, 0x20, 0x4e, 0xfd, 0xf,
    0xe8, 0x4c, 0x18, 0x87, 0xff, 0x3, 0x30, 0xc8,
    0x2f, 0xd1, 0x7e, 0x4c, 0xa2, 0x21, 0xff, 0xc3,
    0x71, 0x8c, 0x3f, 0xf8, 0xb8, 0x48, 0x7f, 0xf2,
    0x74, 0x3f, 0xf8, 0x98, 0xc5, 0x3, 0xff, 0x85,
    0x8c, 0xe2, 0x1b, 0xf, 0xd8, 0xc1, 0x78, 0xf9,
    0xf, 0x91, 0x83, 0xfe, 0x50, 0x73, 0xc1, 0xfb,
    0xf4, 0x1e,

    /* U+5982 "如" */
    0xc, 0x87, 0xff, 0x22, 0x81, 0xff, 0xc6, 0x4c,
    0x3f, 0xf9, 0xeb, 0xf8, 0x36, 0x21, 0xea, 0xfc,
    0x3e, 0x4f, 0xe0, 0xd5, 0x82, 0xc3, 0xff, 0x80,
    0xbe, 0x5, 0xe0, 0x7c, 0x87, 0xff, 0x11, 0x9,
    0xf, 0xfe, 0x12, 0x61, 0x90, 0xff, 0xe0, 0xe1,
    0xff, 0xc8, 0x44, 0x9, 0x87, 0xff, 0x1b, 0x10,
    0xff, 0xe0, 0x22, 0x12, 0x1f, 0xfc, 0x45, 0x4,
    0x87, 0xff, 0x5, 0x8a, 0x88, 0x3f, 0xf8, 0x4e,
    0x2c, 0x1f, 0xfc, 0x58, 0xa, 0xf, 0xfe, 0x1b,
    0x9, 0x21, 0x3f, 0x90, 0xcc, 0x54, 0x50, 0x3f,
    0xea, 0x1a, 0x38, 0x77, 0xe4, 0x12, 0x61, 0xdc,
    0x4, 0x3e, 0xa6, 0x1f, 0xdc, 0x1a, 0xc0,

    /* U+5988 "妈" */
    0xf, 0xfe, 0x67, 0x7, 0xff, 0x36, 0xff, 0xe0,
    0xf6, 0x1b, 0xf, 0xc8, 0x64, 0x3c, 0xff, 0xc1,
    0x9a, 0x15, 0x80, 0xe1, 0x93, 0x6, 0x84, 0xb0,
    0x30, 0xff, 0x5a, 0x7a, 0xf, 0xfe, 0x22, 0x81,
    0x87, 0xf6, 0x21, 0xff, 0xc0, 0x43, 0xfe, 0x4c,
    0x8, 0x7f, 0x21, 0xf2, 0x12, 0x1b, 0xf0, 0x3c,
    0x98, 0x49, 0x81, 0x7f, 0x6, 0x42, 0xc4, 0x15,
    0xf9, 0x11, 0x31, 0xf, 0xfe, 0x24, 0x98, 0x8d,
    0x7e, 0xf, 0x50, 0x18, 0x17, 0xf0, 0x87, 0x60,
    0x95, 0xff, 0x83, 0xca, 0x22, 0x43, 0xff, 0x82,
    0xc6, 0xc4, 0x1f, 0x90, 0x98, 0x80, 0xd0, 0x37,
    0xe8, 0x4c, 0x90, 0x94, 0x1f, 0xcc, 0x5a, 0x1f,
    0xef, 0xe8, 0x0,

    /* U+59CB "始" */
    0xf, 0xfe, 0x6f, 0x7, 0xef, 0x7, 0xf2, 0x61,
    0xf2, 0x1f, 0xfc, 0x98, 0x80, 0x87, 0xe4, 0x3c,
    0x81, 0x28, 0x85, 0x71, 0xf8, 0x28, 0xc1, 0x10,
    0x7f, 0xf0, 0x61, 0xc, 0x88, 0x2c, 0x1e, 0x40,
    0xa2, 0xd, 0x10, 0x72, 0x1d, 0x3, 0xfc, 0x4,
    0x9, 0x81, 0xf, 0x97, 0x44, 0x19, 0xe, 0xfe,
    0xac, 0xa0, 0xb0, 0xe4, 0x3f, 0xeb, 0x2, 0x12,
    0x61, 0xff, 0xc4, 0x41, 0x88, 0x3f, 0xfc, 0x19,
    0x42, 0x1e, 0x5f, 0x7, 0x45, 0x4, 0x33, 0x5e,
    0xe, 0x71, 0x20, 0xff, 0xe3, 0x40, 0xc3, 0xff,
    0x8a, 0xc2, 0x61, 0xff, 0xc4, 0x8e, 0x86, 0x6,
    0xbc, 0x1d, 0x90, 0x1b, 0x9, 0x7c, 0x1a, 0x14,
    0x12, 0x13, 0xfe, 0xd, 0x30, 0x7f, 0xf1, 0xc0,

    /* U+59D4 "委" */
    0xf, 0xfe, 0x12, 0xd4, 0xe, 0x6f, 0xff, 0x54,
    0xa0, 0xf2, 0x12, 0xc0, 0xad, 0xf0, 0x73, 0xfa,
    0xa0, 0x2e, 0xf, 0xfe, 0x8f, 0xff, 0x3, 0xff,
    0x81, 0x5f, 0x7, 0x35, 0xf0, 0x17, 0xd8, 0x73,
    0xaf, 0x83, 0x9b, 0x6c, 0x1c, 0xf0, 0x79, 0xb9,
    0x5a, 0x19, 0xd5, 0xe8, 0xc, 0x97, 0x9, 0x40,
    0xae, 0x56, 0xab, 0xc8, 0x56, 0xa0, 0xe6, 0xe4,
    0xeb, 0xb1, 0xaf, 0xf6, 0x5, 0xf0, 0x17, 0xff,
    0x80, 0xf, 0xd0, 0x3f, 0xd0, 0xfe, 0xf, 0x44,
    0x1e, 0x88, 0x3f, 0xa0, 0x5c, 0x7, 0x20, 0xff,
    0x5e, 0x87, 0xd1, 0x21, 0xff, 0xc2, 0x43, 0xae,
    0xf, 0x2a, 0x9e, 0x91, 0xf4, 0x8f, 0xa4, 0x14,
    0x50, 0xde, 0x80, 0xde, 0x44, 0x2a, 0x7d, 0x21,
    0xfd, 0x79, 0x0,

    /* U+59DA "姚" */
    0xf, 0xfe, 0x6f, 0x7, 0xdc, 0x58, 0x7f, 0xf4,
    0xf0, 0xff, 0xe1, 0x21, 0x90, 0xe7, 0xf, 0xea,
    0x2, 0x85, 0x64, 0x43, 0xe4, 0xc0, 0x84, 0xb0,
    0x20, 0xfb, 0x10, 0x69, 0xe0, 0x90, 0xfc, 0x87,
    0x21, 0x93, 0x10, 0xf9, 0xe, 0x43, 0x90, 0xf9,
    0x58, 0x7f, 0xf0, 0x34, 0x39, 0x90, 0x93, 0x13,
    0xa, 0xe, 0xd0, 0xf2, 0x62, 0xd, 0xf, 0x50,
    0x2c, 0x24, 0xe, 0x21, 0xd8, 0xe1, 0xb0, 0x2a,
    0x38, 0x3d, 0xa2, 0x50, 0xcd, 0x58, 0x98, 0x75,
    0x10, 0x30, 0x68, 0x18, 0x87, 0x90, 0xfa, 0x42,
    0x43, 0xf5, 0x2, 0x88, 0x91, 0x10, 0xfc, 0x83,
    0x37, 0x51, 0x10, 0x7f, 0xb2, 0xa, 0x32, 0xb,
    0x3a, 0x2c, 0x28, 0x36, 0x28, 0x25, 0xa, 0x26,
    0x81, 0xd3, 0x7, 0x5f, 0x80,

    /* U+59DC "姜" */
    0xf, 0x21, 0xfa, 0xf, 0xfb, 0x90, 0xf4, 0xc1,
    0xfe, 0xc8, 0x3a, 0x54, 0x1e, 0xae, 0x7, 0x59,
    0x5, 0x64, 0xb, 0xc1, 0x2e, 0x2, 0xf6, 0xf,
    0xfe, 0x1f, 0xfd, 0x7, 0xff, 0x36, 0xff, 0x87,
    0xfe, 0x43, 0x6b, 0xf0, 0x17, 0xf0, 0x66, 0xbe,
    0x1a, 0xf8, 0x25, 0xfe, 0x85, 0xff, 0x1d, 0x7e,
    0x41, 0x5f, 0xc5, 0xfe, 0x9f, 0xff, 0xe0, 0x7,
    0xe9, 0xf, 0xfe, 0xb, 0x5d, 0x82, 0xbf, 0xf8,
    0x0, 0x5e, 0x9, 0x7f, 0xf8, 0x3, 0xf8, 0x17,
    0xfa, 0x1f, 0xc1, 0xd0, 0x7e, 0x62, 0xf, 0xed,
    0x2f, 0x4d, 0xc, 0x3f, 0xcd, 0xe4, 0x64, 0x83,
    0xfe, 0x55, 0xa0, 0x51, 0x7a, 0xe, 0xfa, 0x8a,
    0xbd, 0x4f, 0x43, 0xe4, 0xa, 0xa7, 0xa4, 0x3c,
    0xfa, 0x50,

    /* U+5A01 "威" */
    0xf, 0xfe, 0xa, 0x83, 0xff, 0x91, 0x41, 0xc3,
    0xff, 0x8a, 0x81, 0x30, 0xff, 0xe4, 0x62, 0x1a,
    0xbf, 0xe4, 0xe8, 0x70, 0x65, 0xff, 0x4, 0xa1,
    0x41, 0xdf, 0xfd, 0x17, 0xf0, 0x7f, 0xf4, 0x3f,
    0xe8, 0x3b, 0xc1, 0xf2, 0x80, 0xb6, 0x98, 0x48,
    0x7d, 0x40, 0x54, 0x86, 0x4c, 0x3f, 0xc8, 0x79,
    0x31, 0xf, 0x3e, 0x1f, 0x90, 0xc8, 0x79, 0x18,
    0x14, 0x42, 0x44, 0x83, 0xf2, 0x2d, 0x89, 0x90,
    0x87, 0xe4, 0xc1, 0x7, 0x90, 0x21, 0x90, 0xa8,
    0x90, 0x10, 0x40, 0xa0, 0x84, 0xea, 0x94, 0x8,
    0x3d, 0x99, 0x7, 0x98, 0x50, 0x20, 0xe4, 0x2b,
    0x56, 0x8c, 0x62, 0x22, 0x84, 0xd5, 0xc5, 0xc4,
    0x67, 0x3, 0x22, 0xe0, 0xc9, 0x20, 0x81, 0x96,
    0x4, 0x3e, 0xd0, 0x9f, 0x0,

    /* U+5A04 "娄" */
    0xf, 0xfe, 0x74, 0x1d, 0xe0, 0xe8, 0x3e, 0x56,
    0x1f, 0xed, 0x41, 0xe5, 0x18, 0x7e, 0xc9, 0xf,
    0xa4, 0x83, 0xd1, 0x21, 0xcb, 0xb3, 0x50, 0x15,
    0xa2, 0xe0, 0x57, 0x15, 0x2, 0xa6, 0xb6, 0xf,
    0xf9, 0xc, 0xff, 0xa0, 0xfd, 0x21, 0x9d, 0xf,
    0xf3, 0x6d, 0x83, 0x8a, 0x21, 0xeb, 0x95, 0xa1,
    0x9d, 0x57, 0x1, 0xd1, 0xe1, 0xf, 0x5c, 0x3a,
    0xd7, 0x3, 0x9f, 0x7, 0x3e, 0x50, 0x3a, 0xc0,
    0xeb, 0xfc, 0x12, 0xf8, 0xb, 0xff, 0xc0, 0x7,
    0xe0, 0x5f, 0xe4, 0x1f, 0x83, 0xa0, 0x21, 0xe4,
    0xc3, 0xff, 0x81, 0xc8, 0x1c, 0x83, 0xfd, 0x72,
    0xaf, 0x44, 0x87, 0xff, 0x1, 0xd0, 0xea, 0x21,
    0xe5, 0x53, 0xd2, 0x3e, 0x86, 0xe4, 0xd, 0x14,
    0x37, 0xa0, 0x3e, 0x95, 0x41, 0x57, 0xd2, 0x1f,
    0x9b, 0xa0,

    /* U+5B50 "子" */
    0x3, 0x5f, 0xfc, 0x50, 0xe5, 0xff, 0xe2, 0x86,
    0x7f, 0xff, 0x82, 0x82, 0xf, 0xfe, 0x2e, 0x9a,
    0x1f, 0xfc, 0x37, 0x1c, 0x3f, 0xf8, 0x9c, 0x50,
    0x3f, 0xf8, 0x6e, 0x3a, 0x1f, 0xfc, 0x4c, 0x60,
    0xff, 0xe4, 0x61, 0xfe, 0xff, 0xe4, 0xbf, 0xf4,
    0x1f, 0xfc, 0xbf, 0xfe, 0x4b, 0xff, 0x41, 0xff,
    0xff, 0xf, 0xff, 0xa, 0x1f, 0xfc, 0x47, 0xf0,
    0x10, 0xff, 0xe4, 0x41, 0xfe,

    /* U+5B54 "孔" */
    0xf, 0xfe, 0xf, 0x83, 0xf5, 0xff, 0xc1, 0xff,
    0xd6, 0xbf, 0xc8, 0x87, 0xff, 0x19, 0x44, 0x1f,
    0xfc, 0x56, 0x30, 0xff, 0xe3, 0x46, 0x1f, 0xfc,
    0x68, 0x83, 0xff, 0x92, 0x87, 0xff, 0x25, 0x57,
    0x83, 0xff, 0x82, 0xc9, 0x44, 0x43, 0xfc, 0xfa,
    0x40, 0xde, 0x83, 0xff, 0x82, 0xc9, 0x21, 0xff,
    0xc1, 0x7d, 0x21, 0xff, 0xd8, 0xb0, 0xff, 0xfe,
    0x21, 0xff, 0xc1, 0x42, 0xbe, 0xf, 0xc9, 0xf8,
    0x3f, 0xa0, 0xf4, 0x1e, 0xc0,

    /* U+5B57 "字" */
    0xf, 0xe6, 0x43, 0xff, 0x90, 0xe1, 0xff, 0xc7,
    0x44, 0x3f, 0xea, 0xfe, 0x7, 0x5f, 0x20, 0x5f,
    0xe0, 0x97, 0xe0, 0xef, 0xff, 0xe1, 0xa1, 0xff,
    0xc9, 0xc3, 0xff, 0x9d, 0x43, 0xff, 0xf8, 0x2a,
    0x90, 0x28, 0x3f, 0xf8, 0x88, 0x7b, 0xff, 0x90,
    0x48, 0x7f, 0xf1, 0x35, 0x68, 0x7f, 0xf0, 0xdc,
    0xa0, 0x7f, 0xf1, 0x63, 0x43, 0xf5, 0xff, 0xc0,
    0xff, 0xe0, 0x2f, 0xf0, 0x4b, 0xf8, 0xaf, 0xf0,
    0x3a, 0xfc, 0x1f, 0xff, 0xc6, 0x9e, 0xf, 0xfe,
    0x32, 0x82, 0x83, 0xfc,

    /* U+5B58 "存" */
    0xf, 0xca, 0xf, 0xfe, 0x45, 0x3, 0xff, 0x8e,
    0x87, 0xff, 0xf, 0xfd, 0x3, 0xff, 0xe8, 0x3f,
    0xf9, 0x29, 0xfc, 0x8f, 0xff, 0xf0, 0x43, 0xc9,
    0x7, 0xff, 0x1a, 0x20, 0xff, 0xe3, 0x28, 0x4f,
    0xff, 0x90, 0xe8, 0x80, 0xbf, 0x83, 0xf4, 0x4,
    0x15, 0xf0, 0x52, 0x14, 0x87, 0xfd, 0xa6, 0x84,
    0xa0, 0xff, 0xb1, 0xc3, 0x31, 0x7, 0xff, 0x2,
    0xe, 0x49, 0xb, 0xfe, 0x7, 0xf8, 0xd0, 0xd2,
    0xf8, 0xb, 0xd0, 0x7c, 0xd7, 0x86, 0xb9, 0xf,
    0xff, 0x6a, 0x1f, 0xfc, 0x6a, 0xc1, 0xff, 0xc6,
    0x58, 0x60, 0xff, 0xe2, 0x7e, 0x83, 0xe0,

    /* U+5B5F "孟" */
    0xf, 0xfe, 0x6d, 0xff, 0xfc, 0x34, 0x3b, 0x5f,
    0xf8, 0x3f, 0xcd, 0x7f, 0x68, 0x2d, 0xf, 0xfe,
    0xb, 0xc5, 0xa1, 0xff, 0xc3, 0x8b, 0x43, 0xea,
    0xfe, 0xc1, 0xd7, 0xc8, 0xbf, 0xc1, 0x2f, 0xe0,
    0x7f, 0xf8, 0x7f, 0xf2, 0x1f, 0xe4, 0x3f, 0xf8,
    0xaf, 0xd1, 0x87, 0xff, 0xd, 0x7a, 0x43, 0xff,
    0x89, 0x59, 0xf, 0xfe, 0xf, 0xff, 0xf1, 0x10,
    0xf9, 0x60, 0x2c, 0x5, 0x83, 0xfa, 0xa1, 0xa8,
    0xab, 0xf, 0xff, 0xd3, 0xe0, 0x7c, 0x3f, 0x17,
    0xa2, 0xf0, 0xbf, 0xfc, 0x90,

    /* U+5B63 "季" */
    0xf, 0xf9, 0x6a, 0xbc, 0x1c, 0xff, 0xea, 0x96,
    0x10, 0xfc, 0xba, 0x5, 0xfd, 0x7, 0x3e, 0xac,
    0x81, 0xf, 0xf2, 0xff, 0x1, 0x7f, 0x81, 0x5f,
    0xc0, 0xaf, 0xe0, 0x7f, 0xa0, 0xf5, 0xfe, 0xf,
    0xa8, 0x60, 0xca, 0x7, 0xf9, 0xd5, 0x86, 0xd5,
    0xa1, 0xeb, 0x8a, 0x7, 0xa8, 0x5c, 0x8e, 0xab,
    0x42, 0xf0, 0x4f, 0x2a, 0x5b, 0x8f, 0xff, 0xe0,
    0x16, 0xa2, 0x3, 0x5f, 0x90, 0x90, 0x41, 0xe5,
    0xf1, 0x2a, 0xc3, 0xff, 0x87, 0x47, 0x90, 0xfa,
    0xbf, 0x90, 0x57, 0xe0, 0x2f, 0xf0, 0x17, 0xf8,
    0x1f, 0xfc, 0x9f, 0xfc, 0x1f, 0xfd, 0x1a, 0xc8,
    0x7f, 0xf1, 0x57, 0x8, 0x7f, 0x80,

    /* U+5B66 "学" */
    0xf, 0xf2, 0x1f, 0xfc, 0x2b, 0x42, 0xa2, 0x1d,
    0xe0, 0xf4, 0x41, 0x44, 0x1a, 0x10, 0xf9, 0x20,
    0x91, 0x2, 0x88, 0x3e, 0x9c, 0x29, 0x40, 0x8c,
    0x39, 0xf9, 0xbf, 0x3f, 0x3, 0xf0, 0x7f, 0xf3,
    0xaf, 0xff, 0xe1, 0x87, 0xff, 0x45, 0xaf, 0xfe,
    0x8, 0xa0, 0x3a, 0x2f, 0xff, 0x4, 0xa0, 0x73,
    0xff, 0xc1, 0x61, 0xff, 0xc4, 0xb2, 0xc3, 0xff,
    0x89, 0xab, 0x43, 0xff, 0x88, 0x8c, 0x1f, 0xdf,
    0xfd, 0xf, 0xfe, 0x85, 0xfe, 0x9, 0x7f, 0x65,
    0x7f, 0x86, 0xbf, 0x21, 0xff, 0xea, 0xcc, 0x3f,
    0xf8, 0x7f, 0x90, 0xff, 0xe5, 0x28, 0x3f, 0x80,

    /* U+5B69 "孩" */
    0xf, 0xfe, 0xbb, 0xa1, 0xf5, 0x7c, 0x1c, 0x90,
    0x7c, 0xbf, 0x7, 0xff, 0xe, 0xb8, 0xf, 0xf0,
    0x3f, 0xa1, 0x70, 0x25, 0xc0, 0x5f, 0xb0, 0xe8,
    0x4a, 0x81, 0x5f, 0x21, 0xa3, 0xd, 0x98, 0x5e,
    0xf, 0x94, 0x19, 0x10, 0x91, 0xf, 0xd8, 0x68,
    0x82, 0x88, 0x3f, 0xf8, 0x18, 0x2f, 0x88, 0x3f,
    0xaf, 0x8, 0x10, 0x94, 0x1e, 0xb0, 0x92, 0xf9,
    0x18, 0x1c, 0x5a, 0x7, 0x83, 0x49, 0x3, 0x33,
    0x68, 0x61, 0xd2, 0x60, 0x45, 0xc, 0xa0, 0xf6,
    0xac, 0xc, 0x41, 0xfe, 0xb1, 0x80, 0xc6, 0x1f,
    0xe5, 0x1c, 0x6, 0x30, 0xff, 0x9b, 0xa, 0x80,
    0x83, 0xe4, 0x32, 0x16, 0xac, 0x70, 0xff, 0xe0,
    0xd9, 0x43, 0x4c, 0xf, 0xa0, 0xd6, 0x9a, 0x14,
    0x98, 0x72, 0x83, 0x58, 0x7a, 0x40, 0xfd, 0x5,
    0x68, 0x7e, 0xb0,

    /* U+5B83 "它" */
    0xf, 0xfe, 0x85, 0xc1, 0xff, 0xc5, 0x84, 0x3f,
    0xf9, 0x8, 0x7e, 0xbf, 0xf0, 0x2f, 0xf9, 0x2,
    0xff, 0xf0, 0xc3, 0xab, 0xff, 0x88, 0x1f, 0xfc,
    0xad, 0x3c, 0x1f, 0xfc, 0x5, 0xd0, 0x7f, 0xf0,
    0x58, 0x83, 0xff, 0x84, 0xf2, 0x83, 0xff, 0x80,
    0xdc, 0x32, 0x1f, 0xcd, 0xc8, 0xf2, 0x1f, 0xae,
    0x46, 0xe0, 0xff, 0x91, 0xb9, 0xf, 0xfe, 0xf,
    0xa4, 0x3f, 0x68, 0x7f, 0xf1, 0xe0, 0xff, 0xed,
    0xa1, 0x91, 0xf, 0xf4, 0x1e, 0xcb, 0xaf, 0xda,
    0x61, 0x94, 0x5, 0xfc, 0x9, 0x0,

    /* U+5B89 "安" */
    0xf, 0xf3, 0x7, 0xff, 0x22, 0x43, 0xff, 0x91,
    0x10, 0x7f, 0xd5, 0xfb, 0x1a, 0xf9, 0x9, 0x7f,
    0x80, 0xbf, 0x61, 0xdf, 0xff, 0xc2, 0x83, 0xfe,
    0x74, 0x3e, 0x43, 0x94, 0x1a, 0x10, 0xfc, 0xe1,
    0x50, 0x24, 0x3f, 0xe9, 0xf, 0xd1, 0x7, 0xff,
    0x1, 0xff, 0x2, 0xff, 0xfe, 0x0, 0x7f, 0xf2,
    0x55, 0xfa, 0x7, 0xfc, 0xf, 0xd0, 0x74, 0x61,
    0xe4, 0x43, 0xfa, 0xf, 0xe8, 0x83, 0xff, 0x81,
    0xc8, 0x50, 0x87, 0xfa, 0xe1, 0xb6, 0x48, 0x3f,
    0xf8, 0xf, 0x24, 0x90, 0x7f, 0xf0, 0xd0, 0xea,
    0x7, 0xff, 0x1, 0xf2, 0x5c, 0x3e, 0x43, 0x2a,
    0xf4, 0xb, 0x47, 0x81, 0x68, 0x28, 0x8d, 0xe4,
    0x39, 0xe0, 0x60, 0xa7, 0xa4, 0x3f, 0xcf, 0x40,

    /* U+5B8B "宋" */
    0xf, 0xf2, 0x83, 0xff, 0x8e, 0xd0, 0x3f, 0xf8,
    0xe8, 0x7f, 0xf0, 0x5a, 0xfc, 0xe, 0xbe, 0x42,
    0x5f, 0xc1, 0x2f, 0xc1, 0xd7, 0xff, 0xf0, 0xa0,
    0xff, 0xeb, 0xf8, 0x3f, 0xe7, 0x43, 0xff, 0x84,
    0xe8, 0x7f, 0xf3, 0x3f, 0xf8, 0x1f, 0xfc, 0x1f,
    0xfc, 0xcf, 0xfa, 0xd, 0x7f, 0xc1, 0xfd, 0x6,
    0x83, 0xff, 0x87, 0x90, 0x33, 0xf, 0xfe, 0xe,
    0x28, 0x28, 0xc3, 0xfe, 0xc6, 0xc, 0xa3, 0xf,
    0xce, 0x30, 0x7a, 0x4d, 0xe, 0xa1, 0x40, 0xfd,
    0x42, 0xc0, 0xe9, 0x21, 0xfe, 0x70, 0x6a, 0x1d,
    0xf, 0xfe, 0xe, 0x89, 0xc1, 0xff, 0xc4, 0xb0,
    0xff, 0xe5, 0x80,

    /* U+5B8C "完" */
    0xf, 0xf2, 0x1f, 0xfc, 0x86, 0xc3, 0xff, 0x8e,
    0x87, 0xff, 0x5, 0xaf, 0xc0, 0xeb, 0xe4, 0x1a,
    0xfe, 0x9, 0x7e, 0xc3, 0x7f, 0xff, 0x10, 0x3f,
    0xf9, 0xda, 0x1f, 0xfc, 0x4b, 0x3, 0x1f, 0xff,
    0xc2, 0x14, 0x1c, 0xbf, 0xfc, 0x20, 0xfd, 0x5f,
    0xfc, 0x20, 0xff, 0xf2, 0xff, 0xff, 0x20, 0xb,
    0xe0, 0x2c, 0x12, 0xf8, 0x15, 0xd9, 0x5c, 0x57,
    0xc1, 0xf6, 0x1f, 0xfc, 0x5, 0x7, 0xc8, 0x87,
    0xfb, 0x83, 0xd0, 0x87, 0xff, 0x1a, 0x48, 0x3d,
    0x86, 0x42, 0x6d, 0x30, 0xe4, 0x6a, 0xc4, 0x12,
    0x58, 0x7d, 0xb, 0xc, 0xa, 0x68, 0x7e, 0x7f,
    0xa0, 0x0,

    /* U+5B9A "定" */
    0xf, 0xf2, 0x1f, 0xfc, 0x86, 0x81, 0xff, 0xc7,
    0x44, 0x3f, 0xe6, 0xbf, 0x3, 0xaf, 0x82, 0xd7,
    0xf0, 0x4b, 0xf0, 0x77, 0xff, 0xf0, 0xd0, 0xff,
    0xe7, 0x70, 0x7f, 0xf0, 0xf8, 0x37, 0x5f, 0xfc,
    0x3f, 0x6, 0x5f, 0xfe, 0x30, 0x4f, 0xfe, 0x7,
    0xfe, 0xf, 0xfe, 0x87, 0x7, 0xff, 0x75, 0xf,
    0xdf, 0xf2, 0x1d, 0x98, 0x79, 0x7f, 0x7, 0x21,
    0xfa, 0xbe, 0xf, 0xd0, 0x7f, 0xf1, 0xa1, 0x20,
    0xff, 0xe2, 0x28, 0x95, 0xa1, 0xff, 0xc2, 0x88,
    0xa1, 0x60, 0xaf, 0xe2, 0x14, 0x7, 0x90, 0x2f,
    0xf1, 0x30, 0x73, 0x7f, 0xfc, 0x0,

    /* U+5B9C "宜" */
    0xf, 0xf3, 0x7, 0xff, 0x22, 0x43, 0xff, 0x90,
    0x88, 0x7f, 0x9f, 0xfc, 0x97, 0xfe, 0xe, 0x5f,
    0xfe, 0x18, 0x7a, 0xbf, 0xf8, 0x81, 0xff, 0xce,
    0x51, 0x7f, 0xff, 0x4, 0x50, 0x52, 0x12, 0xff,
    0x5, 0x40, 0xfb, 0xaf, 0xe4, 0x3f, 0xfa, 0xb5,
    0xfe, 0x43, 0xfe, 0x5f, 0xf0, 0x7f, 0xf0, 0x3f,
    0xfc, 0x87, 0xff, 0xaf, 0xff, 0xc8, 0x7f, 0xcb,
    0xfe, 0xf, 0xfe, 0x5, 0x7f, 0x90, 0xff, 0xe7,
    0xb5, 0x25, 0x7f, 0x92, 0xb0, 0xb0, 0x17, 0xfc,
    0x5, 0xc0,

    /* U+5B9E "实" */
    0xf, 0xf2, 0x1f, 0xfc, 0x86, 0x81, 0xff, 0xc7,
    0x44, 0x3f, 0xea, 0xfe, 0x7, 0x5f, 0x20, 0x5f,
    0xe0, 0x97, 0xe0, 0xef, 0xff, 0xe1, 0xc1, 0xfa,
    0x81, 0xd4, 0xf, 0xfe, 0xa, 0xb4, 0x25, 0x7,
    0xf7, 0x81, 0xc5, 0x87, 0xe7, 0x43, 0x20, 0x74,
    0x43, 0xff, 0x85, 0x70, 0x2d, 0xf, 0xfe, 0x16,
    0xad, 0xf, 0xfe, 0x35, 0xb, 0xc, 0x87, 0xff,
    0x5, 0xe8, 0x4, 0x3f, 0xcd, 0x7b, 0xd5, 0xd,
    0x7c, 0x6b, 0xfe, 0x9, 0x7e, 0x2f, 0xfe, 0x81,
    0xff, 0x83, 0xfc, 0xc0, 0x83, 0xff, 0x89, 0x41,
    0x1e, 0xf, 0xf9, 0xb4, 0xee, 0x1f, 0x21, 0x9b,
    0xd2, 0x58, 0x4f, 0x92, 0xd0, 0x48, 0x1f, 0x21,
    0xf5, 0xa6, 0xa, 0x7a, 0xf, 0xfe, 0x5, 0xc0,

    /* U+5BA0 "宠" */
    0xf, 0xf2, 0x1f, 0xfc, 0x8a, 0x83, 0xff, 0x8f,
    0x8, 0x7f, 0xcd, 0x7e, 0x5, 0x7e, 0x42, 0x5f,
    0xc0, 0x5f, 0xd8, 0x6b, 0xff, 0xf8, 0x50, 0x7f,
    0xac, 0x37, 0x7, 0xff, 0x9, 0xe, 0x54, 0x4,
    0x33, 0xa1, 0xfd, 0x2c, 0xe, 0x5, 0x78, 0x15,
    0xc0, 0xeb, 0x1, 0x7c, 0x5, 0xf0, 0xbe, 0x3f,
    0xa2, 0xf0, 0x3f, 0xf2, 0x1e, 0x84, 0x3f, 0x58,
    0x7f, 0xf1, 0xe5, 0x7, 0xe4, 0x43, 0xed, 0x50,
    0x7e, 0x88, 0x39, 0xc6, 0xf, 0xd0, 0x87, 0xa2,
    0x80, 0xa0, 0x65, 0x10, 0x18, 0xe, 0x86, 0x43,
    0x44, 0x3c, 0x82, 0xe, 0x43, 0x62, 0x70, 0x20,
    0xff, 0xe0, 0x60, 0x90, 0x5a, 0x8f, 0xf0, 0x88,
    0x30, 0x79, 0x4, 0x1f, 0x30, 0xd8, 0x7f, 0x7f,
    0xd0, 0x0,

    /* U+5BB6 "家" */
    0xf, 0xf4, 0x87, 0xff, 0x1d, 0x58, 0x7f, 0xf1,
    0xd1, 0xf, 0xfa, 0xff, 0xc0, 0xff, 0xd0, 0x65,
    0xff, 0xe2, 0x7, 0xab, 0xff, 0x88, 0x1f, 0xfc,
    0xee, 0x3f, 0xff, 0x84, 0x58, 0x14, 0x2f, 0x80,
    0xbe, 0x14, 0x1d, 0x58, 0x4a, 0xf9, 0xf, 0xeb,
    0x45, 0x7, 0x54, 0x1c, 0xda, 0xb5, 0x82, 0xb4,
    0x82, 0xb9, 0x5c, 0x14, 0x3a, 0x58, 0x64, 0x78,
    0x75, 0x1c, 0xd, 0xe, 0xf4, 0x3c, 0x70, 0x28,
    0x21, 0xfa, 0xe2, 0xc8, 0xa, 0x20, 0xf5, 0xa5,
    0xa6, 0x86, 0x88, 0x39, 0x56, 0x96, 0x68, 0x48,
    0xa0, 0xdc, 0x8e, 0xac, 0x3d, 0x92, 0x1c, 0xf1,
    0xc1, 0xfb, 0x24, 0x17, 0x16, 0x19, 0xf, 0x44,
    0x28, 0xb4, 0xab, 0x10, 0xe7, 0x87, 0xc8, 0x4b,
    0xc, 0x1f, 0x20,

    /* U+5BC6 "密" */
    0xf, 0xf2, 0x1f, 0xfc, 0x86, 0x81, 0xff, 0xc7,
    0x44, 0x3f, 0xeb, 0xff, 0x3, 0xff, 0x21, 0x97,
    0xc2, 0xfe, 0xf, 0xab, 0xb3, 0xaf, 0xc1, 0xfc,
    0x8a, 0xa0, 0x54, 0xf, 0x56, 0x28, 0x4b, 0x1a,
    0x6, 0x43, 0x21, 0xea, 0x19, 0x50, 0x86, 0x88,
    0x3d, 0xc6, 0x8e, 0x1b, 0x30, 0xe7, 0x56, 0x4e,
    0x61, 0xa0, 0xcf, 0x14, 0x3, 0x19, 0x83, 0x47,
    0xa, 0xd0, 0xc8, 0x24, 0xf, 0xa0, 0x9e, 0xb6,
    0x19, 0x8a, 0xd, 0xe1, 0x7c, 0x30, 0x75, 0x39,
    0x7, 0xfe, 0x83, 0xe4, 0x3f, 0x70, 0x72, 0x83,
    0x9d, 0xf, 0xfe, 0x5, 0x3, 0xff, 0xcf, 0x5e,
    0x1a, 0xe0, 0xff, 0x2f, 0x1, 0x78, 0x3e, 0x7f,
    0xff, 0x84, 0x1c,

    /* U+5BDF "察" */
    0xf, 0xf2, 0x83, 0xff, 0x91, 0x40, 0xff, 0xe0,
    0x2f, 0xe0, 0x2f, 0xe0, 0xab, 0xf8, 0x15, 0xfc,
    0x1a, 0xf5, 0xff, 0xf4, 0x1e, 0x46, 0x42, 0xb0,
    0xe4, 0x36, 0x82, 0x35, 0xb1, 0x7d, 0x40, 0x31,
    0x81, 0xa9, 0x2b, 0xd8, 0x76, 0xf, 0x84, 0x4b,
    0xd1, 0x86, 0xc8, 0xc8, 0x88, 0x86, 0x88, 0x1c,
    0x57, 0x46, 0xa, 0x28, 0xa0, 0xe9, 0x8d, 0x60,
    0x96, 0x20, 0xce, 0xdc, 0xb7, 0xf2, 0x8c, 0x3e,
    0x66, 0xbf, 0xe3, 0x43, 0x59, 0x22, 0xfc, 0x39,
    0x6d, 0xaa, 0x17, 0xff, 0x81, 0x43, 0xcf, 0x5f,
    0xfc, 0x47, 0x98, 0x1f, 0xe8, 0xbf, 0xc1, 0xfa,
    0xd0, 0xf3, 0xc1, 0xf9, 0xd6, 0xf, 0x23, 0xa1,
    0xd4, 0x28, 0x1f, 0xb8, 0xb4, 0x75, 0x68, 0xb4,
    0x21, 0x3a, 0x42, 0xb8, 0x2e, 0x82, 0x1e, 0xb8,

    /* U+5BF9 "对" */
    0xf, 0xfe, 0x2a, 0x83, 0xff, 0x91, 0x40, 0xff,
    0xe7, 0x7f, 0xe4, 0x3f, 0xfa, 0xff, 0xe4, 0x55,
    0x78, 0x14, 0x43, 0xe4, 0x1a, 0xf8, 0xa, 0xcf,
    0x7, 0x25, 0xfe, 0x7, 0xa1, 0x20, 0x21, 0xff,
    0xc4, 0x85, 0x19, 0x8e, 0x1f, 0xfc, 0xc, 0x84,
    0x42, 0x83, 0xff, 0x81, 0x18, 0x81, 0x70, 0x7f,
    0xca, 0x4, 0x14, 0x41, 0xff, 0xc0, 0xc3, 0xe8,
    0x83, 0xfe, 0x81, 0x86, 0x44, 0x3f, 0xc8, 0x12,
    0xd, 0xe0, 0xff, 0x47, 0x8, 0x7f, 0xf0, 0xe1,
    0x4, 0x61, 0xff, 0xc1, 0x92, 0x2, 0x84, 0x3f,
    0xe5, 0x18, 0x6a, 0x21, 0xff, 0x64, 0x1e, 0x41,
    0x7e, 0x10, 0xa8, 0x87, 0xf6, 0x19, 0x82,

    /* U+5C04 "射" */
    0xf, 0x21, 0xff, 0x21, 0xfa, 0x88, 0x7f, 0xa8,
    0x1f, 0x22, 0x1f, 0xfc, 0x4b, 0xc0, 0xf9, 0xf,
    0xfe, 0x1a, 0xf0, 0x7f, 0xf1, 0x6b, 0x83, 0xf2,
    0x1f, 0xfc, 0x3b, 0xfa, 0x1f, 0x6, 0xfe, 0x6,
    0xbe, 0x2, 0x83, 0x7e, 0x80, 0xd7, 0x86, 0x81,
    0xf9, 0xf, 0xfe, 0x2a, 0xf0, 0x5c, 0x1f, 0xfc,
    0xa, 0xe0, 0x96, 0xf, 0xfb, 0xf8, 0x28, 0x83,
    0xff, 0x91, 0x8, 0x79, 0xd3, 0xf8, 0x32, 0x41,
    0xe6, 0xb2, 0x4, 0x3a, 0x43, 0xe5, 0xc0, 0xa0,
    0x73, 0x7, 0xfa, 0x58, 0x3f, 0xf8, 0xba, 0xa0,
    0xff, 0xe2, 0x39, 0x40, 0xff, 0x90, 0xcc, 0x6a,
    0xa6, 0x1a, 0x9e, 0x8c, 0xd, 0x83, 0x50, 0xa0,
    0x28, 0x29, 0x0,

    /* U+5C06 "将" */
    0xf, 0xfe, 0x7c, 0x87, 0xb8, 0x3f, 0xf8, 0xe,
    0x1d, 0x90, 0x7f, 0xf1, 0xb0, 0x7f, 0xc0, 0xd0,
    0xf3, 0x8b, 0xf0, 0x74, 0x1d, 0x40, 0x57, 0x81,
    0x1, 0xe, 0x5a, 0x34, 0x2d, 0x60, 0x44, 0x13,
    0x47, 0x21, 0xc6, 0xe, 0x43, 0x21, 0x77, 0x14,
    0xe, 0x44, 0x39, 0xb8, 0x74, 0x3d, 0x44, 0x2b,
    0x91, 0xe2, 0xc3, 0xc8, 0x79, 0xb8, 0x3f, 0xf8,
    0x18, 0x57, 0x21, 0xff, 0xc1, 0xc2, 0xbf, 0xf9,
    0x3d, 0xe, 0x20, 0xd7, 0xf8, 0xa, 0xd8, 0xa0,
    0x1a, 0x35, 0xe4, 0xa2, 0x8d, 0xf, 0xb0, 0xff,
    0xb0, 0xfd, 0x98, 0x7f, 0xf2, 0x21, 0xf, 0xfe,
    0x3b, 0xa1, 0xff, 0xc9, 0xab, 0x43, 0xff, 0x8c,
    0xa0, 0x41, 0xff, 0xc4, 0xbf, 0x21, 0x0,

    /* U+5C0F "小" */
    0xf, 0xfe, 0xa7, 0x83, 0xff, 0xfe, 0x1c, 0xa0,
    0xfe, 0xa0, 0x7f, 0x51, 0xf, 0xca, 0xf, 0xf9,
    0xf, 0xc9, 0x7, 0xc8, 0x87, 0xf4, 0x21, 0xf6,
    0x61, 0xff, 0xc0, 0x43, 0xc8, 0x87, 0xfa, 0x20,
    0xe4, 0x43, 0xfe, 0x43, 0xec, 0xc3, 0xff, 0x80,
    0x90, 0x64, 0x43, 0xff, 0x81, 0x8, 0x48, 0x87,
    0xff, 0x11, 0x4, 0x61, 0xff, 0xc2, 0x88, 0x40,
    0x87, 0xff, 0x9, 0xb, 0x20, 0xff, 0xe2, 0x23,
    0x68, 0x7f, 0xf1, 0x28, 0x87, 0xf2, 0x1f, 0xe4,
    0x3d, 0x7d, 0x7, 0xff, 0x29, 0xc3, 0xfc,

    /* U+5C11 "少" */
    0xf, 0xf4, 0x87, 0xff, 0x21, 0x83, 0xff, 0xc6,
    0x87, 0xfd, 0x68, 0x7a, 0x88, 0x7f, 0x91, 0xf,
    0x44, 0x87, 0xe8, 0x83, 0xf6, 0x41, 0xf9, 0x10,
    0xfe, 0x8c, 0x3d, 0x10, 0x7f, 0x94, 0x41, 0xc8,
    0x87, 0xfd, 0xc, 0x14, 0x41, 0xff, 0xc1, 0xc5,
    0xa, 0x10, 0xff, 0xe0, 0x66, 0x24, 0x41, 0xff,
    0xc0, 0xc8, 0xc0, 0xb0, 0x7f, 0xd8, 0xc1, 0xa8,
    0x1f, 0x78, 0x71, 0x83, 0xff, 0x89, 0x41, 0x83,
    0xff, 0x89, 0xa5, 0x3, 0xff, 0x87, 0x60, 0xd0,
    0xff, 0xe0, 0xb6, 0x96, 0x1f, 0xfc, 0x6, 0xe4,
    0xb4, 0x3f, 0xeb, 0x91, 0xb4, 0x3f, 0xf8, 0x28,
    0xdc, 0x87, 0xff, 0xe, 0xe4, 0x3f, 0xf8, 0xa0,

    /* U+5C14 "尔" */
    0xf, 0xfe, 0x87, 0x7, 0xff, 0x1e, 0x30, 0xff,
    0xe3, 0xa2, 0x1f, 0xfc, 0x6c, 0x1f, 0xff, 0xc1,
    0x83, 0x41, 0xff, 0xc8, 0x51, 0xfd, 0x4f, 0xf0,
    0x20, 0xa2, 0xe, 0xa0, 0x74, 0x41, 0x64, 0x87,
    0xfc, 0xb8, 0x32, 0x83, 0xff, 0x81, 0x90, 0x6e,
    0x4, 0x87, 0xea, 0x61, 0xfc, 0xc1, 0xf2, 0xa0,
    0xfe, 0xc8, 0x3e, 0x45, 0x7, 0xc8, 0x10, 0xfd,
    0x90, 0x7d, 0x10, 0x7f, 0x92, 0xe, 0x45, 0x7,
    0xfa, 0x10, 0xe8, 0x83, 0xff, 0x81, 0x18, 0x50,
    0x87, 0xff, 0x5, 0x44, 0x28, 0x83, 0xff, 0x85,
    0x8, 0xac, 0x3f, 0xf8, 0x94, 0x4, 0x1b, 0xf0,
    0x7f, 0x28, 0x3f, 0xf8, 0x18, 0x7f, 0x80,

    /* U+5C1D "尝" */
    0xf, 0xfe, 0x74, 0x1d, 0xe0, 0xe8, 0x3f, 0x38,
    0x7f, 0xb5, 0x7, 0xd1, 0x87, 0xec, 0x90, 0xf9,
    0x83, 0xfd, 0x21, 0xcd, 0x5b, 0x50, 0x2a, 0x7a,
    0x90, 0x6b, 0xf8, 0xb, 0xfb, 0xd, 0xff, 0xfc,
    0x40, 0xff, 0xf2, 0x59, 0xff, 0xfc, 0x23, 0x83,
    0xa5, 0xff, 0xe0, 0x87, 0xe6, 0xbf, 0xf8, 0x21,
    0xff, 0xcf, 0xff, 0xfe, 0x40, 0x17, 0xc1, 0x2f,
    0xfc, 0xa, 0xf0, 0x2b, 0x8a, 0xf0, 0x7d, 0x92,
    0x19, 0xc3, 0xfe, 0xc9, 0xe, 0x8c, 0x3f, 0x39,
    0x21, 0xf2, 0x61, 0xf4, 0xb, 0xfe, 0x90, 0x61,
    0xe4, 0xb, 0xd5, 0xf1, 0x87, 0x5e, 0xae, 0x5f,
    0xa8, 0x0,

    /* U+5C24 "尤" */
    0xf, 0xe4, 0x3f, 0xf9, 0xd, 0x2, 0xd0, 0xff,
    0xe4, 0xd0, 0x3f, 0xf8, 0x78, 0x58, 0xc1, 0xff,
    0xc7, 0xc3, 0xff, 0x95, 0xc1, 0xdf, 0xf4, 0x5f,
    0xfe, 0x83, 0xff, 0x93, 0x9f, 0xf2, 0x5f, 0xfe,
    0x43, 0xfc, 0xae, 0xf, 0xfe, 0x22, 0x1f, 0xfd,
    0xe4, 0x43, 0xff, 0x8f, 0x10, 0x7f, 0xf1, 0x91,
    0xf, 0xfe, 0x3c, 0x61, 0xfe, 0x74, 0x3a, 0x2,
    0x1f, 0xfc, 0x55, 0x18, 0x7f, 0xf1, 0x58, 0x83,
    0xff, 0x8b, 0x42, 0x43, 0x22, 0x1d, 0x9, 0x24,
    0x87, 0xef, 0xe0, 0xc9, 0x21, 0xf6, 0xbf, 0x60,
    0xf2, 0x1f, 0xd5, 0xf0, 0x0,

    /* U+5C31 "就" */
    0xe, 0x50, 0x7c, 0x87, 0xff, 0x3, 0x83, 0xe9,
    0x20, 0xfe, 0xc4, 0x3f, 0x9c, 0x35, 0x6c, 0xac,
    0x87, 0x66, 0x12, 0xf0, 0x16, 0xc3, 0xd1, 0x3,
    0xff, 0xd0, 0x79, 0xa0, 0x7f, 0xf0, 0x1b, 0x2b,
    0x72, 0xf, 0xfc, 0x88, 0x4b, 0xc1, 0xcb, 0xc6,
    0xf1, 0x7f, 0x21, 0x35, 0xc1, 0xf3, 0x7, 0xff,
    0x1d, 0xd0, 0xf9, 0xf, 0xec, 0x3f, 0xf8, 0x1f,
    0xc1, 0xff, 0xc3, 0xea, 0x1a, 0x80, 0x87, 0xfc,
    0xa0, 0x68, 0x72, 0x1f, 0xd6, 0x19, 0x80, 0x98,
    0x72, 0x12, 0x83, 0x24, 0x62, 0x1d, 0x41, 0x30,
    0xe9, 0x70, 0x7d, 0x90, 0x87, 0x36, 0x61, 0xf9,
    0x20, 0xf9, 0x42, 0x1f, 0x9d, 0xa8, 0x41, 0x98,
    0x75, 0x87, 0x28, 0x43, 0x21, 0xa1, 0x14, 0x17,
    0xd0, 0x5c, 0x1d, 0xf4, 0x0,

    /* U+5C39 "尹" */
    0xf, 0xfe, 0x5b, 0xff, 0xfc, 0x50, 0xcb, 0xe0,
    0x97, 0xe0, 0xfa, 0xb9, 0x2b, 0xf0, 0x7f, 0xf9,
    0x6b, 0xe4, 0xaf, 0xc0, 0xa0, 0xbf, 0x4, 0xbf,
    0x1, 0x6f, 0xf9, 0x2f, 0xf8, 0x1e, 0x43, 0xf9,
    0xf, 0xfe, 0xea, 0x1f, 0xfc, 0x3b, 0xf8, 0x1f,
    0xf8, 0x3f, 0xfa, 0x17, 0xe8, 0x7f, 0xfc, 0x1f,
    0xd1, 0x87, 0xff, 0x19, 0x2, 0x1f, 0xfc, 0x56,
    0x30, 0xff, 0xe2, 0xb1, 0x7, 0xff, 0x16, 0x84,
    0x87, 0xff, 0x12, 0x49, 0xf, 0xfe, 0x2c, 0xe8,
    0x7f, 0xf1, 0x40,

    /* U+5C3D "尽" */
    0xf, 0xfe, 0x6d, 0xff, 0xfc, 0x30, 0xfe, 0x5f,
    0xf8, 0x3f, 0xdd, 0x7f, 0xc8, 0x7f, 0xfa, 0x7a,
    0xff, 0x90, 0xff, 0x2f, 0xfc, 0x1f, 0xeb, 0xfc,
    0x97, 0xe0, 0xf2, 0x21, 0xe8, 0x83, 0xff, 0x90,
    0x88, 0x7f, 0xf0, 0x59, 0xa, 0x24, 0x3f, 0x90,
    0x6d, 0xc0, 0xc9, 0xf, 0x46, 0xb, 0x47, 0xc4,
    0x50, 0x39, 0x10, 0xd7, 0x20, 0x71, 0xc2, 0x44,
    0x3e, 0x6c, 0x2c, 0x18, 0x22, 0x1e, 0x43, 0xfb,
    0x92, 0x10, 0xcd, 0xc1, 0xf9, 0x8c, 0x80, 0xf9,
    0x1f, 0x41, 0xf9, 0xc3, 0xd7, 0x23, 0xe0, 0xff,
    0xe2, 0x37, 0x7, 0xff, 0x25, 0xf0, 0x78,

    /* U+5C48 "屈" */
    0xf, 0xfe, 0x65, 0xff, 0xfc, 0x50, 0xe5, 0xff,
    0xe1, 0x7, 0xd5, 0xff, 0xc2, 0xf, 0xfe, 0x87,
    0xff, 0xf0, 0x83, 0xe5, 0xff, 0xe2, 0x7, 0x57,
    0xef, 0x57, 0x83, 0xf2, 0x1a, 0x81, 0x90, 0xfc,
    0xc8, 0x7e, 0xa0, 0x7f, 0xf8, 0x90, 0xeb, 0xe0,
    0x7c, 0x87, 0xf2, 0xf8, 0xb, 0xc1, 0xfd, 0x5c,
    0xa, 0xe0, 0xfd, 0x21, 0xfe, 0xa0, 0x11, 0x3,
    0x87, 0xf9, 0x40, 0xcc, 0x3f, 0xf8, 0xc8, 0x87,
    0xff, 0x15, 0x10, 0xcf, 0xe0, 0x7e, 0xa, 0x20,
    0x97, 0xff, 0x80, 0x16, 0x86, 0xaf, 0xfe, 0x0,
    0x68, 0x3f, 0xf8, 0x9e,

    /* U+5C4F "屏" */
    0xf, 0xfe, 0x6f, 0xff, 0xf1, 0x60, 0xf2, 0xff,
    0xf0, 0x83, 0xe6, 0xbf, 0xf8, 0x38, 0x7f, 0xf4,
    0x5f, 0xff, 0xe0, 0xc1, 0xf9, 0x7f, 0xf8, 0x78,
    0x73, 0x56, 0xd7, 0x95, 0x44, 0x3f, 0x93, 0xd,
    0x10, 0x7f, 0xaa, 0x5, 0x64, 0xe8, 0x87, 0xcb,
    0x1, 0x70, 0x16, 0xc3, 0xef, 0x81, 0xf9, 0x2f,
    0x41, 0xff, 0xc6, 0x43, 0xc8, 0x7f, 0xf2, 0xfa,
    0xc0, 0xac, 0x95, 0x90, 0x62, 0xf0, 0x17, 0x1,
    0x76, 0x4, 0x1f, 0x87, 0xf2, 0x7e, 0x83, 0xf2,
    0x61, 0xff, 0xc0, 0x44, 0x34, 0x21, 0xff, 0xc0,
    0x8c, 0x28, 0x43, 0xff, 0x80, 0x81, 0x4, 0x90,
    0x7f, 0xf0, 0x15, 0x7, 0x61, 0xff, 0xc2, 0x90,
    0xac, 0x3e, 0xb0, 0xe0,

    /* U+5C55 "展" */
    0xf, 0xfe, 0x6f, 0xff, 0xf1, 0x60, 0xf5, 0x7f,
    0xf0, 0x50, 0xf9, 0x7f, 0xf8, 0x50, 0x7c, 0xd7,
    0xff, 0x8, 0x3f, 0x2f, 0xff, 0x8, 0x3e, 0x7f,
    0x53, 0xf5, 0x3e, 0x83, 0xfd, 0x40, 0xdc, 0x1f,
    0xcb, 0xc0, 0x5e, 0x17, 0x7, 0xab, 0x2, 0xb0,
    0x2b, 0x7, 0x3f, 0x81, 0xf9, 0x3f, 0x7, 0xff,
    0x3d, 0xac, 0xa, 0xc9, 0x59, 0x2, 0x5, 0xc0,
    0x5c, 0x5, 0xd8, 0x6b, 0xc3, 0xe4, 0xfe, 0x9e,
    0x6, 0x21, 0xe8, 0xc2, 0xe4, 0x32, 0x1f, 0xd1,
    0x4c, 0xb0, 0xff, 0xe1, 0x32, 0x8d, 0xc, 0x88,
    0x7c, 0xcc, 0xd, 0xd, 0x10, 0x66, 0xe4, 0x74,
    0xb9, 0x42, 0x12, 0x5, 0x78, 0x2b, 0x84, 0x68,
    0x12, 0xae, 0xf, 0x9f, 0x20,

    /* U+5C5E "属" */
    0x9, 0x7f, 0xf8, 0xa1, 0xab, 0xff, 0x8a, 0x1c,
    0xff, 0xff, 0x6, 0xf, 0xfe, 0x46, 0x1e, 0x7f,
    0xff, 0x82, 0x87, 0x9f, 0xff, 0xe1, 0x87, 0x9a,
    0xf7, 0xfe, 0xf, 0xfe, 0x1d, 0x6f, 0x7, 0x9a,
    0xf2, 0x2e, 0xf, 0xeb, 0xf9, 0x3f, 0xa0, 0xfe,
    0xac, 0x95, 0x83, 0xff, 0x80, 0xb0, 0x17, 0x7,
    0x26, 0x15, 0xf2, 0x7e, 0xf, 0xeb, 0xf9, 0x3f,
    0xa0, 0xb1, 0x5f, 0xe4, 0xff, 0x20, 0x43, 0x57,
    0x2, 0xb8, 0x3f, 0x97, 0xc2, 0x6a, 0x9, 0x20,
    0xff, 0x3a, 0x1d, 0x88, 0x6f, 0xc9, 0x24, 0x19,
    0x41, 0xdf, 0xfa, 0xd0, 0xd8, 0x7f, 0xf0, 0x6a,
    0x13, 0x40, 0xe1, 0xfd, 0xf8,

    /* U+5C71 "山" */
    0xf, 0xfe, 0x77, 0x83, 0xff, 0xe5, 0x40, 0xff,
    0xe1, 0x51, 0x41, 0xff, 0xc2, 0x50, 0x7f, 0xff,
    0xc3, 0xff, 0xfe, 0x1f, 0xff, 0x8f, 0xf0, 0x3f,
    0xc1, 0xff, 0xc8, 0xff, 0xfe, 0x20, 0x7f, 0xf2,
    0x0,

    /* U+5C81 "岁" */
    0xf, 0xf3, 0x7, 0xfc, 0x87, 0xa4, 0x3f, 0xdc,
    0x1f, 0xfc, 0x2f, 0x7, 0xff, 0x82, 0xbc, 0xa,
    0xf0, 0x79, 0x7c, 0x5, 0xf0, 0x6f, 0xe8, 0x1f,
    0xfe, 0xf, 0xa2, 0xf, 0xfe, 0x24, 0x4, 0x3f,
    0xf8, 0x72, 0xf, 0xff, 0x7, 0x48, 0xbf, 0xc1,
    0xf4, 0x95, 0xfe, 0x2, 0x16, 0x82, 0x43, 0xe8,
    0x10, 0x30, 0x69, 0x68, 0x69, 0x30, 0xce, 0x5a,
    0x48, 0x34, 0xc3, 0x70, 0x6b, 0x5b, 0x6, 0x1f,
    0xfc, 0x1f, 0x43, 0x87, 0xff, 0x1, 0xe0, 0x50,
    0x3f, 0xeb, 0x81, 0x68, 0x7f, 0x5e, 0x41, 0x68,
    0x7f, 0xb4, 0xf, 0x90, 0xff, 0xe0, 0x4d, 0xc1,
    0xff, 0xc2,

    /* U+5CF0 "峰" */
    0xf, 0xfe, 0xa, 0x1f, 0xfc, 0xd, 0xf, 0x70,
    0x7f, 0xf1, 0xd1, 0xf, 0xfe, 0x3c, 0x3f, 0xe0,
    0xff, 0xe0, 0x63, 0xf9, 0x10, 0xb4, 0x27, 0x70,
    0x21, 0x28, 0x83, 0xff, 0x81, 0x66, 0xa8, 0xc3,
    0xfe, 0x74, 0xca, 0x18, 0x7f, 0xf0, 0xdc, 0x34,
    0x87, 0xfc, 0xdc, 0x3e, 0x55, 0xc1, 0xfe, 0x55,
    0xd6, 0xe1, 0xf, 0xe7, 0x90, 0x21, 0x3e, 0xf,
    0xf7, 0xf0, 0xfe, 0x43, 0xfc, 0xbc, 0x5, 0xe0,
    0xff, 0x57, 0xd, 0x60, 0xff, 0x9a, 0xc3, 0x58,
    0x3f, 0xfa, 0xad, 0x61, 0xac, 0x1a, 0xca, 0xd,
    0x70, 0xd7, 0x7, 0x2c, 0x5, 0xe0, 0x2f, 0x3,
    0xea, 0x95, 0xfc, 0x3f, 0xc1, 0xfa, 0xf, 0xfe,
    0xc0,

    /* U+5DE5 "工" */
    0xf, 0xfe, 0x67, 0xff, 0xf1, 0x90, 0x90, 0xff,
    0xe2, 0xa1, 0x5f, 0xf0, 0x3f, 0xf0, 0x7f, 0xff,
    0xc3, 0xff, 0xfe, 0x1f, 0xff, 0xf0, 0xff, 0xfa,
    0x7f, 0xf0, 0x3f, 0xf9, 0xf, 0xfe, 0x50,

    /* U+5DE6 "左" */
    0xf, 0xfe, 0x95, 0xa1, 0xff, 0xc9, 0x43, 0xff,
    0x8e, 0x87, 0xff, 0xb, 0xfe, 0x7, 0xff, 0xc8,
    0x7f, 0xf2, 0x73, 0xfc, 0xb, 0xff, 0xe8, 0x3f,
    0x90, 0xff, 0xe3, 0x22, 0x1f, 0xfc, 0x78, 0x83,
    0xff, 0x8c, 0x87, 0xff, 0x26, 0x7, 0xff, 0xf0,
    0x3, 0xc8, 0x7f, 0xf2, 0x62, 0xfe, 0x7, 0xf8,
    0x3a, 0x14, 0x1f, 0xfc, 0x55, 0x10, 0x7f, 0xf1,
    0xa2, 0xf, 0xfe, 0x36, 0x48, 0x7f, 0xf1, 0x61,
    0x41, 0xff, 0xc6, 0x99, 0xaf, 0xc0, 0xaf, 0x92,
    0x35, 0xfc, 0x5, 0xf8, 0x35, 0xff, 0xfc, 0x54,

    /* U+5DF1 "己" */
    0x3f, 0xff, 0x8a, 0x1f, 0xfc, 0xbf, 0xff, 0xe1,
    0x87, 0xff, 0xfc, 0x3f, 0xd5, 0xff, 0xc3, 0xe,
    0x5f, 0xfe, 0x18, 0x7d, 0x7f, 0xff, 0x8, 0x39,
    0xf, 0xff, 0xf7, 0x7, 0xff, 0x65, 0x9, 0xf,
    0xfe, 0x4c, 0x1f, 0xfc, 0x1c, 0xcc, 0x7f, 0xff,
    0x82, 0x88, 0xc1, 0xff, 0xc3, 0x80,

    /* U+5DF2 "已" */
    0x7f, 0xff, 0x89, 0x7, 0xff, 0x1d, 0x3, 0xff,
    0xfc, 0x30, 0xff, 0xf0, 0xf8, 0x3f, 0xfe, 0x1f,
    0xff, 0xc1, 0xf, 0xfe, 0x4a, 0x1d, 0xff, 0xfc,
    0x28, 0x3f, 0xfe, 0x1c, 0x1f, 0xfc, 0x54, 0x3f,
    0xf9, 0x68, 0x7f, 0xf2, 0x60, 0xff, 0xe0, 0xe6,
    0x63, 0xff, 0xfc, 0x14, 0x46, 0xf, 0xfe, 0x1c,
    0x0,

    /* U+5E02 "市" */
    0xf, 0xe6, 0xf, 0xfe, 0x46, 0xa0, 0xff, 0xe3,
    0xc4, 0x1f, 0xe6, 0xbf, 0x81, 0x5f, 0xc6, 0xbf,
    0xc0, 0x5f, 0xe2, 0xff, 0xd0, 0xff, 0xf0, 0x7f,
    0x90, 0xff, 0xf7, 0x5f, 0xf0, 0xff, 0xc1, 0xf9,
    0x70, 0x4b, 0xc1, 0xfd, 0xd6, 0xc6, 0xb9, 0xf,
    0xff, 0xf8, 0x7f, 0xfb, 0x10, 0xff, 0xe2, 0xdf,
    0x7, 0xff, 0x2e, 0xe, 0xa0, 0x7f, 0x5f, 0x90,
    0xf2, 0x1f, 0xfd, 0xc0,

    /* U+5E03 "布" */
    0xf, 0xe4, 0x3f, 0xf9, 0xc, 0x87, 0xff, 0x1e,
    0x10, 0xff, 0xeb, 0x7f, 0xc0, 0xff, 0xf9, 0x17,
    0x82, 0x5f, 0xfe, 0x0, 0x2b, 0x92, 0xbf, 0xf8,
    0x28, 0x79, 0x10, 0x50, 0x3f, 0xf8, 0x59, 0x84,
    0xa0, 0xff, 0xe0, 0xa2, 0x1f, 0xfc, 0x78, 0x7f,
    0x3, 0xfd, 0x7, 0x61, 0xff, 0xc8, 0xc2, 0xfe,
    0x7, 0xf0, 0x76, 0x21, 0xff, 0xc6, 0x46, 0xf,
    0xfe, 0x32, 0xa0, 0xff, 0xe4, 0x41, 0xff, 0xef,
    0x43, 0xff, 0x8d, 0x7a, 0x30, 0xf9, 0xf, 0xda,
    0xd2, 0x1e, 0xe0, 0xfc, 0xd4, 0x87, 0xff, 0x34,

    /* U+5E08 "师" */
    0xf, 0xfe, 0x6d, 0x87, 0xff, 0xd, 0x83, 0xdf,
    0xff, 0xc0, 0x84, 0x3c, 0xbc, 0x5, 0xec, 0x3f,
    0x57, 0x2, 0xb9, 0xf, 0xff, 0x33, 0xf8, 0x1f,
    0xa0, 0xff, 0xea, 0x5e, 0x7, 0xc1, 0xff, 0xff,
    0xf, 0xfe, 0x22, 0x1f, 0xfc, 0x94, 0x3f, 0xfb,
    0xe, 0x26, 0x1f, 0xcd, 0x87, 0xa1, 0xf, 0xf2,
    0xc, 0x28, 0x82, 0x74, 0x33, 0xf2, 0x5, 0x8,
    0x7f, 0xf1, 0x63, 0xf, 0xfe, 0x3c, 0x1f, 0xfc,
    0x7d, 0xf, 0xf7, 0x83, 0xc0,

    /* U+5E26 "带" */
    0xe, 0xe0, 0xac, 0x37, 0x7, 0xff, 0x3e, 0xb0,
    0xd4, 0x95, 0x86, 0xa4, 0x5c, 0x5, 0x80, 0xb8,
    0xb, 0x67, 0xe1, 0xf9, 0x3f, 0xf, 0xd0, 0x7f,
    0xf3, 0xe8, 0x17, 0x6, 0xa0, 0x73, 0x57, 0x5b,
    0xd5, 0xba, 0xc1, 0x2f, 0xff, 0x1c, 0x37, 0xff,
    0xf1, 0x3, 0xff, 0x82, 0xc1, 0xff, 0x30, 0x7d,
    0xa1, 0xf5, 0x2, 0x55, 0x79, 0x2b, 0xe5, 0x7,
    0x2f, 0x80, 0xbf, 0x7, 0xeb, 0xf2, 0x7f, 0x7,
    0xff, 0xfc, 0x3f, 0x9b, 0xc2, 0x1f, 0xfc, 0x45,
    0x1, 0x83, 0xce, 0x87, 0xef, 0xa0, 0xff, 0xe7,
    0x0,

    /* U+5E27 "帧" */
    0xb, 0x83, 0xf7, 0x7, 0xff, 0x75, 0xfe, 0xf,
    0xfe, 0x22, 0xf1, 0xf0, 0xfa, 0xf, 0x35, 0xc1,
    0x20, 0x43, 0xff, 0x88, 0xc3, 0x4, 0xd4, 0x35,
    0x83, 0xfe, 0xd6, 0x2, 0xe0, 0xff, 0xe0, 0xff,
    0xa0, 0xff, 0xe2, 0x30, 0x7f, 0xf1, 0xf4, 0x3f,
    0xff, 0xe1, 0xf2, 0x1f, 0xf3, 0x7, 0xff, 0x1d,
    0x44, 0x58, 0x83, 0x1c, 0x1c, 0x17, 0x83, 0xa7,
    0x30, 0xff, 0xe1, 0x39, 0x19, 0xa1, 0xfe, 0x78,
    0xc2, 0xc9, 0xf, 0xdc, 0x38, 0x76, 0x41, 0xf9,
    0x5c, 0x1f, 0x68, 0x6e, 0x5, 0x3, 0xfd, 0x0,

    /* U+5E2D "席" */
    0xf, 0xf9, 0x41, 0xff, 0xc8, 0xa0, 0x7f, 0xf5,
    0x6f, 0xfc, 0xf, 0xfc, 0x1c, 0xb8, 0xb, 0xc0,
    0x5c, 0x1d, 0x58, 0x6b, 0x92, 0xb0, 0x7f, 0xf3,
    0xff, 0xf, 0xf2, 0x7e, 0xe, 0x5c, 0x5, 0xe0,
    0x2e, 0xe, 0xac, 0x35, 0xc9, 0x58, 0x3f, 0xfa,
    0x8f, 0xf2, 0x1f, 0xfc, 0x25, 0xc0, 0x58, 0x3e,
    0x43, 0xab, 0xd, 0x41, 0xff, 0x57, 0x86, 0xb9,
    0xf, 0xcb, 0xe0, 0x2f, 0x61, 0xc8, 0x4f, 0xe1,
    0xfc, 0x1c, 0x87, 0xff, 0x27, 0x30, 0xff, 0xe0,
    0xa1, 0xc8, 0x87, 0xfd, 0x51, 0x81, 0xf, 0xfe,
    0x12, 0x85, 0x3, 0x20, 0xb8, 0x3e, 0xfa, 0xa,
    0x50, 0x7f, 0xf1, 0xc0,

    /* U+5E38 "常" */
    0xf, 0xe6, 0xf, 0xf9, 0xd0, 0xd2, 0x19, 0xc3,
    0x92, 0x81, 0xf9, 0x83, 0xec, 0x50, 0x79, 0x8c,
    0x26, 0xa4, 0xe8, 0xa, 0x63, 0x53, 0xae, 0x16,
    0x2, 0xc2, 0xec, 0x1f, 0xff, 0xc4, 0xf, 0xfe,
    0x6d, 0xff, 0xfc, 0x10, 0xa8, 0x15, 0x7f, 0x82,
    0xa0, 0x84, 0xbf, 0xe0, 0x90, 0xf2, 0xff, 0x83,
    0xfd, 0x5f, 0xe1, 0xf, 0x5f, 0xc0, 0xfe, 0x83,
    0xff, 0x98, 0xff, 0xc0, 0xff, 0x90, 0xcd, 0x70,
    0x2b, 0x90, 0xf6, 0xbc, 0x5, 0xec, 0x3f, 0xfb,
    0x15, 0x83, 0xff, 0x88, 0xb0, 0x10, 0x3a, 0x1f,
    0xdf, 0xc1, 0xff, 0xca,

    /* U+5E55 "幕" */
    0xf, 0x90, 0xf2, 0x83, 0xff, 0x80, 0xc8, 0x75,
    0x3, 0xef, 0xe8, 0xbf, 0x81, 0xfc, 0x95, 0xc8,
    0xd7, 0x2, 0xb9, 0x17, 0xb3, 0x5e, 0x2, 0xf0,
    0x6b, 0xd1, 0x7f, 0x3, 0xe0, 0xfd, 0x5f, 0xfc,
    0x0, 0xff, 0x97, 0xfe, 0xf, 0xf5, 0xff, 0xf0,
    0x7f, 0xbf, 0xff, 0x80, 0x87, 0xf7, 0xff, 0xf0,
    0x10, 0xfa, 0xb8, 0xd, 0x7e, 0xf, 0x96, 0xa,
    0x5f, 0xc1, 0xbf, 0xd0, 0x3f, 0xfe, 0x8f, 0xd0,
    0x2f, 0xe0, 0x3f, 0xa0, 0xcc, 0x68, 0xe0, 0xd5,
    0x7, 0x9a, 0xb, 0xb1, 0x6c, 0x79, 0x7, 0x20,
    0x6a, 0x4a, 0xc1, 0x34, 0x5, 0x83, 0xf2, 0x7e,
    0x8b, 0xb3, 0x43, 0xff, 0x83, 0x84, 0xa0, 0xff,
    0xe0, 0xbe, 0x44, 0x3e, 0xa0, 0x7c, 0xd5, 0x87,
    0xe5, 0x7, 0xe5, 0x83, 0x80,

    /* U+5E72 "干" */
    0x7, 0xff, 0xf1, 0x50, 0xff, 0xe4, 0xe1, 0xbf,
    0xf0, 0xff, 0xd0, 0x7f, 0xff, 0xc3, 0xff, 0xc4,
    0x88, 0x7f, 0xaf, 0xfd, 0x3, 0xff, 0x8d, 0x7f,
    0x80, 0xbf, 0xc3, 0x5f, 0xc3, 0x5f, 0xc1, 0xff,
    0xff, 0xf, 0xff, 0xf8, 0x7f, 0xf9, 0x40,

    /* U+5E73 "平" */
    0xf, 0xfe, 0x5d, 0xff, 0xfc, 0x60, 0xb5, 0xf8,
    0x25, 0xfc, 0x13, 0x5f, 0x63, 0x5f, 0x83, 0xa0,
    0xff, 0xe0, 0xa8, 0x3a, 0x60, 0xff, 0xe0, 0x50,
    0x3a, 0x14, 0x1f, 0xe8, 0x83, 0xd9, 0x7, 0xf4,
    0xb0, 0x7d, 0x18, 0x7c, 0xa2, 0xf, 0xca, 0x10,
    0xf4, 0x61, 0xfe, 0xa2, 0x1e, 0xe0, 0xff, 0xe0,
    0x21, 0xf9, 0xf, 0x5f, 0xfc, 0x3f, 0xfc, 0x61,
    0xff, 0xc9, 0x7f, 0xf8, 0x7f, 0xf8, 0x3f, 0xff,
    0xe1, 0xff, 0xff, 0xe,

    /* U+5E74 "年" */
    0xf, 0x48, 0x7f, 0xf1, 0xe7, 0xf, 0xfe, 0x3a,
    0x41, 0xff, 0xc6, 0x81, 0xff, 0xfc, 0x20, 0xe4,
    0x3f, 0xf8, 0x68, 0x6c, 0xbf, 0x93, 0xfe, 0x82,
    0x85, 0x7, 0xff, 0x16, 0x48, 0x3f, 0xf8, 0xc9,
    0x87, 0xff, 0x1e, 0x87, 0xfc, 0x9f, 0xf0, 0x4a,
    0x9, 0x78, 0xb, 0xf0, 0x7e, 0xae, 0x4a, 0xf8,
    0x3f, 0xff, 0x35, 0x2, 0xb9, 0x3a, 0xfc, 0x2c,
    0x5, 0xe0, 0x97, 0xe0, 0x7f, 0xf9, 0x3f, 0xf4,
    0x1f, 0xff, 0xf0, 0xff, 0xeb, 0x80,

    /* U+5E76 "并" */
    0xf, 0xfe, 0x7d, 0xa1, 0xf5, 0xa1, 0xfd, 0x90,
    0x79, 0x42, 0x1f, 0xcc, 0x61, 0xd1, 0x7, 0xfc,
    0xa0, 0xe8, 0x50, 0x7a, 0xfe, 0x4f, 0xc8, 0xff,
    0x3, 0xf, 0xfe, 0x4b, 0xf9, 0x3f, 0xd0, 0xfe,
    0xf, 0xff, 0xf8, 0x7f, 0xf0, 0x9a, 0xe4, 0xeb,
    0xc3, 0x5d, 0xaf, 0x4, 0xbc, 0x12, 0xf5, 0xfc,
    0xf, 0xf4, 0x3f, 0xc1, 0xff, 0xd1, 0x43, 0xff,
    0x8f, 0x18, 0x7f, 0xf1, 0xd1, 0xf, 0xfe, 0x36,
    0x41, 0xff, 0xc6, 0xc0, 0x87, 0xff, 0x17, 0x6,
    0x1f, 0xfc, 0x64, 0xc3, 0xff, 0x8f, 0x61, 0xfe,
    0x78, 0x38,

    /* U+5E7F "广" */
    0xf, 0xfe, 0xa3, 0xe0, 0xff, 0xe3, 0xa0, 0x43,
    0xff, 0x8f, 0x10, 0x7f, 0xdf, 0xfa, 0x7, 0xfd,
    0x7, 0x2f, 0xff, 0x13, 0xe, 0xaf, 0xfe, 0x22,
    0x1f, 0xff, 0xf0, 0xff, 0xff, 0x87, 0xff, 0x49,
    0xf, 0xfe, 0x3a, 0x1f, 0xfc, 0x9c, 0xc3, 0xff,
    0x8e, 0x88, 0x7f, 0xf1, 0x90, 0xff, 0xe4, 0xc4,
    0x1f, 0xfc, 0x64, 0x8, 0x7f, 0xf1, 0x9a, 0x7,
    0xff, 0x1c,

    /* U+5E94 "应" */
    0xf, 0xf9, 0x83, 0xff, 0x91, 0x21, 0xff, 0xc8,
    0x44, 0x3f, 0xea, 0xfc, 0x95, 0xf9, 0x9, 0x7f,
    0x4, 0xbf, 0x61, 0x9f, 0xff, 0xe2, 0x41, 0xff,
    0xd5, 0xb0, 0xf2, 0x1f, 0xbc, 0x16, 0x21, 0xa8,
    0x1f, 0x90, 0xc9, 0x86, 0x43, 0xfb, 0x20, 0xc8,
    0x72, 0x1f, 0x91, 0x9, 0xc, 0x98, 0x7f, 0x21,
    0xb1, 0x4, 0x21, 0xfd, 0x88, 0x7f, 0xf0, 0x90,
    0xc9, 0x1, 0x31, 0x20, 0xfb, 0x9, 0xf, 0xa1,
    0xe, 0xc3, 0xb1, 0x7, 0x1, 0xf, 0x22, 0x13,
    0x21, 0xa3, 0xf, 0xfe, 0xa, 0x1c, 0x88, 0x74,
    0x25, 0x7f, 0x81, 0x5c, 0x24, 0x2f, 0xf8, 0xb,
    0xc0, 0x41, 0xff, 0xfc, 0x53, 0x83, 0xff, 0x8e,

    /* U+5E95 "底" */
    0xf, 0xf9, 0xf, 0xfe, 0x45, 0x41, 0xff, 0xc7,
    0x84, 0x3f, 0xeb, 0xff, 0x3, 0xff, 0x7, 0x2f,
    0xff, 0x14, 0x3a, 0xbf, 0xf8, 0xa1, 0xff, 0xc5,
    0x54, 0x87, 0xe6, 0x9f, 0xf5, 0x1c, 0x3f, 0x6a,
    0xf, 0x53, 0xd0, 0x7f, 0xbf, 0x91, 0x41, 0xff,
    0xed, 0xae, 0x4a, 0xf0, 0x7f, 0x2f, 0x1, 0x7c,
    0x12, 0x1d, 0xfd, 0xf, 0xf0, 0x7f, 0xf0, 0x91,
    0xf, 0xe4, 0x3f, 0xf8, 0xe8, 0x7f, 0xf0, 0x11,
    0x5, 0x83, 0x30, 0xf9, 0xc8, 0x80, 0x84, 0x88,
    0x6b, 0x93, 0x12, 0x2, 0x22, 0x12, 0x26, 0x43,
    0xe, 0x46, 0x41, 0xd6, 0x89, 0x1a, 0x40, 0xa0,
    0x6f, 0x21, 0xac, 0x16, 0x80,

    /* U+5E9E "庞" */
    0xf, 0xfe, 0x2, 0x1f, 0xfc, 0x8e, 0x43, 0xff,
    0x8f, 0x18, 0x7f, 0xd5, 0xfc, 0x35, 0xf8, 0x25,
    0xfc, 0x12, 0xfe, 0xc, 0xff, 0xff, 0x14, 0x3f,
    0xac, 0x37, 0x83, 0xff, 0x91, 0x18, 0x7f, 0xf1,
    0xd4, 0x21, 0xfa, 0xf9, 0x3f, 0x92, 0xf4, 0x1d,
    0xac, 0x5, 0x1, 0x7d, 0x87, 0x35, 0xd, 0x1,
    0x5e, 0x43, 0xf2, 0x1f, 0xde, 0xf, 0xfe, 0x6,
    0x1e, 0x84, 0x32, 0x1d, 0x8, 0x74, 0xa8, 0x3d,
    0x86, 0x43, 0xb5, 0x41, 0xd8, 0x68, 0xc3, 0xd4,
    0x4, 0x81, 0x10, 0x22, 0x8, 0x12, 0x13, 0x87,
    0xb2, 0x2d, 0x2, 0x1f, 0x22, 0x43, 0xe4, 0x83,
    0xf6, 0x45, 0x12, 0x5, 0xa8, 0xea, 0xc0, 0x88,
    0x99, 0x68, 0x20, 0x2c, 0x2e, 0x8f, 0x7, 0xef,
    0xf4, 0x0,

    /* U+5EA6 "度" */
    0xf, 0xf9, 0x41, 0xff, 0xc8, 0xa0, 0x7f, 0xf2,
    0x90, 0xff, 0x5f, 0xf8, 0x17, 0xfc, 0x86, 0x5c,
    0x5, 0xe0, 0x97, 0x6, 0xac, 0x35, 0xe2, 0xb0,
    0x7f, 0xf3, 0xeb, 0xd, 0x76, 0x75, 0x7, 0x2e,
    0x2, 0xf8, 0x5c, 0x1d, 0xf8, 0x7f, 0xa2, 0xf8,
    0x3f, 0xfa, 0x8f, 0xf4, 0x1f, 0xfc, 0x2a, 0xfe,
    0x43, 0xc8, 0x72, 0xff, 0x7, 0xfd, 0xff, 0xfc,
    0x10, 0xff, 0xe0, 0x57, 0xc1, 0xfc, 0x83, 0x6,
    0xbd, 0x83, 0xc, 0x87, 0x63, 0x5, 0xa6, 0x1d,
    0x98, 0x6d, 0x5d, 0x96, 0x1e, 0x44, 0x3b, 0x2,
    0x1f, 0xc8, 0x81, 0xbd, 0xc, 0x97, 0xd2, 0x66,
    0xf2, 0x3e, 0x9b, 0x90, 0x31, 0x45, 0xaf, 0x41,
    0xe6, 0xfa, 0x0,

    /* U+5EB7 "康" */
    0xf, 0xf9, 0xf, 0xfe, 0x43, 0x21, 0xff, 0xc7,
    0x48, 0x3f, 0xeb, 0xff, 0x3, 0xff, 0x7, 0x2f,
    0xc0, 0x5f, 0xc1, 0xd5, 0xf2, 0x57, 0xe0, 0xf9,
    0x7c, 0x2f, 0xc1, 0xfa, 0xb8, 0x15, 0xec, 0x3f,
    0x7f, 0x27, 0xf0, 0x7e, 0x5f, 0xc2, 0xf0, 0xa0,
    0xea, 0xf8, 0x15, 0xc0, 0xa0, 0x6f, 0xf9, 0x3f,
    0x87, 0x83, 0xcb, 0xe1, 0x78, 0x3f, 0x9a, 0xe0,
    0x57, 0x7, 0x90, 0x37, 0xe4, 0xbf, 0xc1, 0xf5,
    0x41, 0xd0, 0x6e, 0xf, 0xa8, 0xe1, 0xd8, 0xe4,
    0x1c, 0x81, 0xe9, 0xa4, 0x71, 0xa1, 0x26, 0x15,
    0x10, 0x98, 0x10, 0x76, 0x2b, 0xca, 0xb4, 0xc,
    0x50, 0x32, 0x30, 0xf2, 0x1c, 0xe3, 0xc2, 0x4a,
    0xe2, 0xa4, 0x3b, 0x84, 0x58, 0x82, 0x58, 0x83,
    0x9e, 0x0,

    /* U+5EFA "建" */
    0xf, 0xfe, 0xc, 0x1f, 0xfc, 0x85, 0x83, 0xe7,
    0xfa, 0x1a, 0xb3, 0xac, 0x87, 0xe4, 0xc2, 0x44,
    0xa, 0xc0, 0xfc, 0x91, 0x5c, 0x55, 0x87, 0xcb,
    0x85, 0xd8, 0x16, 0x2, 0x1a, 0x22, 0xb9, 0x2b,
    0xc, 0x83, 0x30, 0x5f, 0xa2, 0xf8, 0x74, 0x88,
    0x3f, 0xf8, 0xe9, 0x7c, 0x5f, 0x45, 0xf0, 0x75,
    0x60, 0xb5, 0xc2, 0xf6, 0x12, 0xe1, 0x1a, 0xb3,
    0xac, 0x85, 0x86, 0xca, 0xd9, 0xd7, 0x6, 0x84,
    0x45, 0xe1, 0x7c, 0x12, 0x8c, 0x2f, 0xd1, 0x7f,
    0x5, 0x12, 0x83, 0xff, 0x8c, 0xa3, 0x3f, 0xa2,
    0xff, 0x5, 0x1, 0x3f, 0xa2, 0xff, 0x5, 0x2,
    0xf, 0xfe, 0x32, 0xa7, 0x43, 0x3a, 0x1f, 0xb2,
    0x62, 0xf5, 0x7f, 0xcc, 0x40, 0x79, 0x17, 0xfe,
    0x25, 0x6, 0x6f, 0xff, 0xe0, 0x20,

    /* U+5F00 "开" */
    0x2b, 0xff, 0x8e, 0x81, 0x7f, 0xf8, 0xe1, 0x7f,
    0xf, 0xf9, 0x3f, 0x21, 0xff, 0xff, 0xf, 0xfe,
    0xea, 0x1f, 0x91, 0xe, 0xfe, 0x87, 0xfc, 0xb,
    0xf2, 0xf8, 0x25, 0xf0, 0x4b, 0x8a, 0xf0, 0xd7,
    0x93, 0xac, 0x87, 0xd8, 0x7f, 0xf1, 0xf0, 0xff,
    0xe4, 0xa2, 0x1f, 0xfc, 0x64, 0x43, 0xff, 0x8f,
    0x18, 0x7f, 0xf1, 0xa1, 0x41, 0xff, 0xc5, 0x92,
    0xf, 0xfe, 0x2c, 0x98, 0x7f, 0xf2, 0x30, 0xff,
    0xe3, 0xd8, 0x7f, 0xd6, 0x1e,

    /* U+5F02 "异" */
    0xf, 0xfe, 0x63, 0xff, 0xfc, 0x34, 0x3e, 0x5f,
    0xfe, 0x0, 0x7f, 0xba, 0xff, 0xe0, 0x7, 0xff,
    0x4f, 0xaf, 0xfe, 0x0, 0x7f, 0x2f, 0xff, 0x0,
    0x29, 0xe, 0xbf, 0xff, 0x82, 0xa8, 0x3f, 0xf9,
    0xf8, 0x7f, 0xf0, 0x51, 0x9, 0x1f, 0xff, 0xe0,
    0xc6, 0x1b, 0x97, 0xff, 0x85, 0xa1, 0xcd, 0xd7,
    0xff, 0x0, 0x3f, 0xac, 0x3d, 0xe0, 0xf3, 0x5c,
    0xa, 0xf0, 0x2b, 0x89, 0x78, 0xb, 0xe0, 0x2f,
    0xbf, 0xa1, 0xff, 0x3, 0xf9, 0xe, 0xcc, 0x3f,
    0xf8, 0xd2, 0x21, 0xff, 0xc5, 0xd3, 0xf, 0xfe,
    0x25, 0x83, 0xf, 0xfe, 0x2a, 0x58, 0x7f, 0xf1,
    0xbc, 0x87, 0xfb, 0xc1, 0xe0,

    /* U+5F03 "弃" */
    0xf, 0xf2, 0x1f, 0xfc, 0x8a, 0x83, 0xff, 0x8f,
    0x8, 0x7f, 0x9a, 0xfe, 0x7, 0x5f, 0x80, 0xbf,
    0xc1, 0x2f, 0xe1, 0xff, 0x23, 0xff, 0xf0, 0x7d,
    0x24, 0x15, 0xa1, 0xff, 0x49, 0x86, 0x89, 0xf,
    0xed, 0x30, 0xf6, 0x50, 0x3e, 0xc0, 0xd7, 0x7c,
    0x6, 0xf, 0xe5, 0xf0, 0x4a, 0x18, 0x3b, 0xff,
    0xf8, 0x14, 0xcc, 0x3f, 0x48, 0x79, 0x81, 0xa1,
    0xf9, 0x83, 0xd2, 0x1f, 0xfd, 0xf, 0xf0, 0x3f,
    0xc0, 0xfe, 0x97, 0x82, 0x5f, 0x1, 0x7b, 0xaf,
    0xd, 0x78, 0x15, 0xc8, 0x74, 0x61, 0xff, 0xc6,
    0x85, 0x7, 0xff, 0x17, 0x48, 0x3f, 0xf8, 0x96,
    0x38, 0x7f, 0xf1, 0x52, 0x81, 0xff, 0xc6, 0xf2,
    0x1f, 0xef, 0x7, 0x80,

    /* U+5F0F "式" */
    0xf, 0xfe, 0x2, 0x83, 0xff, 0x91, 0x40, 0x68,
    0x7f, 0xf2, 0x64, 0x3f, 0xf8, 0xf9, 0x21, 0xff,
    0xc7, 0xc4, 0x1f, 0xff, 0xc0, 0x7, 0xe3, 0xc2,
    0xff, 0xf0, 0x2, 0x5f, 0x15, 0xff, 0xc0, 0x4e,
    0xbc, 0x1f, 0xfc, 0x34, 0x3f, 0xf8, 0xf8, 0x7f,
    0xab, 0xfc, 0x87, 0xfc, 0xbf, 0xe1, 0x30, 0xfd,
    0xf8, 0x1f, 0x90, 0x21, 0xff, 0xde, 0x43, 0xff,
    0x93, 0x88, 0x4a, 0xf, 0xfe, 0x12, 0x61, 0x70,
    0x7f, 0x95, 0x4, 0x84, 0xa0, 0x2a, 0x80, 0xf5,
    0x14, 0x22, 0x1d, 0xd1, 0x40, 0x55, 0x34, 0x89,
    0x8c, 0xab, 0xf5, 0x14, 0x1a, 0x24, 0x45, 0x83,
    0xff, 0x80, 0xc0, 0x80,

    /* U+5F15 "引" */
    0xf, 0xfe, 0x23, 0x3, 0xff, 0xc8, 0x69, 0x2,
    0xfe, 0xf, 0xfa, 0xbf, 0x83, 0xff, 0xc8, 0xd7,
    0xe0, 0xff, 0x6b, 0xf0, 0x7f, 0xf0, 0x7f, 0xf2,
    0x1f, 0x90, 0xff, 0xed, 0xd7, 0xe4, 0x3f, 0xcb,
    0xf8, 0x3f, 0xbf, 0xf2, 0x1f, 0xfc, 0x84, 0x3f,
    0xfa, 0xe8, 0x7f, 0xf9, 0x6f, 0xf0, 0x87, 0xff,
    0x15, 0x83, 0xfd, 0x7f, 0xa0, 0xfe,

    /* U+5F20 "张" */
    0xf, 0xfe, 0xa7, 0x83, 0xfe, 0xff, 0x21, 0xfe,
    0x70, 0xff, 0xe3, 0xd0, 0x37, 0xf0, 0x7f, 0xa4,
    0xc3, 0xff, 0x88, 0xea, 0xc3, 0xff, 0x89, 0x42,
    0x81, 0xea, 0xc1, 0xf2, 0x68, 0x79, 0x78, 0x3e,
    0xf0, 0x7f, 0xaf, 0x90, 0xff, 0xe2, 0xa1, 0xbc,
    0xf, 0xfe, 0x4c, 0x3c, 0xa0, 0x28, 0xb, 0xe0,
    0xab, 0x14, 0x5, 0x45, 0x70, 0x65, 0xc1, 0xf2,
    0x41, 0xeb, 0xe4, 0x3f, 0xc8, 0x7f, 0xf2, 0x21,
    0xf, 0xfe, 0x3a, 0x41, 0xff, 0xc8, 0x88, 0x3f,
    0xf8, 0xab, 0xe0, 0xf9, 0xf, 0x3d, 0x91, 0x40,
    0x55, 0x88, 0x74, 0x30, 0x31, 0x40, 0x50, 0x20,
    0xeb, 0x83, 0x72, 0x5f, 0x83, 0x5a, 0x1f, 0x20,

    /* U+5F3A "强" */
    0xf, 0xfe, 0x5f, 0xf8, 0x17, 0xff, 0x41, 0x2e,
    0xf, 0x57, 0xc1, 0xd5, 0x83, 0xcb, 0xf0, 0x7f,
    0xf6, 0x6b, 0xe0, 0xf5, 0x41, 0xe5, 0xf8, 0x39,
    0x70, 0x6b, 0xe4, 0xfd, 0x5, 0x9f, 0x83, 0xff,
    0x97, 0x7e, 0x4f, 0xe4, 0x3f, 0xe5, 0x80, 0xb8,
    0x32, 0x2e, 0xa, 0xa4, 0xac, 0x1e, 0xab, 0xf,
    0xfe, 0x25, 0x60, 0xff, 0xe0, 0xa1, 0x97, 0x7,
    0x7c, 0x9f, 0x41, 0xff, 0x57, 0x25, 0x72, 0x1f,
    0x60, 0x5c, 0x5, 0x8c, 0x3f, 0xf9, 0x1a, 0x1e,
    0x43, 0xfc, 0xb0, 0x20, 0x56, 0x1b, 0xf9, 0x2a,
    0x44, 0xb, 0x11, 0xae, 0xad, 0xf8, 0x8f, 0xc8,
    0xd6, 0x5c, 0x19, 0x80,

    /* U+5F53 "当" */
    0xf, 0xe5, 0x7, 0xfa, 0xf, 0x50, 0x3d, 0x2,
    0x60, 0xff, 0xe0, 0x2a, 0x21, 0x83, 0xfc, 0xc4,
    0xc, 0x50, 0x7e, 0x63, 0xd, 0x92, 0x1f, 0x44,
    0x1e, 0x83, 0xf2, 0x48, 0x79, 0xd0, 0xf3, 0xa1,
    0x35, 0xf8, 0x15, 0xf8, 0x5f, 0xc0, 0x5f, 0xef,
    0xff, 0xe2, 0x7, 0xff, 0xc2, 0xff, 0xfe, 0x18,
    0x65, 0xff, 0xe1, 0x6, 0xaf, 0xfe, 0x1e, 0x1f,
    0xfd, 0xca, 0xff, 0xe2, 0x81, 0x7f, 0xf8, 0xa0,
    0xff, 0xfe, 0x28, 0x7f, 0xf2, 0x40,

    /* U+5F55 "录" */
    0xf, 0xfe, 0x65, 0xff, 0xfc, 0x38, 0x3b, 0x5f,
    0xfe, 0x10, 0x7c, 0xd7, 0xff, 0x7, 0xf, 0xcd,
    0x7f, 0xf0, 0x30, 0xfd, 0x2f, 0xff, 0x4, 0x3f,
    0x7f, 0xff, 0x6, 0xf, 0xfe, 0x85, 0x7f, 0xf0,
    0xf1, 0xa2, 0x2f, 0xff, 0x10, 0xa, 0xcf, 0x5f,
    0xe4, 0xff, 0xe8, 0x15, 0x7, 0xd0, 0x77, 0x6,
    0x86, 0xf, 0x21, 0x38, 0x87, 0x6a, 0xc2, 0x41,
    0x94, 0x1c, 0x3d, 0x28, 0x70, 0x26, 0x94, 0xf,
    0xd7, 0xa0, 0xa0, 0xb4, 0x3f, 0x3c, 0x3a, 0xc,
    0x18, 0x7c, 0xf0, 0xf0, 0x76, 0x9c, 0x13, 0xc3,
    0xc1, 0xfa, 0x83, 0xc2, 0x3c, 0x1c, 0x87, 0x3a,
    0x31, 0xc1, 0x53, 0xc1, 0xfa, 0xd8, 0x3e, 0x42,
    0x83, 0xf4, 0x0,

    /* U+5F6D "彭" */
    0xf, 0x21, 0xff, 0xc9, 0xb0, 0xff, 0x28, 0x3f,
    0xf8, 0xed, 0x2, 0xae, 0x5, 0x64, 0x34, 0x41,
    0x2f, 0x1, 0x74, 0x16, 0x48, 0x5f, 0xc0, 0xfe,
    0x1c, 0x90, 0xff, 0xe2, 0x31, 0x21, 0xd7, 0xe0,
    0x7e, 0x62, 0x40, 0x85, 0xaf, 0xfd, 0xe4, 0xd,
    0x0, 0xd7, 0xf8, 0x39, 0x88, 0x2f, 0xfe, 0x83,
    0x31, 0x87, 0xab, 0x90, 0xe6, 0x20, 0xf9, 0x7a,
    0xd, 0x42, 0x43, 0xff, 0x89, 0xa6, 0x87, 0xef,
    0xf0, 0x67, 0x9, 0xd0, 0x4d, 0x73, 0x43, 0x82,
    0x61, 0x2, 0xb5, 0xec, 0x3e, 0x88, 0x32, 0xc0,
    0x88, 0x3d, 0x92, 0x1a, 0x21, 0x60, 0xe7, 0x14,
    0x1e, 0x66, 0x1f, 0x2, 0x83, 0x4, 0xfc, 0xd0,
    0x32, 0xb4, 0xa0, 0x65, 0xaa, 0xfe, 0x82, 0xd0,
    0xf5, 0x16, 0xf, 0x2b, 0xf, 0x80,

    /* U+5F7B "彻" */
    0xf, 0xca, 0xf, 0xfe, 0x1b, 0xa5, 0x3, 0xff,
    0x87, 0x8, 0x73, 0x5f, 0x82, 0xc8, 0x3d, 0xaf,
    0xe0, 0x42, 0x83, 0xd6, 0x97, 0x82, 0x51, 0x7,
    0xfc, 0x86, 0x63, 0xf, 0xfe, 0x2a, 0x60, 0x84,
    0x1f, 0x7, 0xf6, 0xd, 0xa0, 0x64, 0x43, 0xf9,
    0x1e, 0x7, 0xa0, 0xff, 0xa2, 0x50, 0x7f, 0xf0,
    0xe0, 0xff, 0xe2, 0xa4, 0x87, 0xff, 0x1, 0xe,
    0x50, 0x7f, 0xf1, 0xf3, 0xf, 0xcc, 0x98, 0x75,
    0x87, 0xea, 0x38, 0x87, 0xff, 0xd, 0x5a, 0x1f,
    0xfc, 0x24, 0x14, 0x44, 0x3f, 0xf8, 0x2a, 0xd2,
    0x20, 0xff, 0xe1, 0x40, 0x84, 0x34, 0x61, 0xff,
    0x24, 0xfc, 0x88, 0x7f, 0xb1, 0xf, 0x41, 0xff,
    0x44, 0x3f, 0x90, 0xde, 0xe, 0x70, 0xfe,

    /* U+5F80 "往" */
    0xf, 0xfe, 0xa, 0x1f, 0xfc, 0x1b, 0xe, 0x68,
    0x1f, 0xf2, 0x83, 0xc8, 0x87, 0xfd, 0x10, 0x7a,
    0x20, 0xfe, 0xc9, 0xf, 0x2a, 0xf, 0xd8, 0xa0,
    0x7f, 0x9f, 0xf0, 0x31, 0x82, 0x5e, 0x9, 0x78,
    0x4a, 0xc, 0x57, 0x25, 0x78, 0x64, 0x12, 0x1f,
    0xfc, 0x44, 0x11, 0x7, 0xff, 0x19, 0x70, 0x7f,
    0xf1, 0x58, 0x83, 0xff, 0x8d, 0x7, 0x7f, 0x25,
    0xf9, 0x6, 0x1e, 0x43, 0xff, 0x83, 0x12, 0x1a,
    0xfc, 0x97, 0xe4, 0xd4, 0x1f, 0xfc, 0x76, 0xf,
    0xff, 0xf8, 0x7f, 0xf1, 0xbf, 0xc9, 0x7f, 0x41,
    0xf2, 0xff, 0xf0, 0xb0, 0xfa, 0xbf, 0xf8, 0x48,

    /* U+5F81 "征" */
    0xf, 0xfe, 0x7f, 0x83, 0xff, 0x8f, 0x5, 0x7f,
    0xff, 0x0, 0x32, 0x8c, 0x3f, 0xf8, 0xac, 0x60,
    0xbf, 0x92, 0xfc, 0x6, 0x20, 0xff, 0x90, 0xe6,
    0x24, 0x3f, 0xf8, 0xf2, 0x3a, 0x1f, 0xfc, 0x27,
    0x41, 0x9, 0x40, 0xff, 0xe1, 0xc4, 0x5, 0x7,
    0xff, 0xa, 0x64, 0x3f, 0xba, 0xc1, 0x28, 0x43,
    0xfe, 0x5c, 0x6, 0xf, 0xfe, 0xd, 0xf8, 0x61,
    0xf, 0xfe, 0x2, 0x1d, 0x18, 0x7f, 0xf1, 0xfc,
    0x1f, 0xff, 0xf0, 0xff, 0xe7, 0xa1, 0xff, 0xc0,
    0xf0, 0x3e, 0x4b, 0xf4, 0x1f, 0x2f, 0xff, 0xb,
    0xf, 0xab, 0xff, 0x84, 0x80,

    /* U+5F85 "待" */
    0xf, 0xfe, 0xa, 0x83, 0xff, 0x81, 0xe0, 0xf5,
    0x3, 0xfe, 0x84, 0x3f, 0xf8, 0xca, 0x20, 0xff,
    0xe2, 0xb1, 0x83, 0xf8, 0x1f, 0xc8, 0x18, 0xc2,
    0x5e, 0x2, 0xf0, 0x18, 0xc4, 0x15, 0xc0, 0xae,
    0x44, 0xc1, 0x61, 0xff, 0xc4, 0xc1, 0x15, 0xf0,
    0x2b, 0xc8, 0x4b, 0xfe, 0x2, 0xfb, 0xa, 0x23,
    0xff, 0x93, 0xe8, 0x18, 0x7f, 0xf2, 0x20, 0xff,
    0xe4, 0x28, 0x3a, 0xff, 0xc9, 0xf0, 0x5a, 0x16,
    0xbf, 0x80, 0xb0, 0xe1, 0xcc, 0x57, 0x92, 0xa0,
    0xfe, 0x56, 0x1f, 0xfc, 0x75, 0x18, 0x7f, 0xf1,
    0xe4, 0x43, 0xff, 0x8f, 0x44, 0x24, 0x3f, 0xf8,
    0x8d, 0x3c, 0x1f, 0xfc, 0x65, 0x5, 0x7, 0xff,
    0x13, 0xf9, 0xc,

    /* U+5F88 "很" */
    0xf, 0xfe, 0x7e, 0x87, 0xff, 0x1e, 0x32, 0xff,
    0xf8, 0x3a, 0x48, 0x25, 0xfc, 0x1e, 0x51, 0x86,
    0xaf, 0xc1, 0xcc, 0x61, 0xff, 0xc5, 0x63, 0x10,
    0xd5, 0xf8, 0x32, 0x60, 0xb0, 0x97, 0xf0, 0x76,
    0x8, 0x82, 0xff, 0xc1, 0xf9, 0x10, 0xff, 0xe3,
    0x64, 0x1f, 0xfc, 0x68, 0x8, 0x6f, 0xfc, 0x1c,
    0xa0, 0xf9, 0x40, 0x5e, 0x80, 0xc1, 0xfa, 0xa2,
    0xb8, 0x3b, 0x43, 0xf2, 0x41, 0x54, 0x38, 0x7f,
    0xca, 0x6, 0xa8, 0x3f, 0xf8, 0x51, 0xe2, 0x81,
    0xff, 0xc4, 0x81, 0xa1, 0xff, 0xc5, 0x51, 0x7,
    0xff, 0x12, 0xc9, 0x58, 0x7f, 0xf0, 0x6d, 0xa,
    0x4e, 0xf, 0xca, 0x15, 0x61, 0x58, 0x87, 0xe4,
    0x79, 0xf, 0x78, 0x35, 0x85, 0xc1, 0xff, 0xc0,

    /* U+5F90 "徐" */
    0xe, 0x50, 0x7a, 0x81, 0xff, 0xc0, 0xa0, 0x74,
    0xac, 0x3f, 0xd9, 0x86, 0x51, 0x10, 0x7e, 0xc8,
    0x3a, 0x35, 0xc1, 0xec, 0x50, 0x6c, 0xc1, 0x14,
    0xd, 0x8c, 0x13, 0x90, 0x6c, 0x60, 0x23, 0x1d,
    0x44, 0x87, 0x63, 0xaa, 0x84, 0x69, 0x4f, 0xfa,
    0x42, 0x40, 0xb7, 0x97, 0x1, 0x75, 0x10, 0xb2,
    0xd, 0x50, 0x2a, 0x2, 0x14, 0x1f, 0xfc, 0x85,
    0x6, 0x6b, 0x81, 0x5e, 0x18, 0x42, 0xd7, 0x80,
    0xbe, 0x33, 0xd, 0x7f, 0x3, 0xfc, 0x58, 0x7c,
    0x87, 0xd0, 0x7f, 0xf0, 0x68, 0x1e, 0x70, 0xff,
    0xb2, 0xf, 0x24, 0x1f, 0xc9, 0x7, 0xd0, 0xa0,
    0xfd, 0x8, 0x7e, 0xc8, 0x3e, 0xcc, 0x3f, 0xd0,
    0x87, 0xa8, 0xf, 0x84, 0x32, 0xc1, 0xe5, 0x7,
    0x30, 0x74, 0x0,

    /* U+5F97 "得" */
    0xf, 0xfe, 0x7f, 0x83, 0xff, 0x8f, 0x8, 0x3f,
    0xfe, 0xe, 0x51, 0x4, 0xff, 0xc1, 0xe6, 0x30,
    0xd8, 0x7c, 0x86, 0xa1, 0x87, 0x5f, 0xf2, 0x12,
    0x8c, 0x3c, 0xd7, 0xc1, 0x95, 0x83, 0xc1, 0x6b,
    0xf8, 0x34, 0x4, 0x42, 0xbf, 0xe4, 0x3e, 0x88,
    0xb, 0xff, 0x7, 0x66, 0x15, 0x7f, 0xc1, 0xa0,
    0xea, 0xff, 0xe0, 0x82, 0x43, 0x2f, 0xff, 0x14,
    0x39, 0xff, 0xe0, 0x79, 0x6, 0x87, 0xff, 0x19,
    0xc3, 0xbf, 0xfc, 0xf, 0x83, 0xe5, 0xff, 0x1,
    0x50, 0x7d, 0x44, 0xaf, 0x2, 0x88, 0x7f, 0x98,
    0x3f, 0xf8, 0xf8, 0xa0, 0xff, 0xe3, 0xe1, 0xff,
    0xca, 0xd5, 0xf0, 0x87, 0xff, 0x21, 0x82,

    /* U+5FB7 "德" */
    0xf, 0xfe, 0xc, 0x87, 0xfd, 0x61, 0xf2, 0x1f,
    0xf2, 0x83, 0xe4, 0xc3, 0xfd, 0x1b, 0xfd, 0xf,
    0xf8, 0x28, 0x87, 0xfa, 0x1f, 0xf0, 0x25, 0x83,
    0xe4, 0xc3, 0xe5, 0xa0, 0xbf, 0xc5, 0xfc, 0x4,
    0x87, 0x3, 0x41, 0xa1, 0x44, 0x36, 0x8, 0x32,
    0x8d, 0x42, 0xb0, 0xf4, 0x41, 0xff, 0xc7, 0x44,
    0xf, 0x8b, 0xc7, 0xa0, 0xec, 0x41, 0x5f, 0xfc,
    0x10, 0xa0, 0xe5, 0xff, 0xe0, 0x81, 0x60, 0xab,
    0xff, 0x86, 0x64, 0x12, 0xff, 0xf1, 0x2c, 0x37,
    0xfa, 0x3f, 0xe4, 0x3e, 0xd5, 0x89, 0x85, 0xa1,
    0xf9, 0xf, 0x42, 0x14, 0x1f, 0xb1, 0xc, 0xef,
    0x42, 0xf, 0x94, 0x1f, 0xe5, 0x83, 0xc9, 0x9,
    0xd6, 0xa, 0x10, 0xe6, 0x9, 0x17, 0x10, 0x34,
    0x3c, 0x85, 0x7f, 0x83, 0x80,

    /* U+5FC3 "心" */
    0xf, 0xfe, 0x93, 0x87, 0xff, 0x2b, 0xf, 0xfe,
    0x3a, 0x88, 0x3f, 0xf8, 0xf0, 0xa0, 0xff, 0xe1,
    0xa8, 0x19, 0x7, 0xff, 0xe, 0x81, 0x26, 0x1f,
    0xfc, 0x78, 0x8, 0x10, 0xf3, 0xc1, 0xf7, 0x23,
    0x21, 0xd9, 0x87, 0xe4, 0x9, 0x7, 0x22, 0x1f,
    0xfc, 0x4, 0x43, 0xff, 0x8f, 0x98, 0x48, 0x87,
    0xff, 0x5, 0x10, 0xb3, 0xf, 0xfe, 0x14, 0x40,
    0x44, 0x3f, 0xe4, 0x8, 0x88, 0x87, 0xff, 0x3,
    0xc0, 0x47, 0x30, 0xff, 0xe2, 0x60, 0xa2, 0x1f,
    0xfc, 0x4, 0x27, 0x44, 0x3f, 0xfa, 0x8, 0x72,
    0x1f, 0xfc, 0x14, 0xbf, 0xa1, 0xf, 0xfa, 0x43,
    0xe6, 0xe,

    /* U+5FC5 "必" */
    0xf, 0xfe, 0x9f, 0x7, 0xff, 0x29, 0x83, 0xff,
    0x91, 0x8c, 0x19, 0xe0, 0xff, 0xe0, 0xe3, 0x5,
    0x10, 0x7f, 0xac, 0x18, 0xa1, 0x10, 0xff, 0x90,
    0xda, 0x88, 0x83, 0xea, 0x7, 0xe8, 0x44, 0x3f,
    0x28, 0x3f, 0xd1, 0x30, 0x7c, 0x87, 0xf6, 0x44,
    0x87, 0x26, 0x1f, 0xa1, 0x44, 0x41, 0xb0, 0xfe,
    0x51, 0x1, 0x10, 0xc8, 0x87, 0x98, 0xc3, 0x44,
    0x1f, 0xf3, 0x18, 0x72, 0x20, 0x48, 0x3a, 0x84,
    0x1f, 0x44, 0x62, 0x1c, 0x9a, 0x1a, 0x44, 0x4b,
    0xf, 0xb0, 0xf3, 0x3, 0xc1, 0xce, 0xc, 0x3f,
    0xf8, 0x8f, 0x7, 0xff, 0x1, 0xf, 0x50, 0x74,
    0x43, 0xc8, 0x7c, 0xa2, 0x86, 0x5f, 0xe8, 0xc3,
    0x9b, 0x40, 0xa0, 0xfd, 0x21, 0xc0,

    /* U+5FD7 "志" */
    0xf, 0xfe, 0xa7, 0x83, 0xff, 0xd7, 0xff, 0xc0,
    0xff, 0xe0, 0xff, 0xe6, 0x7f, 0xf0, 0x3f, 0xf8,
    0x3f, 0xff, 0x3f, 0xf8, 0x1f, 0xf8, 0x32, 0xff,
    0xf1, 0x83, 0x57, 0xef, 0x57, 0xe0, 0xfc, 0xa0,
    0x50, 0x3f, 0xf8, 0xe, 0xa, 0x2, 0x20, 0xde,
    0xe, 0x83, 0xe4, 0x50, 0x48, 0x87, 0x21, 0xf6,
    0x64, 0xc4, 0x12, 0x61, 0xfb, 0x87, 0x11, 0x4,
    0x21, 0xff, 0xc0, 0xc8, 0x84, 0x43, 0xfe, 0x43,
    0x22, 0x8, 0x24, 0xf5, 0x5c, 0x1a, 0x8a, 0xc3,
    0x41, 0x2c, 0x5, 0x4, 0x80,

    /* U+5FEB "快" */
    0xd, 0x61, 0xf3, 0x87, 0xff, 0x27, 0x10, 0xff,
    0xea, 0x48, 0x10, 0x35, 0x25, 0x72, 0x19, 0xc1,
    0x20, 0x58, 0x25, 0xc1, 0xfe, 0xa3, 0xf2, 0x5e,
    0x83, 0xec, 0x18, 0xa0, 0xe4, 0x8, 0x72, 0x1d,
    0xa8, 0x3f, 0xf8, 0x88, 0x68, 0x3f, 0xf8, 0x78,
    0x7f, 0xf6, 0x10, 0x21, 0xc8, 0x7b, 0xf9, 0x2f,
    0x45, 0xa5, 0x3, 0x97, 0x82, 0x5f, 0x1, 0x41,
    0xd5, 0xc1, 0x57, 0x90, 0xff, 0xe0, 0x21, 0x21,
    0xff, 0xc6, 0x88, 0x83, 0xff, 0x8a, 0x81, 0x88,
    0x3f, 0xf8, 0x6c, 0x62, 0x30, 0x7f, 0xf0, 0x58,
    0x82, 0xc6, 0xf, 0xfa, 0x84, 0x86, 0xc7, 0x43,
    0xe7, 0x49, 0xf, 0x60, 0x90, 0xf2, 0x3a, 0x1f,
    0xb8, 0x43, 0x59, 0xc1, 0xff, 0x38,

    /* U+5FFD "忽" */
    0xf, 0xfe, 0x7b, 0xc1, 0xff, 0xc7, 0x8c, 0x3f,
    0xf8, 0xd0, 0x2f, 0xff, 0xe0, 0x7, 0x28, 0x58,
    0xb, 0xb, 0x7, 0xd1, 0x50, 0x2a, 0x5, 0x48,
    0x76, 0x48, 0x11, 0x2, 0x19, 0xc, 0x92, 0xc,
    0x80, 0x88, 0x7e, 0x74, 0x10, 0xa0, 0x44, 0x1f,
    0xfc, 0x9, 0x20, 0x22, 0x1c, 0x87, 0xb4, 0xc0,
    0xc4, 0x12, 0x1e, 0xb1, 0xc1, 0x43, 0x69, 0xc6,
    0x19, 0x28, 0x9, 0x33, 0x50, 0x24, 0x35, 0xa1,
    0x4e, 0xb, 0xf2, 0x1c, 0x85, 0xc5, 0xc1, 0xcc,
    0x1c, 0xe8, 0x10, 0x2a, 0xd, 0x21, 0xd0, 0x87,
    0x42, 0x84, 0x88, 0x39, 0xf, 0xb1, 0x28, 0xb8,
    0x11, 0x87, 0xec, 0x3a, 0x20, 0x22, 0x1f, 0xfc,
    0x34, 0x51, 0x4, 0x9d, 0x76, 0x60, 0x80, 0xe8,
    0x50, 0x17, 0x85, 0x5, 0xa0,

    /* U+6001 "态" */
    0xf, 0xf2, 0x1f, 0xfc, 0x9b, 0xf, 0xfe, 0x4a,
    0x1f, 0xf5, 0x7f, 0xd, 0x7f, 0x1, 0x7f, 0x80,
    0xbf, 0xc0, 0xff, 0xc1, 0x3f, 0xf8, 0x3f, 0xa1,
    0x70, 0x7f, 0xf0, 0xd4, 0x50, 0x90, 0xff, 0xe0,
    0xb1, 0x3, 0x28, 0x1f, 0xf5, 0x1, 0x20, 0xc7,
    0x43, 0xeb, 0x4e, 0x24, 0x1a, 0x5a, 0x7, 0xc9,
    0x63, 0x90, 0x54, 0x5, 0xa8, 0x16, 0x86, 0xe0,
    0xcf, 0x22, 0x79, 0xf, 0x48, 0x79, 0xb0, 0x98,
    0x1e, 0x3, 0x87, 0x50, 0x3b, 0x43, 0xd1, 0x6,
    0x50, 0x72, 0x83, 0xcb, 0x82, 0xcc, 0x24, 0xc3,
    0xe8, 0x4d, 0x11, 0x4, 0x21, 0xfb, 0xe, 0x88,
    0x44, 0x3f, 0xe4, 0x32, 0x20, 0x83, 0xba, 0xf0,
    0x82, 0x8a, 0xc3, 0x60, 0x5e, 0x20, 0xc8,

    /* U+600E "怎" */
    0xe, 0x43, 0xff, 0x90, 0xd8, 0x7f, 0xf1, 0xf2,
    0xf, 0xfe, 0x3a, 0x5f, 0xff, 0xc2, 0xd, 0x81,
    0x2, 0xff, 0xf0, 0x2, 0x41, 0xc9, 0x5f, 0xfc,
    0x0, 0xa3, 0xf, 0xfe, 0x36, 0x21, 0xdf, 0xfe,
    0xf, 0x41, 0xcb, 0xfe, 0xd, 0xe0, 0xf5, 0x7f,
    0x83, 0xff, 0xad, 0xff, 0xe8, 0x3f, 0xe5, 0xff,
    0x61, 0xff, 0x57, 0xf9, 0xf, 0xcf, 0x8d, 0xf,
    0xfe, 0x5, 0x82, 0x81, 0x48, 0x6f, 0x7, 0x21,
    0xf6, 0x48, 0x88, 0x84, 0x88, 0x7d, 0x85, 0x51,
    0x5, 0x90, 0x7e, 0xd0, 0xd1, 0x1, 0xf, 0xfe,
    0x22, 0x2c, 0x41, 0xdd, 0x76, 0x60, 0xd6, 0xd0,
    0xb0, 0x2f, 0xa, 0xa, 0x0,

    /* U+6015 "怕" */
    0xf, 0xfe, 0x75, 0x87, 0xef, 0x7, 0xff, 0x1d,
    0xf, 0xfe, 0x4e, 0x41, 0xf9, 0xf, 0x5f, 0x25,
    0xfc, 0x15, 0x1, 0x87, 0xff, 0x1b, 0xb, 0xb,
    0xff, 0x21, 0x21, 0xa2, 0xf, 0xfe, 0x22, 0x6,
    0x81, 0xff, 0xc8, 0x43, 0xff, 0x87, 0x87, 0xff,
    0x25, 0xf, 0xea, 0xfc, 0x86, 0x43, 0xf2, 0xfe,
    0xd, 0xc1, 0xfb, 0xff, 0x21, 0xff, 0xff, 0xf,
    0xff, 0x27, 0xfe, 0x43, 0xff, 0xaf, 0xff, 0x90,
    0xff, 0xe6, 0x0,

    /* U+601D "思" */
    0xf, 0xfe, 0x6f, 0xff, 0xf1, 0x3, 0xf2, 0xf0,
    0x17, 0x83, 0xf9, 0xae, 0x5, 0x72, 0x1f, 0xfd,
    0x26, 0xb8, 0x15, 0xc8, 0x7f, 0x2f, 0x1, 0x78,
    0x3f, 0x9f, 0xe0, 0x7f, 0x21, 0xff, 0xe8, 0x7f,
    0x81, 0xfc, 0x87, 0xcb, 0xff, 0xc4, 0xf, 0x57,
    0xde, 0xaf, 0x83, 0xfa, 0x80, 0xa0, 0x79, 0xe,
    0xb0, 0x28, 0x11, 0x86, 0xe0, 0xe4, 0x3e, 0x50,
    0x89, 0x10, 0x72, 0x1f, 0x42, 0x51, 0x70, 0x23,
    0xf, 0xd8, 0x74, 0x40, 0x44, 0x3f, 0xc9, 0x81,
    0x10, 0x21, 0xdd, 0x6e, 0xd, 0x28, 0xe0, 0xb0,
    0x2e, 0x2, 0x82, 0x80,

    /* U+6025 "急" */
    0xf, 0x90, 0xff, 0xe4, 0x36, 0x1f, 0xfc, 0x78,
    0x5f, 0xe0, 0xff, 0x60, 0x6b, 0xf0, 0x7e, 0x72,
    0xff, 0x81, 0x7, 0xcc, 0x48, 0x7b, 0x14, 0x1e,
    0xa0, 0xf5, 0xec, 0x2a, 0x90, 0x90, 0x2f, 0xe0,
    0x97, 0x61, 0x7f, 0xff, 0x14, 0x3f, 0xfa, 0x37,
    0xff, 0xf0, 0x83, 0xee, 0xbf, 0xf8, 0x41, 0xf2,
    0xff, 0xf0, 0xc3, 0xcd, 0x7f, 0xf0, 0xc3, 0xe5,
    0xff, 0xe1, 0x87, 0x9f, 0xf8, 0xbf, 0xe8, 0x35,
    0x83, 0x80, 0xc8, 0x6b, 0xe, 0x43, 0xe8, 0x81,
    0xd9, 0x84, 0x90, 0x7d, 0xc1, 0x94, 0x20, 0x84,
    0x24, 0x32, 0x1d, 0x10, 0x90, 0x75, 0x7b, 0x30,
    0x44, 0xb0, 0x50, 0xbe, 0x14, 0x7, 0x80,

    /* U+6027 "性" */
    0xa, 0xc3, 0xfb, 0x83, 0xff, 0x86, 0xc1, 0xff,
    0xc8, 0x90, 0xff, 0xe0, 0x28, 0x10, 0x7f, 0xf1,
    0x6c, 0xc, 0x1a, 0xa1, 0xae, 0xf, 0x2a, 0x40,
    0xb0, 0x17, 0x84, 0xc1, 0x3e, 0x2f, 0x43, 0xfc,
    0x1f, 0x4a, 0x10, 0x21, 0xfe, 0x43, 0x22, 0x1f,
    0xfc, 0xc, 0x3f, 0x41, 0xff, 0xc7, 0x70, 0xff,
    0xe0, 0xa1, 0xf3, 0x5b, 0x1a, 0xc9, 0x40, 0xf6,
    0xb8, 0x25, 0xc0, 0x50, 0x7a, 0xfd, 0xf, 0xe4,
    0x3f, 0xf8, 0x48, 0x7f, 0xff, 0xc3, 0xff, 0x80,
    0x87, 0xff, 0xf, 0xfd, 0xf, 0xf2, 0x1f, 0x2f,
    0xff, 0xc, 0x3e, 0xaf, 0xfe, 0x10,

    /* U+603B "总" */
    0xf, 0x21, 0xf9, 0xf, 0xfa, 0x88, 0x7a, 0x88,
    0x7f, 0xa2, 0xe, 0x50, 0x87, 0xfd, 0x10, 0x68,
    0xc3, 0xfa, 0xac, 0x6a, 0xc1, 0x58, 0x3c, 0xb8,
    0xb, 0x4, 0xb8, 0x3e, 0x7f, 0xff, 0x80, 0x1f,
    0xff, 0xf0, 0xff, 0xe5, 0x3f, 0xff, 0xc0, 0xf,
    0xcb, 0xff, 0xc4, 0xf, 0x57, 0xc5, 0x7e, 0xe,
    0x50, 0x24, 0x56, 0x1c, 0xa0, 0xee, 0x3, 0x8a,
    0x20, 0xd4, 0xe, 0x43, 0xe8, 0x50, 0x91, 0x4,
    0x90, 0x7d, 0xc9, 0x6b, 0x81, 0x8, 0x7e, 0x42,
    0x48, 0x82, 0x43, 0x21, 0xff, 0x22, 0x8c, 0x3b,
    0xae, 0xcc, 0x14, 0x56, 0x85, 0x1, 0x78, 0x50,
    0x48,

    /* U+606F "息" */
    0xf, 0xfe, 0x9f, 0x83, 0xff, 0xb1, 0xfe, 0x7,
    0xfd, 0x7, 0xea, 0xff, 0x90, 0xfe, 0x5f, 0xfe,
    0x4, 0x1f, 0xcd, 0x7f, 0xf0, 0x3, 0xfc, 0xbf,
    0xfc, 0x0, 0xfe, 0x7f, 0xff, 0x80, 0x1f, 0xcb,
    0xff, 0xc0, 0x83, 0xfd, 0x5f, 0xf2, 0x1f, 0xcf,
    0xff, 0xf0, 0x3, 0xff, 0xa6, 0xff, 0xff, 0x0,
    0x3f, 0x57, 0xca, 0xaf, 0x61, 0xc8, 0xac, 0x5f,
    0xe3, 0xe, 0xa0, 0x1c, 0x11, 0x6, 0xd4, 0x1c,
    0x87, 0x97, 0x1d, 0x8, 0x28, 0xc3, 0xea, 0x21,
    0xa2, 0x2, 0x21, 0x21, 0x90, 0xe4, 0x44, 0x83,
    0xba, 0xec, 0xc1, 0x8a, 0x90, 0xa0, 0x2f, 0xa,
    0xb, 0x40,

    /* U+60C5 "情" */
    0x9, 0x83, 0xf5, 0x87, 0xfb, 0x42, 0x5f, 0xb,
    0xe0, 0xfc, 0xd7, 0x2, 0xbc, 0x1e, 0x47, 0xf9,
    0x3f, 0xc0, 0xe0, 0x50, 0xb, 0xc2, 0xf0, 0x7e,
    0x6b, 0xc0, 0xaf, 0x5, 0x83, 0xbb, 0xf2, 0x7f,
    0x41, 0xf2, 0x2f, 0x85, 0xfc, 0x21, 0xab, 0xc0,
    0xaf, 0x61, 0xf7, 0xff, 0xf0, 0xac, 0x3f, 0x2f,
    0xfc, 0x1f, 0xea, 0xff, 0xe0, 0x3, 0x83, 0xf7,
    0xfe, 0x82, 0x50, 0x7e, 0x5f, 0xd8, 0x7f, 0xf0,
    0x6b, 0xf2, 0x1f, 0xfc, 0x1f, 0xfd, 0x7, 0xff,
    0x7, 0xff, 0x41, 0xff, 0xc1, 0xaf, 0xc8, 0x7f,
    0xf0, 0x57, 0xf0, 0x7f, 0xf1, 0xd5, 0x21, 0xff,
    0xc6, 0xa2, 0x41, 0xff, 0xc5, 0xfc, 0x80,

    /* U+60F3 "想" */
    0xf, 0xfe, 0x75, 0x87, 0xff, 0x3b, 0xff, 0xc1,
    0xff, 0xc2, 0xaf, 0x7, 0x7c, 0x9f, 0x1, 0x7f,
    0x6, 0x58, 0xb, 0x1, 0x7f, 0x6, 0xa8, 0x15,
    0x5, 0x5e, 0xf, 0xa0, 0x21, 0x9f, 0xf2, 0x1c,
    0xa0, 0x58, 0x7f, 0xf1, 0x20, 0xa3, 0x3, 0xfe,
    0x43, 0x66, 0x8f, 0x5, 0x5e, 0xd, 0x10, 0x72,
    0x5, 0xfc, 0x14, 0xa0, 0xfc, 0xbf, 0x83, 0x41,
    0xfe, 0xaf, 0x7, 0xed, 0xd, 0x7f, 0xf0, 0x76,
    0x5e, 0x5, 0x87, 0x30, 0x72, 0x1f, 0x66, 0x1b,
    0x50, 0x68, 0x43, 0xd0, 0x9d, 0x8, 0x39, 0xf,
    0x9d, 0xd, 0x10, 0x22, 0xf, 0xf2, 0x12, 0xe1,
    0x41, 0x27, 0x5e, 0x30, 0x41, 0x70, 0x50, 0x17,
    0x85, 0x5, 0xa0,

    /* U+610F "意" */
    0xf, 0xf9, 0xf, 0xfe, 0x47, 0x7, 0xff, 0x1,
    0x7f, 0x2, 0x5f, 0x83, 0x57, 0xe0, 0x35, 0xf2,
    0x17, 0xe8, 0xff, 0x3, 0xf2, 0x1f, 0xc8, 0x79,
    0xf, 0x3f, 0xd1, 0x7f, 0xf, 0xf4, 0xd7, 0xff,
    0x23, 0x17, 0xff, 0x92, 0x13, 0xff, 0xfc, 0x30,
    0xfd, 0x5f, 0xfc, 0x0, 0xff, 0x97, 0xfe, 0xf,
    0xf5, 0xff, 0xf0, 0x7f, 0xaf, 0xff, 0x83, 0xfd,
    0xaf, 0xfc, 0x1f, 0xe6, 0xbf, 0xe0, 0xfe, 0xf5,
    0x3d, 0x3f, 0xf0, 0x7a, 0xca, 0x4, 0xe0, 0x41,
    0xc1, 0xb2, 0xe, 0x60, 0xa8, 0x2c, 0x4, 0x50,
    0x79, 0xc3, 0xa2, 0x4, 0x40, 0x49, 0x7a, 0x30,
    0x44, 0x50, 0x28, 0x6b, 0x96, 0x3, 0x40,

    /* U+611F "感" */
    0xf, 0xfe, 0x12, 0x1f, 0xfc, 0x96, 0x47, 0xf,
    0xfe, 0x3e, 0x24, 0x1e, 0x6b, 0xfb, 0x1a, 0xd,
    0x3, 0x6b, 0xfe, 0x2, 0x80, 0xa0, 0xf7, 0xff,
    0x3, 0xfc, 0x1f, 0xfc, 0x34, 0x35, 0x3, 0xf7,
    0xfc, 0x81, 0x14, 0x1f, 0xdf, 0xf3, 0x85, 0x10,
    0x7f, 0x2f, 0x1, 0x38, 0x83, 0xc8, 0x1a, 0xe4,
    0x25, 0xc4, 0x1f, 0xdf, 0x6, 0x81, 0x1, 0x41,
    0x90, 0xfe, 0x60, 0xc8, 0x82, 0x30, 0xbe, 0x5,
    0x4, 0xc8, 0x32, 0x23, 0x5c, 0x83, 0x93, 0x10,
    0xc8, 0x4b, 0x11, 0x60, 0xa3, 0x40, 0xb2, 0x6,
    0x85, 0x87, 0xc8, 0x72, 0x83, 0x98, 0xc1, 0x1a,
    0x83, 0x44, 0x1e, 0x54, 0x5, 0x44, 0x19, 0x10,
    0xb0, 0xa4, 0x42, 0x88, 0x19, 0x86, 0x6b, 0xe1,
    0x11, 0x7, 0x6, 0x85, 0xf1, 0x5, 0xe0,

    /* U+6162 "慢" */
    0xa, 0xc3, 0xff, 0x9b, 0xff, 0xf4, 0x1f, 0xfc,
    0xf, 0xfc, 0x1d, 0x7, 0xef, 0xfc, 0x1c, 0xa0,
    0x68, 0x5f, 0xf8, 0x3f, 0xd2, 0x1f, 0xfc, 0x44,
    0x1a, 0x81, 0xff, 0x83, 0x21, 0xd1, 0xff, 0xf4,
    0x1f, 0xd7, 0xff, 0xf0, 0x23, 0xf, 0x2a, 0x89,
    0x41, 0xa0, 0x87, 0xf9, 0x58, 0xa3, 0x58, 0xa,
    0xf, 0x95, 0x8a, 0x35, 0x81, 0x61, 0xe6, 0x89,
    0x41, 0xa0, 0x4a, 0xe, 0xff, 0xfe, 0x10, 0x7f,
    0x7f, 0xfd, 0x7, 0xf9, 0x5, 0x78, 0x3f, 0xf8,
    0x32, 0x6b, 0xb1, 0x83, 0xfe, 0x95, 0x83, 0x54,
    0x1f, 0xfc, 0x1b, 0x3c, 0x50, 0x3f, 0xf8, 0x56,
    0x1a, 0x88, 0x7f, 0x5f, 0x25, 0xe8, 0x6f, 0x21,
    0xf9, 0xbc, 0x81, 0xf4, 0x88, 0x56, 0x5c, 0x87,
    0xe6, 0xc0,

    /* U+6210 "成" */
    0xf, 0xfe, 0xab, 0xa0, 0xe0, 0xff, 0xe4, 0xb0,
    0x7f, 0xf1, 0xf1, 0x41, 0xff, 0xc3, 0xc2, 0xd4,
    0x1a, 0xff, 0xd0, 0xfe, 0x7c, 0x1c, 0xbf, 0x80,
    0xbf, 0x7, 0x57, 0xe0, 0x57, 0xc1, 0xff, 0xc7,
    0x90, 0xff, 0xe1, 0x21, 0x95, 0x87, 0xbf, 0xc1,
    0xf6, 0x41, 0xf2, 0xc1, 0xb1, 0x2, 0x83, 0xee,
    0xa4, 0x3b, 0x23, 0xf, 0xf9, 0x9, 0x11, 0x10,
    0xe4, 0x3f, 0xf8, 0x19, 0x87, 0xff, 0x15, 0x2,
    0x1f, 0x90, 0xfe, 0xc1, 0x5, 0xc2, 0x1c, 0x88,
    0x18, 0x3e, 0xcc, 0xef, 0x46, 0x30, 0x90, 0x10,
    0x91, 0xc0, 0xcd, 0xa, 0xc, 0x42, 0x84, 0x7d,
    0x2c, 0x49, 0x8e, 0x26, 0x41, 0xe5, 0x68, 0x58,
    0x18, 0xb0, 0xfd, 0x7, 0xbd, 0x0,

    /* U+6211 "我" */
    0xf, 0xfe, 0x2, 0x1f, 0xfc, 0x55, 0xc, 0x81,
    0xf, 0x2a, 0x9f, 0x50, 0x2c, 0xa2, 0x1d, 0x45,
    0x1, 0xb1, 0xa, 0x24, 0x35, 0x38, 0x64, 0x3e,
    0xc9, 0x9, 0x42, 0x1f, 0xfc, 0xc, 0xc3, 0xff,
    0x91, 0xc0, 0x6b, 0xd, 0x70, 0xd7, 0xc4, 0xb8,
    0xb, 0xc0, 0x5f, 0x8f, 0xd0, 0xff, 0x3, 0xfe,
    0xe, 0x43, 0xe4, 0x3a, 0xf, 0xfe, 0x42, 0xa0,
    0xfe, 0x6e, 0x31, 0x4, 0x41, 0x9b, 0x19, 0xf,
    0xb3, 0xa, 0xe4, 0x2b, 0xd0, 0x96, 0x41, 0xb6,
    0xa1, 0x41, 0xfa, 0x43, 0x32, 0xc1, 0xf4, 0x9,
    0x3, 0x87, 0xfc, 0xe8, 0x7b, 0xf, 0xfa, 0x80,
    0xc8, 0x24, 0x3c, 0x85, 0xa3, 0x88, 0x84, 0x83,
    0xe8, 0xc4, 0xa0, 0x22, 0x13, 0xf, 0x28, 0xb4,
    0x32, 0x70, 0x83, 0xf4, 0x1f, 0xd2, 0x8, 0x0,

    /* U+6216 "或" */
    0xf, 0xfe, 0x3, 0x4, 0x87, 0xff, 0x13, 0x50,
    0xc1, 0xff, 0xc4, 0xc2, 0x48, 0x3f, 0xf9, 0x28,
    0x6a, 0xff, 0xe0, 0x15, 0x2, 0xa1, 0x7f, 0xe0,
    0x94, 0x5, 0x3, 0xff, 0xe8, 0x7f, 0xd0, 0x7f,
    0xf0, 0x10, 0xe4, 0x39, 0xaf, 0x83, 0x21, 0x58,
    0x6d, 0x7e, 0xf, 0xe4, 0x3d, 0xf9, 0xf, 0xc9,
    0x87, 0xff, 0x1e, 0x10, 0xff, 0xe1, 0xa0, 0x44,
    0x3f, 0xf8, 0x98, 0xc4, 0x1f, 0x7e, 0x43, 0xd1,
    0x7, 0xb5, 0xf8, 0x24, 0x24, 0x8, 0x4d, 0x7c,
    0x1e, 0x82, 0xb0, 0xff, 0xe0, 0xc1, 0xf2, 0x1c,
    0xaa, 0x78, 0x50, 0x30, 0xd9, 0x7d, 0x45, 0x1,
    0x88, 0x40, 0x84, 0x84, 0xd3, 0xd4, 0x26, 0x22,
    0x12, 0xfa, 0x50, 0x22, 0x45, 0xb1, 0x2, 0x1f,
    0x99, 0xa, 0x46, 0xf, 0xfa, 0x43, 0xae, 0x0,

    /* U+6218 "战" */
    0xf, 0xfe, 0x2, 0x1f, 0xf7, 0x83, 0xd4, 0x4,
    0x1f, 0xfc, 0x87, 0x43, 0xff, 0x85, 0x89, 0x92,
    0x1f, 0xfc, 0x6c, 0x83, 0xef, 0xc8, 0x7d, 0xc1,
    0xf2, 0xf0, 0x98, 0x72, 0x1e, 0xac, 0x4, 0x6f,
    0xa8, 0x87, 0xf7, 0xa0, 0x22, 0xa8, 0x87, 0xf2,
    0xa0, 0x7a, 0x8a, 0xf, 0xf5, 0x10, 0xe7, 0x47,
    0xc0, 0xf9, 0xf, 0xd0, 0x98, 0x7d, 0x84, 0x85,
    0x10, 0x6f, 0xe0, 0xf9, 0x96, 0xf, 0xfe, 0x16,
    0x49, 0x7, 0xff, 0xd, 0xb, 0xf, 0xfe, 0x24,
    0xc, 0x2e, 0xf, 0xfb, 0x40, 0x87, 0xff, 0x9,
    0xc6, 0x30, 0x26, 0xf, 0xe0, 0x45, 0x11, 0x46,
    0x20, 0x5f, 0x76, 0x82, 0x2d, 0x41, 0x57, 0x94,
    0x19, 0x80, 0xc0,

    /* U+621A "戚" */
    0xf, 0xfe, 0xa, 0x83, 0xff, 0x91, 0x40, 0x68,
    0x7f, 0xf1, 0x10, 0x98, 0x3f, 0xf9, 0x11, 0x6,
    0x6b, 0xfc, 0x9d, 0x1, 0x20, 0xd7, 0xfc, 0x12,
    0x85, 0x7, 0x7d, 0x4f, 0xd1, 0xfe, 0x43, 0xee,
    0xf, 0x21, 0xff, 0xc3, 0xa8, 0x43, 0x58, 0x7f,
    0xcb, 0x81, 0x81, 0x41, 0xff, 0x7c, 0x87, 0xb0,
    0xff, 0xe2, 0xa2, 0x21, 0xef, 0x93, 0xf2, 0x14,
    0x1f, 0x97, 0x1, 0x61, 0x11, 0xf, 0xab, 0xd,
    0x4e, 0x44, 0x1c, 0x81, 0x82, 0xa0, 0x10, 0x21,
    0xfd, 0x86, 0xd4, 0x1a, 0x6, 0x84, 0x8e, 0x12,
    0xa1, 0xf, 0x62, 0x8, 0x43, 0x43, 0x1, 0xb,
    0x33, 0x50, 0x7b, 0x84, 0xc4, 0x24, 0x28, 0x3d,
    0x82, 0x5b, 0x18, 0x56, 0x78, 0x84, 0x19, 0x12,
    0x88, 0x82, 0xf8, 0xa, 0xc2, 0x81, 0x3, 0xf,
    0xf4, 0x19, 0xf0, 0x0,

    /* U+623F "房" */
    0xf, 0xf9, 0x41, 0xff, 0xc9, 0xa0, 0x7f, 0xf2,
    0x51, 0xf, 0xfe, 0x5, 0xff, 0x25, 0xff, 0x7,
    0xcb, 0xff, 0xc2, 0xf, 0xea, 0xff, 0xe1, 0x7,
    0xff, 0x53, 0xff, 0xf8, 0x41, 0xfc, 0xbf, 0xfc,
    0x40, 0xfa, 0xbe, 0xde, 0xbc, 0x1f, 0xfc, 0x24,
    0xc3, 0xfe, 0x4f, 0xfc, 0x3f, 0xf2, 0x1c, 0xb8,
    0xb, 0xff, 0xc0, 0xe, 0xac, 0xa, 0xff, 0x83,
    0xff, 0xaf, 0xff, 0xc1, 0xf2, 0x1e, 0x5f, 0x83,
    0xe4, 0xc2, 0x46, 0xbe, 0xf, 0xa1, 0xa, 0x20,
    0xff, 0xe3, 0xe2, 0x1f, 0xc8, 0x68, 0x47, 0x18,
    0x2a, 0xd9, 0x86, 0x48, 0x86, 0xc, 0xb8, 0x50,
    0x6e, 0x7, 0x40, 0xef, 0xe8, 0x30,

    /* U+6240 "所" */
    0xf, 0xfe, 0x8b, 0x61, 0xf3, 0x68, 0x4d, 0xf4,
    0x84, 0xd3, 0xd2, 0x61, 0x68, 0x4d, 0x94, 0x50,
    0x1b, 0x83, 0xbe, 0x90, 0xd7, 0xd2, 0x1f, 0xfc,
    0x44, 0x3f, 0xfa, 0xd5, 0xc1, 0xff, 0xc5, 0x5e,
    0xf, 0xfe, 0x2f, 0xc8, 0x77, 0xfe, 0x83, 0xff,
    0x93, 0x87, 0xff, 0x7, 0xf0, 0xf9, 0xf, 0xfe,
    0x77, 0x44, 0x3f, 0xf8, 0xea, 0xc, 0x87, 0xff,
    0x1, 0x3f, 0x82, 0x43, 0xff, 0xac, 0x87, 0x93,
    0xf, 0xf2, 0x1f, 0xa1, 0xf, 0xf6, 0x61, 0xf2,
    0x1f, 0xf2, 0x21, 0xd9, 0x87, 0xf9, 0x10, 0xe4,
    0x8, 0x7f, 0xf0, 0x20, 0xe4, 0x83, 0xfe, 0x70,
    0xfb, 0x43, 0xdc, 0x10,

    /* U+624B "手" */
    0xf, 0xfe, 0x3a, 0x1f, 0xcb, 0xaa, 0xfe, 0x83,
    0x7f, 0x56, 0x58, 0x25, 0x83, 0x22, 0xea, 0x23,
    0xfa, 0xa0, 0xd7, 0x59, 0x59, 0x87, 0xff, 0xad,
    0xff, 0xa2, 0xff, 0x83, 0x61, 0xff, 0xc9, 0xbf,
    0xe4, 0xbf, 0xe0, 0xff, 0xe0, 0x61, 0xff, 0xdf,
    0xc3, 0xfe, 0x7f, 0xf9, 0x2f, 0xfe, 0x43, 0xff,
    0x90, 0x9f, 0xfd, 0x17, 0xfe, 0x83, 0xff, 0xd5,
    0x87, 0xff, 0x17, 0xf2, 0x1f, 0xfc, 0xa5, 0x7,
    0xf0,

    /* U+624D "才" */
    0xf, 0xfe, 0x12, 0x83, 0xff, 0x91, 0x40, 0xff,
    0xfe, 0xff, 0xff, 0x4, 0x1f, 0xc1, 0xff, 0xcc,
    0xff, 0xf4, 0x1b, 0xf8, 0x3f, 0xf8, 0x11, 0x7,
    0xff, 0x1a, 0x14, 0x1f, 0xfc, 0x55, 0x10, 0x7f,
    0xf1, 0x58, 0xc3, 0xff, 0x8a, 0xc4, 0x1f, 0xfc,
    0x56, 0x24, 0x3f, 0xf8, 0x8c, 0x48, 0x7f, 0xf1,
    0x28, 0x48, 0x7f, 0xf1, 0x34, 0x90, 0xff, 0xe1,
    0xd8, 0x34, 0x3f, 0xf8, 0x6a, 0x1c, 0x3f, 0xf8,
    0xaa, 0xe0, 0xfe, 0x84, 0x3e, 0x83, 0xd7, 0xe4,
    0xc3, 0xff, 0x85, 0x87, 0x28, 0x3c,

    /* U+6253 "打" */
    0xc, 0xa0, 0xff, 0xe4, 0x50, 0x3f, 0xf9, 0xd5,
    0xff, 0x21, 0xfc, 0xbf, 0xfc, 0x8, 0x3f, 0x9a,
    0xf0, 0x2a, 0xcf, 0x81, 0xf0, 0xbe, 0x2, 0xc1,
    0xff, 0xcc, 0xf8, 0x1f, 0x7, 0xff, 0xd5, 0xf,
    0xfe, 0x3f, 0xa4, 0x3f, 0xf8, 0x2d, 0x84, 0xc8,
    0x7f, 0xf0, 0x19, 0xb, 0x90, 0xff, 0xe0, 0xb7,
    0x83, 0xff, 0x8e, 0x87, 0xff, 0xfc, 0x3f, 0xf9,
    0xc8, 0x79, 0xf8, 0x3e, 0xbe, 0x84, 0x32, 0x1a,
    0xf, 0xf3, 0x6,

    /* U+6267 "执" */
    0xf, 0xf9, 0x41, 0xff, 0xc0, 0xb0, 0xf5, 0x3,
    0xff, 0xfe, 0xf9, 0x3d, 0x4f, 0x3, 0xf8, 0x39,
    0x41, 0x3e, 0x42, 0x58, 0x3c, 0xd1, 0x39, 0x56,
    0x35, 0x21, 0xff, 0xea, 0xf2, 0x83, 0xff, 0x86,
    0xa0, 0x25, 0xc1, 0xff, 0x3c, 0xe, 0x61, 0xf,
    0xfb, 0x20, 0xe7, 0x47, 0x43, 0xeb, 0x50, 0x79,
    0x12, 0x81, 0xff, 0xc6, 0xb2, 0xf, 0xfe, 0x1c,
    0x20, 0xc3, 0xa0, 0xff, 0x24, 0x1b, 0x9, 0x41,
    0xfa, 0x10, 0xf9, 0x42, 0x12, 0x12, 0x88, 0x39,
    0x3c, 0x7, 0xc1, 0xa2, 0xf, 0xcb, 0x7, 0x42,
    0x48, 0x7d, 0x2, 0x1f, 0x91, 0xd0, 0xfc, 0xf8,
    0x0,

    /* U+626B "扫" */
    0xc, 0x87, 0xff, 0x1d, 0x90, 0xff, 0xe6, 0x2f,
    0xfc, 0x1f, 0xea, 0xff, 0x83, 0xfd, 0x5f, 0xc1,
    0xbd, 0x17, 0x97, 0xfe, 0xf, 0xfe, 0x67, 0xa2,
    0xf2, 0x1f, 0xff, 0x14, 0x3f, 0xf8, 0xd7, 0x37,
    0xfe, 0x42, 0x68, 0x12, 0xb5, 0xfc, 0x15, 0x10,
    0x5c, 0x35, 0xf9, 0x6, 0xf0, 0x7f, 0xf1, 0x58,
    0x3f, 0xff, 0xe1, 0xff, 0xc3, 0xff, 0xf2, 0x7,
    0xd0, 0x7f, 0xf2, 0x54, 0xf, 0xff, 0x20, 0x7e,
    0x83, 0xff, 0x83, 0x60,

    /* U+6279 "批" */
    0xf, 0xfe, 0x6d, 0x85, 0x61, 0xac, 0x3f, 0xff,
    0xb4, 0x4a, 0x21, 0xff, 0x30, 0x14, 0x5, 0x61,
    0xfe, 0x64, 0x1e, 0x5, 0xc1, 0xfe, 0x88, 0x32,
    0x21, 0xbe, 0x40, 0xe4, 0x87, 0xff, 0x16, 0x24,
    0x3f, 0xf8, 0x1f, 0x21, 0x48, 0x7e, 0xf2, 0x1f,
    0xa4, 0x39, 0x90, 0xff, 0xe0, 0x21, 0xdc, 0x83,
    0xc8, 0x7f, 0xf0, 0x95, 0xa1, 0xff, 0xc4, 0x4a,
    0x7, 0xff, 0x15, 0x83, 0xff, 0x91, 0x87, 0xff,
    0x5d, 0xc3, 0xff, 0x80, 0x86, 0x4e, 0xf, 0x90,
    0x3e, 0xf, 0xce, 0x17, 0xc1, 0xf4, 0x12, 0xb8,
    0x10, 0x74, 0x3f, 0x21, 0x50, 0x3b, 0xf9, 0x0,

    /* U+627E "找" */
    0xf, 0xfe, 0x75, 0x87, 0x3a, 0x1f, 0xfc, 0x74,
    0xcf, 0x21, 0xff, 0xc7, 0xc9, 0xf, 0xfe, 0x3e,
    0xc8, 0x5f, 0x27, 0xa0, 0xfd, 0x28, 0x3f, 0xc8,
    0x64, 0xa, 0x2d, 0x3e, 0x4f, 0x9a, 0x3, 0xd4,
    0x50, 0x7f, 0xd2, 0x80, 0xaa, 0x7c, 0x87, 0xf5,
    0xe4, 0xa2, 0x84, 0x3f, 0xe4, 0x3f, 0x72, 0x1f,
    0x3e, 0xb, 0x10, 0x42, 0x83, 0x49, 0x7, 0xf2,
    0x88, 0x2f, 0x20, 0xbc, 0x12, 0x6c, 0x61, 0xcc,
    0x4, 0x3e, 0x63, 0xe, 0xe5, 0x7, 0xfd, 0x87,
    0xff, 0x16, 0x4, 0x1b, 0x43, 0xfc, 0xe8, 0x30,
    0xff, 0xe1, 0x3c, 0x38, 0x84, 0x87, 0xf3, 0x3,
    0x88, 0x83, 0x21, 0x90, 0x2a, 0xc2, 0x46, 0x20,
    0xbe, 0xd, 0x21, 0xd8, 0xe4, 0x4, 0xe, 0x1f,
    0xec, 0xa, 0x0,

    /* U+628A "把" */
    0xf, 0xfe, 0x6f, 0x83, 0xff, 0x9b, 0x7f, 0xfc,
    0x1f, 0xfd, 0x6f, 0x93, 0xe4, 0x27, 0xc0, 0xf2,
    0x1f, 0xfc, 0x35, 0x1, 0x60, 0xff, 0xe1, 0x34,
    0x5, 0x3, 0xff, 0xea, 0x87, 0xff, 0x23, 0x82,
    0xf9, 0x3e, 0x43, 0x58, 0x48, 0x4b, 0xfe, 0x6,
    0x85, 0xc1, 0x57, 0xf8, 0x14, 0xc3, 0xff, 0x8e,
    0xa0, 0xff, 0xe2, 0xa8, 0x3f, 0xf9, 0x1c, 0x1f,
    0xfe, 0xb4, 0x3f, 0x20, 0x6c, 0x3b, 0x2e, 0xbd,
    0x88, 0x10, 0x41, 0x30, 0x17, 0xc3, 0x0,

    /* U+62A4 "护" */
    0xc, 0x87, 0xe6, 0xf, 0xe6, 0x43, 0xed, 0x41,
    0xff, 0xc6, 0x88, 0x3f, 0xf9, 0x28, 0x7f, 0xf0,
    0x6f, 0xc0, 0xbe, 0x9f, 0x45, 0xe0, 0xcb, 0xe0,
    0xff, 0xe1, 0x75, 0xec, 0xf, 0xa2, 0xf0, 0x7f,
    0xfc, 0x3b, 0x10, 0xff, 0xe1, 0x62, 0x83, 0x7f,
    0xe0, 0x36, 0x82, 0xc3, 0xff, 0x83, 0xac, 0x48,
    0x6f, 0xfe, 0xa7, 0x61, 0xff, 0xe2, 0x44, 0x3f,
    0xf8, 0xd9, 0x87, 0xff, 0x19, 0x10, 0xff, 0xe0,
    0xe1, 0x22, 0x1f, 0xfc, 0xf, 0x21, 0x44, 0x1f,
    0xfc, 0x35, 0x84, 0x3f, 0xf8, 0x3f, 0x43, 0xc1,
    0xff, 0xc0,

    /* U+62A5 "报" */
    0xc, 0x87, 0xff, 0x21, 0x90, 0xff, 0xe6, 0xff,
    0xfc, 0x1f, 0xfc, 0x15, 0xf8, 0x3f, 0xf8, 0x4d,
    0x7c, 0x86, 0xf4, 0x5c, 0x1f, 0xe4, 0x3f, 0xc8,
    0x75, 0x6c, 0x3b, 0xd1, 0x78, 0x39, 0x70, 0x20,
    0xff, 0xe1, 0xff, 0x90, 0xff, 0xe9, 0xa0, 0x7f,
    0xf9, 0xf, 0x5c, 0x12, 0x5, 0xc1, 0xcf, 0x1,
    0x80, 0xc0, 0xac, 0x4, 0xa0, 0x54, 0x43, 0x42,
    0x19, 0x5, 0xe8, 0x3f, 0x26, 0x8, 0x83, 0xff,
    0x87, 0x2f, 0x7, 0xff, 0x11, 0x28, 0x41, 0xff,
    0xc5, 0x81, 0x7, 0xff, 0x15, 0x81, 0x21, 0xec,
    0x3f, 0x50, 0xe2, 0x81, 0x5a, 0x21, 0x9d, 0x31,
    0xc7, 0x44, 0x8, 0x72, 0x58, 0x6d, 0x13, 0xe8,
    0x3d, 0xa1, 0xeb, 0x0,

    /* U+62C5 "担" */
    0x9, 0x83, 0xff, 0x91, 0xa1, 0xff, 0xce, 0xff,
    0xf4, 0x1f, 0xfc, 0x94, 0x3f, 0xf8, 0xf, 0xfc,
    0x19, 0xf2, 0x7a, 0xf, 0xfe, 0x12, 0x1f, 0xfc,
    0xaf, 0x27, 0xa0, 0xff, 0xe6, 0x35, 0xf0, 0x7f,
    0xf0, 0xd7, 0xe0, 0xff, 0x28, 0xf, 0xfc, 0x1f,
    0xdd, 0x87, 0xff, 0x9, 0xb4, 0xe, 0x1f, 0xfc,
    0x29, 0xb, 0x90, 0xff, 0xe1, 0x5e, 0x43, 0xcf,
    0xfc, 0x19, 0xf, 0xfe, 0x97, 0xff, 0xc1, 0xff,
    0xe5, 0x43, 0xff, 0x8c, 0xf8, 0x37, 0xff, 0xf0,
    0x83, 0xa0, 0x2f, 0xff, 0x8,

    /* U+62C9 "拉" */
    0xc, 0x87, 0xf2, 0x1f, 0xe6, 0x43, 0xea, 0x7,
    0xff, 0x29, 0xf, 0xfe, 0x3e, 0x61, 0xff, 0xc3,
    0x5c, 0x5, 0xf0, 0x3d, 0x17, 0x35, 0xc0, 0xae,
    0xf, 0xca, 0xaf, 0xfe, 0x0, 0x3d, 0x17, 0x85,
    0xff, 0xe0, 0x7, 0xf9, 0xc3, 0xed, 0xf, 0xfe,
    0xa, 0x1c, 0x87, 0xfc, 0x89, 0x87, 0x62, 0x1f,
    0x5c, 0x12, 0x1c, 0x87, 0x34, 0x9, 0x2, 0x1c,
    0x88, 0x54, 0x40, 0xf0, 0x31, 0xb, 0x30, 0xb7,
    0x8c, 0x32, 0x61, 0x22, 0x13, 0x7, 0xf9, 0xf,
    0xfe, 0x42, 0x22, 0x41, 0xff, 0xc3, 0xc2, 0xc4,
    0x3f, 0xf8, 0x6e, 0x88, 0x7f, 0xf2, 0x11, 0xf,
    0x5c, 0x15, 0xfe, 0x87, 0xf4, 0x20, 0x51, 0xaf,
    0xff, 0x7,

    /* U+62D2 "拒" */
    0xc, 0x87, 0xff, 0x21, 0x90, 0xff, 0xe6, 0xff,
    0xff, 0x0, 0x3f, 0xfa, 0xdf, 0xfe, 0x7, 0xa2,
    0xf0, 0x7f, 0xf2, 0x50, 0xff, 0xe1, 0xfa, 0x2e,
    0xa, 0xbf, 0x83, 0xff, 0x82, 0xbf, 0xc1, 0xff,
    0xc1, 0xff, 0x83, 0xfc, 0xc1, 0xfe, 0x43, 0xd9,
    0x44, 0x3f, 0xf8, 0x76, 0x81, 0x83, 0xff, 0x84,
    0xa0, 0xa8, 0x87, 0xff, 0x9, 0xb8, 0x3e, 0xff,
    0x90, 0xc8, 0x7f, 0xf4, 0xff, 0xf8, 0x3f, 0xff,
    0xd, 0xc1, 0xf7, 0xff, 0x96, 0x2, 0x82, 0x5f,
    0xfe, 0x0,

    /* U+62E9 "择" */
    0xf, 0xfe, 0x6d, 0x87, 0xff, 0x3b, 0xff, 0xe0,
    0xff, 0xe0, 0xaf, 0xc1, 0xff, 0xc1, 0x81, 0x5c,
    0x4, 0x2f, 0x27, 0xa1, 0x70, 0x4a, 0x20, 0xff,
    0xe0, 0x45, 0xa, 0x18, 0x6f, 0x27, 0xa0, 0xb1,
    0xd3, 0xf, 0xfe, 0x1a, 0x83, 0x21, 0xff, 0xc0,
    0x6e, 0x54, 0x97, 0x21, 0xf2, 0xa4, 0x79, 0xb4,
    0x68, 0x1d, 0xc5, 0xe8, 0x74, 0xbd, 0x42, 0xd1,
    0x94, 0x1f, 0xf2, 0x28, 0x29, 0x2f, 0xd1, 0x7e,
    0x87, 0xc8, 0x6d, 0x78, 0x5e, 0xc3, 0xf9, 0xad,
    0x9d, 0x64, 0x3f, 0xfa, 0x4d, 0x78, 0xaf, 0x21,
    0xf6, 0xbc, 0x12, 0xf6, 0x1f, 0x5f, 0xd1, 0x7f,
    0x4d, 0x10, 0xff, 0xe3, 0x2c, 0x21, 0xff, 0xc6,
    0xfa, 0xf, 0xfe, 0x28,

    /* U+6301 "持" */
    0xc, 0xc1, 0xfc, 0x87, 0xfd, 0xa1, 0xf9, 0x90,
    0xff, 0xed, 0xae, 0xcd, 0x70, 0x7f, 0xf0, 0x2b,
    0x23, 0x5c, 0x7, 0xc9, 0xe4, 0xac, 0x8d, 0x6c,
    0xb, 0x1, 0x40, 0x5d, 0x9a, 0xf0, 0x54, 0x4a,
    0x21, 0xff, 0xcb, 0xaf, 0x15, 0xf0, 0x7e, 0x5f,
    0x4, 0xbe, 0xf, 0x95, 0xff, 0xa2, 0xf8, 0x3d,
    0xc8, 0x7f, 0xf0, 0xdb, 0x40, 0xa0, 0xff, 0xe1,
    0xc8, 0x5c, 0x7f, 0xe8, 0xbd, 0x14, 0xd0, 0xcb,
    0xf8, 0x25, 0x62, 0x83, 0xd1, 0xd7, 0x8a, 0x90,
    0xff, 0x32, 0x1f, 0xfc, 0x8c, 0x90, 0xff, 0xe4,
    0x64, 0x1f, 0xfc, 0x9f, 0x7, 0xf9, 0xb4, 0x3f,
    0x34, 0xe0, 0xf2, 0x81, 0x7, 0xe5, 0x1, 0x41,
    0xdf, 0x21, 0xf3, 0xfa, 0xc,

    /* U+6302 "挂" */
    0xc, 0x87, 0xff, 0x22, 0x81, 0xfa, 0xc3, 0xff,
    0xdf, 0x7e, 0x4f, 0xe4, 0x1e, 0x4f, 0x3a, 0xe0,
    0x97, 0x7, 0xf6, 0xd6, 0x4e, 0xb2, 0xf, 0x27,
    0xa0, 0xff, 0xf0, 0x7f, 0x27, 0xf9, 0xe, 0x64,
    0x3f, 0xf8, 0xf2, 0xbf, 0xff, 0x82, 0x96, 0x8c,
    0x1e, 0xb0, 0xf9, 0x41, 0x48, 0x7f, 0xf0, 0xdb,
    0x43, 0x35, 0x92, 0xb8, 0x24, 0x3d, 0xae, 0x2,
    0xf8, 0x3f, 0xaf, 0xc9, 0x7e, 0x43, 0xff, 0x88,
    0x87, 0xff, 0x4d, 0xf, 0xf9, 0xf, 0x3e, 0xd,
    0xfe, 0x4b, 0xfa, 0x42, 0x80, 0xbf, 0xfc, 0x2c,

    /* U+6307 "指" */
    0xf, 0xfe, 0x65, 0x86, 0xe0, 0xff, 0xe7, 0x37,
    0x83, 0xff, 0x82, 0xaf, 0x48, 0x87, 0xfc, 0xf4,
    0x1b, 0xd0, 0xf9, 0x3d, 0x4, 0xde, 0x90, 0x79,
    0xf, 0x60, 0x64, 0x3f, 0xbc, 0x9e, 0x40, 0x87,
    0xff, 0x27, 0xff, 0x8, 0x7f, 0x72, 0xfe, 0xa0,
    0x79, 0x9, 0xaf, 0xc8, 0x64, 0xe4, 0x5f, 0xf8,
    0x7c, 0x6, 0x4a, 0xff, 0x8c, 0x34, 0x84, 0xff,
    0xc1, 0x7c, 0x87, 0xff, 0x15, 0xf, 0xfe, 0x93,
    0xff, 0x7, 0xff, 0x9, 0x7e, 0xf, 0xfe, 0xb,
    0x5f, 0x7, 0xff, 0x31, 0xa2, 0x1e, 0x7f, 0xe0,
    0xca, 0x20, 0xf2, 0xfc, 0x13, 0xf2, 0x1c, 0xd7,
    0xc1, 0xff, 0xc0, 0xe0, 0xfb, 0xc0,

    /* U+6309 "按" */
    0xc, 0x87, 0xe6, 0xf, 0xf5, 0x3, 0xf6, 0xa0,
    0xff, 0xe3, 0xe6, 0x1f, 0xfc, 0x26, 0xb6, 0x35,
    0xc1, 0xfd, 0xaf, 0x1, 0x78, 0x1e, 0x4f, 0x20,
    0xbf, 0xf2, 0x1f, 0xfc, 0x4, 0x43, 0xfd, 0xe4,
    0xf2, 0x1a, 0xc3, 0xff, 0x89, 0x61, 0x21, 0xd6,
    0x1f, 0xfc, 0x8, 0xc3, 0xff, 0x82, 0xc5, 0x49,
    0x5f, 0xc1, 0x24, 0x8b, 0x4, 0xbf, 0xd, 0x81,
    0xcf, 0x27, 0xf0, 0x3d, 0x6a, 0x4, 0x19, 0xf,
    0x90, 0xae, 0x43, 0xa2, 0xd, 0x18, 0x7f, 0xf0,
    0x12, 0x40, 0xa1, 0xf, 0xfe, 0x7, 0x16, 0xc6,
    0x1f, 0xfc, 0x27, 0x88, 0x43, 0xff, 0x8b, 0x84,
    0xe1, 0xff, 0xc2, 0xb4, 0xb0, 0x70, 0x1f, 0x21,
    0x5e, 0x4b, 0x4e, 0x1c, 0x42, 0x80, 0x8d, 0xa1,
    0x9d, 0xb, 0xe4, 0x17, 0x21, 0xfa, 0xc0,

    /* U+6324 "挤" */
    0x9, 0x83, 0xf5, 0x3, 0xfd, 0xa1, 0xf9, 0x41,
    0xff, 0xc8, 0x44, 0x3f, 0xf8, 0x5f, 0xc9, 0x7f,
    0x7, 0xe4, 0x3f, 0xf8, 0x4f, 0x93, 0xcf, 0x17,
    0xf0, 0x3c, 0x5, 0x4, 0x81, 0x20, 0xc8, 0x84,
    0xd1, 0x38, 0x28, 0xc2, 0x88, 0x3f, 0xf8, 0x2a,
    0x23, 0x30, 0xff, 0xe1, 0xca, 0xc8, 0x3f, 0xce,
    0x1f, 0xfc, 0x64, 0x84, 0x16, 0x89, 0x68, 0x4f,
    0x80, 0xe5, 0xa5, 0xda, 0x5c, 0xe1, 0xa2, 0x4b,
    0x42, 0xb4, 0x4b, 0xc8, 0x57, 0xe0, 0xd7, 0x79,
    0xf, 0x90, 0x21, 0xc8, 0x7f, 0xfb, 0xa2, 0xf,
    0xfe, 0xa, 0x19, 0x42, 0x1f, 0xe6, 0xc3, 0x50,
    0x43, 0xff, 0x80, 0x82, 0x2, 0x8, 0x3f, 0xe7,
    0xe4, 0xa, 0xc3, 0xff, 0x8f, 0x40, 0xfb, 0xc1,
    0x80,

    /* U+6362 "换" */
    0xa, 0x43, 0xd4, 0xf, 0xfe, 0x3, 0x87, 0x94,
    0x1f, 0xfc, 0x78, 0x1f, 0xd0, 0x7f, 0xf0, 0x14,
    0x2e, 0xf, 0x3e, 0x1f, 0x2, 0x3a, 0xc0, 0x82,
    0xc3, 0xec, 0xc3, 0x44, 0x1a, 0xf0, 0xfa, 0x10,
    0xcb, 0x83, 0xfe, 0x47, 0xf4, 0x3f, 0x7, 0xf6,
    0x8b, 0x1, 0x60, 0xff, 0xe1, 0x54, 0x95, 0x83,
    0xe7, 0xc1, 0xff, 0xc4, 0xb0, 0x90, 0xff, 0xe1,
    0xc8, 0x5c, 0x1f, 0xfc, 0x3a, 0x62, 0x3a, 0x7c,
    0x9f, 0x47, 0x8, 0x65, 0xf8, 0x25, 0xe0, 0xfd,
    0x5d, 0x81, 0xaf, 0x7, 0xff, 0x2, 0x2, 0x1f,
    0xfc, 0x58, 0x19, 0x87, 0xff, 0xe, 0x4c, 0x8c,
    0x3f, 0xf8, 0x16, 0x98, 0x18, 0xe0, 0x3e, 0xa,
    0xd1, 0xc3, 0x30, 0xf0, 0x68, 0xc7, 0x83, 0xce,
    0x9b, 0xf0, 0x1e, 0xf, 0xf5, 0xa0,

    /* U+636E "据" */
    0xc, 0x87, 0xff, 0x22, 0x81, 0xff, 0xcd, 0xbf,
    0xfe, 0x83, 0xfe, 0x5f, 0xe0, 0xff, 0xe0, 0xd7,
    0xec, 0x26, 0x89, 0x40, 0xff, 0xe2, 0x28, 0xa,
    0xa, 0xbf, 0x61, 0x3e, 0x4f, 0x4, 0xbf, 0xc1,
    0xff, 0xc1, 0xfe, 0x1f, 0xa0, 0xff, 0xe8, 0x58,
    0x55, 0xc3, 0x59, 0x9, 0x10, 0xcb, 0xc0, 0x5d,
    0x9e, 0x5, 0x85, 0xfc, 0x3f, 0xa4, 0x32, 0x4,
    0x3f, 0xf8, 0x2d, 0xa1, 0xff, 0xc7, 0x43, 0xe4,
    0xfc, 0x3f, 0x7, 0xf2, 0x61, 0x2f, 0x7, 0xfd,
    0x86, 0x6b, 0x90, 0xff, 0x22, 0x1f, 0xfc, 0x64,
    0x43, 0xff, 0x82, 0xd1, 0x4, 0x41, 0x3f, 0xc8,
    0x65, 0x12, 0x21, 0xd5, 0xc1, 0x9f, 0x95, 0xc1,
    0x97, 0xe0, 0x80,

    /* U+6392 "排" */
    0x9, 0x83, 0xd2, 0xa, 0x7, 0xe9, 0xf, 0x38,
    0x48, 0x7f, 0xf6, 0x50, 0xff, 0xe0, 0x78, 0x1e,
    0x7d, 0x7, 0xbf, 0x21, 0xf2, 0xe0, 0xf2, 0xf1,
    0xe0, 0x78, 0xa8, 0x3d, 0x58, 0x3f, 0xfc, 0xd6,
    0xd3, 0xf, 0x56, 0x9, 0x2, 0x5, 0x7, 0xcb,
    0x81, 0xc0, 0xb7, 0xe0, 0xf7, 0xe0, 0x90, 0x21,
    0xff, 0xc5, 0xe0, 0xff, 0xf2, 0x7e, 0xf, 0x7e,
    0x43, 0xff, 0x93, 0x87, 0xdf, 0x83, 0xdf, 0xa0,
    0xff, 0xe5, 0x36, 0x1f, 0xfc, 0x84, 0x10, 0x7f,
    0xf1, 0x5f, 0x90, 0xff, 0xe2, 0x80,

    /* U+63A5 "接" */
    0xc, 0x87, 0xe5, 0x7, 0xfb, 0x83, 0xf5, 0x3,
    0xff, 0x91, 0x10, 0x7f, 0xf0, 0xbf, 0xa1, 0xfe,
    0xf, 0xe5, 0x1, 0x70, 0x4a, 0x1a, 0x2, 0x85,
    0x12, 0xb8, 0xa8, 0xa, 0x2, 0x82, 0xc4, 0x2c,
    0x42, 0x7c, 0xf, 0x4, 0x98, 0x48, 0x7f, 0xf0,
    0x1a, 0x86, 0xa0, 0x54, 0x87, 0xd2, 0xc0, 0x58,
    0xb, 0x7, 0xd7, 0xf5, 0xff, 0x90, 0xed, 0xd,
    0x44, 0x3f, 0xac, 0xc, 0x19, 0x10, 0xfd, 0xa1,
    0x4f, 0xe0, 0x7f, 0xea, 0x78, 0x35, 0x10, 0x56,
    0x41, 0x4d, 0xf, 0x2b, 0x25, 0xd9, 0x2c, 0x1f,
    0xd1, 0x86, 0x84, 0x3f, 0xf8, 0x12, 0xb9, 0xcc,
    0x3f, 0xf8, 0x2d, 0xaa, 0x10, 0xff, 0xe1, 0xb2,
    0x13, 0xc1, 0x36, 0x1a, 0xf4, 0xab, 0xd0, 0xf0,
    0x10, 0x42, 0x86, 0xe4, 0xf, 0x8, 0xfc, 0x8d,
    0xc8, 0x7c, 0xf8,

    /* U+63A7 "控" */
    0x9, 0x83, 0xf2, 0x1f, 0xf6, 0x87, 0xcd, 0x87,
    0xff, 0x1d, 0xf, 0xfe, 0x2d, 0x70, 0x2b, 0x90,
    0xfe, 0x5e, 0x2, 0xf4, 0x3e, 0x4f, 0x23, 0x5f,
    0xc1, 0xff, 0xc0, 0xd7, 0xf8, 0x27, 0xc9, 0xe4,
    0x32, 0x5, 0x7, 0xff, 0x7, 0x4e, 0x5, 0x47,
    0x83, 0xfc, 0xe6, 0xd, 0x58, 0x7e, 0x62, 0x86,
    0x1a, 0x86, 0x86, 0x49, 0x95, 0x87, 0x98, 0x81,
    0x60, 0x7a, 0x83, 0xf3, 0xc2, 0x82, 0x82, 0xaf,
    0xf9, 0x1f, 0x21, 0xb5, 0xff, 0x83, 0xfd, 0x7e,
    0x7, 0xf0, 0x7f, 0xf0, 0xd0, 0xff, 0xf5, 0xa1,
    0xfc, 0x87, 0xe6, 0xc3, 0x7f, 0x81, 0xfe, 0x44,
    0x10, 0x17, 0xff, 0x86,

    /* U+63A8 "推" */
    0x9, 0x41, 0xe4, 0x3f, 0xf8, 0x3c, 0x1d, 0xc0,
    0x74, 0x3f, 0xf8, 0x88, 0x12, 0xf, 0xfe, 0x14,
    0x61, 0x21, 0xff, 0xc3, 0x4d, 0x60, 0x4b, 0xde,
    0x4f, 0x8, 0x1a, 0x91, 0xab, 0x14, 0x5, 0xa1,
    0xfa, 0x1f, 0xd3, 0x44, 0xa6, 0x1e, 0x43, 0xff,
    0x82, 0xa0, 0xff, 0xe5, 0x43, 0x58, 0x6b, 0x7,
    0xce, 0x81, 0x70, 0x17, 0x6, 0x4f, 0x4, 0xfe,
    0x1f, 0xc0, 0xb0, 0x90, 0xff, 0xe1, 0xa8, 0x2e,
    0xf, 0xfe, 0x1b, 0xe4, 0x3c, 0xfe, 0x1f, 0xc1,
    0xff, 0xc0, 0x5c, 0x5, 0xc1, 0xff, 0x35, 0x86,
    0xb0, 0x7f, 0xf9, 0x10, 0xf3, 0x58, 0x6b, 0x2b,
    0xc1, 0xf9, 0x70, 0x17, 0x41, 0xa0, 0xe7, 0xff,
    0xe7, 0xe4, 0x3f, 0xf8, 0xa0,

    /* U+63CF "描" */
    0xf, 0xfe, 0x6d, 0x87, 0xb8, 0x2b, 0xf, 0xfe,
    0xb2, 0xc0, 0x58, 0xb, 0x7, 0xf5, 0x43, 0x52,
    0x55, 0x9e, 0x4f, 0x14, 0x46, 0xa0, 0x35, 0x7,
    0xe5, 0x40, 0x5c, 0x4b, 0x1e, 0x4f, 0x7, 0x61,
    0x61, 0xff, 0xc4, 0xd0, 0x9c, 0x3f, 0xf8, 0xf,
    0xff, 0xd0, 0x7c, 0x84, 0xb8, 0x5c, 0x1e, 0x4e,
    0xa, 0xac, 0xea, 0x9, 0xf0, 0x1c, 0x3f, 0xf8,
    0x78, 0x82, 0xf, 0xfe, 0x25, 0xc8, 0x7b, 0xe8,
    0xbe, 0xf, 0xfe, 0x12, 0x82, 0x58, 0x3f, 0xf8,
    0x3d, 0x45, 0x60, 0xff, 0xe8, 0x21, 0xff, 0xd0,
    0xac, 0x75, 0x4, 0xf8, 0x3e, 0x58, 0xb, 0x82,
    0x42, 0x83, 0xbf, 0xf8, 0x37, 0xc8, 0x7f, 0xf1,
    0x40,

    /* U+63D0 "提" */
    0xc, 0x87, 0xff, 0x23, 0x83, 0xff, 0x9d, 0xff,
    0xe8, 0x3f, 0xf8, 0xf, 0xfa, 0xf, 0xfe, 0x16,
    0x1e, 0x43, 0xa8, 0xa, 0x5, 0x7f, 0xc1, 0x96,
    0x2, 0x83, 0x2f, 0xc1, 0x9f, 0x3, 0xc1, 0x57,
    0xe0, 0xff, 0xe1, 0x6b, 0xe8, 0x3f, 0xf8, 0x4d,
    0x79, 0xf, 0xeb, 0x7, 0xff, 0xa0, 0xd0, 0x10,
    0xff, 0xe2, 0x3a, 0xf, 0xff, 0xe2, 0x20, 0x83,
    0x2f, 0xc2, 0xfe, 0xd0, 0xd4, 0x2a, 0xca, 0xf0,
    0x7f, 0x28, 0x39, 0xf, 0xfe, 0x16, 0x1e, 0xbf,
    0x21, 0xfc, 0x90, 0x65, 0xf0, 0x7e, 0x40, 0x86,
    0xae, 0xf, 0xe8, 0xcd, 0xf, 0xe7, 0xc1, 0x64,
    0x65, 0xf, 0xf4, 0x85, 0x1, 0x40, 0xe5, 0x7,
    0xb3, 0xe4, 0xe0, 0xcd, 0x3f, 0xc8,

    /* U+63D2 "插" */
    0x9, 0x41, 0xff, 0xc8, 0xb0, 0xff, 0x2a, 0x9a,
    0x1f, 0x9f, 0xfa, 0x8a, 0xf, 0xfe, 0x12, 0x81,
    0x4f, 0x90, 0xe4, 0xf, 0xd4, 0x2, 0x83, 0x9f,
    0x3, 0x83, 0xff, 0x86, 0xb0, 0x1e, 0xbc, 0xa,
    0xf2, 0x50, 0x65, 0xf8, 0xb, 0xe0, 0xfd, 0xfe,
    0x7, 0xf9, 0xf, 0xf9, 0xf, 0xfe, 0x13, 0xc3,
    0x70, 0x6a, 0xc1, 0x30, 0x5b, 0x2a, 0xc, 0xbc,
    0x51, 0x6, 0x82, 0x88, 0x6f, 0x41, 0x6e, 0x21,
    0x90, 0xff, 0xe0, 0x30, 0x7c, 0x87, 0xff, 0x26,
    0xf0, 0x6f, 0x41, 0xff, 0xc0, 0x58, 0x32, 0xc1,
    0xff, 0xc0, 0xa8, 0x35, 0x30, 0xff, 0xeb, 0x56,
    0x5, 0x58, 0x4f, 0x83, 0xcb, 0x80, 0xb8, 0x3e,
    0x83, 0x5f, 0xfa, 0x9, 0xf8, 0x39, 0xf, 0xfe,
    0x0,

    /* U+64AD "播" */
    0x9, 0xf, 0xfe, 0x4d, 0x3, 0xfc, 0xaa, 0x68,
    0x7e, 0xbf, 0xea, 0x28, 0x3f, 0xe4, 0x58, 0x6f,
    0x5a, 0x1f, 0xa0, 0x54, 0x4, 0xa2, 0x7, 0xc3,
    0xc4, 0x41, 0xcb, 0x83, 0xf6, 0x8, 0x3f, 0x41,
    0x3e, 0x1c, 0xf4, 0xf8, 0x78, 0xf8, 0x3e, 0x5e,
    0xf, 0x2e, 0xf, 0xd5, 0x24, 0x21, 0x54, 0x1c,
    0xf0, 0xe4, 0x83, 0x18, 0x33, 0x6, 0xa1, 0x21,
    0xb5, 0x71, 0x44, 0x75, 0x12, 0x36, 0x9, 0x1b,
    0x60, 0xa4, 0xbd, 0x57, 0xca, 0xa3, 0x21, 0x31,
    0x7c, 0x3f, 0x1, 0xf, 0xfe, 0xa6, 0xb0, 0x16,
    0xf, 0xfe, 0xb, 0x50, 0xd4, 0x1f, 0xfc, 0x1b,
    0xe1, 0xf8, 0x3f, 0xf9, 0xcd, 0x87, 0xaf, 0x87,
    0xe0, 0xe4, 0x10, 0x66, 0xbf, 0x6, 0x7e, 0xe,
    0xd7, 0xf0, 0x60,

    /* U+652F "支" */
    0xf, 0xf2, 0x83, 0xff, 0x91, 0x61, 0xff, 0xea,
    0xbf, 0xf8, 0x7f, 0xf8, 0xd7, 0xf0, 0x4b, 0xfc,
    0x35, 0xfb, 0x1a, 0xfe, 0xf, 0xff, 0x25, 0xfe,
    0x1f, 0xf0, 0x7f, 0xf4, 0x60, 0x7f, 0xf2, 0x21,
    0xfa, 0x30, 0xf9, 0x44, 0x1f, 0x94, 0x21, 0xe8,
    0x83, 0xfd, 0x12, 0x1b, 0x14, 0x1f, 0xf6, 0x50,
    0x18, 0xc1, 0xff, 0xc1, 0xc6, 0xc6, 0xf, 0xfe,
    0x1c, 0x20, 0x83, 0xff, 0x84, 0xf0, 0x6d, 0xf,
    0xfa, 0xe0, 0x5e, 0x5, 0xc8, 0x75, 0xe4, 0x6d,
    0x7, 0x91, 0xb9, 0x14, 0x7, 0x90, 0xf5, 0xc0,
    0x61, 0x5e, 0x83, 0xfe, 0x7d, 0x40,

    /* U+6536 "收" */
    0xf, 0x48, 0x6a, 0x7, 0xff, 0x9, 0xc3, 0x28,
    0x3f, 0xf8, 0xe8, 0x87, 0xf5, 0x87, 0xe8, 0xc3,
    0xff, 0x93, 0x7f, 0xc8, 0x7f, 0xa1, 0x78, 0x24,
    0x3f, 0xe4, 0xae, 0x4e, 0x43, 0xfa, 0x2, 0x1f,
    0xfc, 0x55, 0x3, 0xc, 0x87, 0xff, 0x2, 0x31,
    0xe, 0x43, 0xfe, 0xe1, 0xc, 0x98, 0x7f, 0xf0,
    0x13, 0x20, 0x62, 0x1f, 0xfc, 0x24, 0x40, 0xa0,
    0xfe, 0x83, 0xd1, 0x43, 0xf, 0xad, 0xf, 0x22,
    0x84, 0x39, 0x12, 0xf, 0xa0, 0x41, 0xfa, 0xd0,
    0xfa, 0x4, 0x1e, 0xf2, 0x1f, 0xb1, 0x6, 0x1f,
    0xfc, 0x3c, 0x6c, 0x1a, 0x1f, 0xf3, 0x8c, 0xc,
    0x14, 0xf, 0xea, 0xc, 0x1b, 0x45, 0x7, 0xec,
    0xa0, 0x7a, 0x8a, 0xf, 0x73, 0xa1, 0xf9, 0x80,

    /* U+653B "攻" */
    0xf, 0xfe, 0x4, 0x87, 0xff, 0x1d, 0x58, 0x7f,
    0xf1, 0xf3, 0xf, 0xef, 0xfa, 0x2, 0x21, 0xff,
    0xc6, 0x41, 0x5f, 0x93, 0xe0, 0x7a, 0x20, 0x2f,
    0xe0, 0xff, 0x20, 0xfe, 0x5, 0xa1, 0xfd, 0x7,
    0xf2, 0x1f, 0xe4, 0x24, 0x3f, 0xf8, 0xb1, 0x18,
    0x48, 0x87, 0xf9, 0x24, 0x42, 0xcc, 0x3f, 0xce,
    0x88, 0x81, 0x10, 0xff, 0xe1, 0x66, 0x22, 0x1f,
    0xfc, 0x34, 0x48, 0x83, 0xff, 0x89, 0x18, 0x87,
    0xff, 0x1, 0x90, 0x21, 0x41, 0xf9, 0x7, 0x21,
    0x21, 0x21, 0xef, 0x41, 0x32, 0x30, 0x92, 0x1f,
    0x37, 0xa4, 0xa1, 0x51, 0x21, 0xbd, 0x21, 0xb4,
    0x91, 0x8b, 0xf, 0xeb, 0x6, 0x84, 0xe0, 0xd0,
    0xf9, 0x2c, 0x3e, 0xd1, 0xf, 0xbc, 0x87, 0xf5,
    0x80,

    /* U+653E "放" */
    0xf, 0xfe, 0x73, 0xa1, 0xe7, 0x43, 0xfc, 0x98,
    0x7b, 0x10, 0xff, 0xe0, 0x21, 0xe4, 0x3f, 0x97,
    0x89, 0x61, 0x10, 0xfd, 0x59, 0x1a, 0x88, 0x7f,
    0xd1, 0x40, 0x57, 0x90, 0x2e, 0x3, 0x8a, 0x17,
    0xe8, 0xae, 0x19, 0xf, 0xf2, 0xc, 0x24, 0xc3,
    0xff, 0x81, 0x1, 0xb, 0xf, 0xcf, 0xe9, 0x90,
    0xf2, 0x1f, 0xfc, 0x9, 0xc4, 0x8, 0x7e, 0x7e,
    0xc, 0x90, 0x88, 0x72, 0x61, 0xf9, 0x4, 0x41,
    0xff, 0xc0, 0xc2, 0x8c, 0x3f, 0x62, 0x1f, 0xfc,
    0x8, 0x3c, 0x86, 0x43, 0xc8, 0x10, 0xff, 0xe2,
    0xa8, 0x18, 0x72, 0x21, 0xf9, 0x88, 0x10, 0x68,
    0x82, 0x84, 0xa1, 0x38, 0xe0, 0x42, 0xbc, 0x16,
    0x92, 0xc, 0x1b, 0x91, 0xad, 0xa0, 0xd0, 0xda,
    0xa, 0x23, 0x50, 0xd8, 0x7d, 0x44,

    /* U+6548 "效" */
    0xf, 0xfe, 0x7f, 0x7, 0xde, 0xf, 0xfe, 0x2,
    0x1f, 0x90, 0xff, 0x91, 0xe, 0x4c, 0x3e, 0xac,
    0x95, 0xc6, 0x21, 0xf2, 0xe0, 0x96, 0x2, 0x7f,
    0xa3, 0xff, 0xd4, 0xf, 0xfe, 0x3, 0x83, 0x82,
    0x4f, 0xc0, 0xe0, 0xa0, 0x96, 0x20, 0x21, 0xfd,
    0x10, 0x22, 0x10, 0x61, 0x90, 0x97, 0x5, 0x9d,
    0x3, 0x26, 0x14, 0x41, 0x98, 0xd6, 0x6, 0x20,
    0x4e, 0xa, 0x83, 0x18, 0x88, 0x67, 0x1c, 0x8,
    0xc0, 0x49, 0x20, 0xf4, 0x69, 0x7, 0x24, 0x21,
    0xe5, 0x10, 0x87, 0x40, 0x43, 0xf4, 0x1f, 0xfc,
    0xc, 0x3f, 0x21, 0x41, 0xd0, 0x20, 0xfd, 0x10,
    0xa0, 0xa4, 0x4c, 0x39, 0xc9, 0xc8, 0x12, 0x72,
    0x61, 0x50, 0x90, 0x49, 0xa6, 0x8, 0x18, 0x13,
    0x42, 0x6c, 0x18, 0x6d, 0x22, 0xc3, 0xe9, 0xc3,
    0xd3, 0x0,

    /* U+6559 "教" */
    0xc, 0xc1, 0xf9, 0x41, 0xfe, 0xd0, 0xfd, 0x40,
    0xff, 0xe4, 0xa1, 0xf9, 0x40, 0x50, 0x38, 0x4c,
    0x3e, 0xa9, 0x2b, 0x11, 0x8, 0x7d, 0x52, 0x53,
    0x50, 0x6f, 0xf2, 0x5, 0x1, 0x51, 0x10, 0xb8,
    0x8, 0x17, 0x14, 0x14, 0x25, 0x61, 0x95, 0x50,
    0x14, 0x32, 0x1f, 0xe7, 0xf4, 0x3f, 0x40, 0x40,
    0x98, 0x7d, 0x10, 0x11, 0x30, 0x62, 0x13, 0x4c,
    0x6a, 0x54, 0x20, 0x43, 0xa5, 0x1, 0x71, 0x8,
    0x64, 0x34, 0xf, 0x92, 0xb, 0x28, 0x41, 0x51,
    0xc1, 0xb2, 0x12, 0x2c, 0x1a, 0xa0, 0x44, 0x30,
    0x50, 0x20, 0xee, 0xf2, 0x54, 0x85, 0x81, 0xc,
    0xb0, 0x82, 0xf8, 0x12, 0x9, 0x9, 0xfa, 0x44,
    0x34, 0x9c, 0x48, 0x7f, 0xf0, 0x74, 0xc5, 0x12,
    0x15, 0x48, 0x4e, 0xc, 0x29, 0x24, 0xb, 0x8,
    0x11, 0xc3, 0xa8, 0x20, 0xfd, 0x5, 0xc1, 0xf3,
    0x80,

    /* U+6570 "数" */
    0xf, 0xfe, 0x7b, 0x84, 0x85, 0x61, 0xf5, 0x87,
    0x99, 0x2, 0x1f, 0xa2, 0xe, 0x94, 0x12, 0x1f,
    0xa4, 0x34, 0x40, 0x8c, 0x3f, 0x38, 0x6a, 0x4,
    0x97, 0xf4, 0xfe, 0x8f, 0x5e, 0x40, 0xb0, 0x1d,
    0xa9, 0x3, 0x5b, 0x2b, 0xc, 0x8b, 0x80, 0x8b,
    0x83, 0xfe, 0x71, 0x5, 0x8, 0x18, 0x13, 0xa,
    0x87, 0x8e, 0x71, 0x10, 0x62, 0x5, 0xb0, 0xce,
    0xd1, 0x9, 0xc, 0xf1, 0x4c, 0x28, 0x18, 0x81,
    0xc, 0xb8, 0x5e, 0x2, 0x71, 0x84, 0xd4, 0xa,
    0xe0, 0x96, 0x10, 0x9f, 0x3, 0xf0, 0x85, 0x1,
    0xf, 0x44, 0x14, 0x41, 0xec, 0x3f, 0x50, 0x58,
    0x36, 0x8, 0x3d, 0x6a, 0xe2, 0xa, 0x18, 0xc3,
    0xec, 0x34, 0x9, 0x25, 0x18, 0x4d, 0xc5, 0xaa,
    0x89, 0x82, 0x4c, 0x64, 0xb4, 0xbc, 0x98, 0x69,
    0x16, 0xf2, 0x1c, 0xd8, 0x7a, 0x88,

    /* U+6574 "整" */
    0xe, 0x60, 0xfa, 0x81, 0xff, 0x68, 0x7c, 0x87,
    0xcf, 0xe4, 0xfd, 0x8, 0x7e, 0x6b, 0x2, 0xb8,
    0x87, 0xfa, 0x17, 0x85, 0xc4, 0x35, 0x2, 0x85,
    0xf2, 0x7e, 0x50, 0x16, 0x14, 0x1b, 0xc0, 0xf2,
    0x42, 0x81, 0x10, 0x7c, 0x87, 0x7a, 0x31, 0x41,
    0xef, 0x27, 0x90, 0xd1, 0x90, 0x6b, 0xc1, 0x7e,
    0x9, 0xf, 0xf6, 0x17, 0x90, 0xac, 0x4e, 0xa,
    0xdd, 0x26, 0x56, 0x9d, 0x8e, 0xcd, 0x2, 0x68,
    0x82, 0xc2, 0xe1, 0xb1, 0x5c, 0xa1, 0x21, 0x7d,
    0x85, 0x5f, 0xfc, 0x5c, 0x37, 0xfe, 0x7, 0xfe,
    0xf, 0x48, 0x7f, 0xf2, 0x1c, 0x3d, 0xff, 0x7,
    0xff, 0xe, 0xbe, 0xf, 0xfe, 0x1a, 0xfc, 0x19,
    0x61, 0x78, 0xb, 0xfc, 0x56, 0x5, 0x60, 0x57,
    0xf0,

    /* U+6587 "文" */
    0xf, 0xf2, 0x1f, 0xfc, 0x8a, 0x83, 0xff, 0x8f,
    0x8, 0x7f, 0xf2, 0x90, 0xfe, 0x6b, 0xf8, 0x15,
    0xfc, 0x5, 0xfe, 0x9, 0x7f, 0xf, 0xc9, 0x7f,
    0xe0, 0x7e, 0xe, 0x8c, 0x3f, 0xf9, 0x28, 0x7d,
    0x10, 0x7f, 0x91, 0xf, 0x22, 0x1f, 0xe8, 0x83,
    0x91, 0xf, 0xfe, 0x2, 0x21, 0xa3, 0xf, 0xfe,
    0x4, 0x41, 0x42, 0x83, 0xff, 0x83, 0x18, 0xa2,
    0xf, 0xfe, 0x12, 0x8e, 0x20, 0xff, 0xe2, 0x41,
    0x28, 0x3f, 0xf8, 0x90, 0x4a, 0xf, 0xfe, 0x1e,
    0x92, 0x50, 0x3f, 0xf8, 0x16, 0xd, 0xa0, 0xf0,
    0x7c, 0xda, 0x58, 0x4e, 0x8f, 0x20, 0x79, 0x1d,
    0xf, 0x5a, 0x36, 0x20, 0x78, 0x3f, 0xd6, 0x86,
    0xb8, 0x3f, 0xf8, 0x57, 0x80,

    /* U+65A5 "斥" */
    0xf, 0xfe, 0x22, 0xa0, 0xfe, 0x5d, 0x57, 0xd4,
    0x60, 0xef, 0xab, 0x2c, 0x5, 0x54, 0x1f, 0x2d,
    0x57, 0xea, 0x28, 0x3f, 0x54, 0xb0, 0x7f, 0xfc,
    0x3f, 0xff, 0x88, 0x87, 0xff, 0x27, 0xe, 0xff,
    0xc0, 0xff, 0x41, 0xff, 0xe7, 0xf4, 0x87, 0xff,
    0x19, 0x1b, 0xc1, 0xff, 0xc1, 0x41, 0x72, 0x1a,
    0x43, 0xe4, 0x3c, 0xdc, 0x6, 0xe4, 0x36, 0x61,
    0xf2, 0x9, 0x1b, 0x9, 0x10, 0xff, 0x37, 0x7,
    0xff, 0x25, 0xf0, 0x22, 0xf, 0xfe, 0x32, 0x84,
    0x3f, 0xf8, 0xc9, 0x7, 0xff, 0x23, 0x43, 0xfd,
    0xe0, 0xf8,

    /* U+65AD "断" */
    0xf, 0x70, 0x7f, 0xf0, 0x6c, 0x3f, 0xf8, 0x2d,
    0xe8, 0x27, 0xf, 0x65, 0xe9, 0xf, 0x22, 0x1a,
    0x2, 0x6, 0xf4, 0x19, 0x83, 0x30, 0x5c, 0x87,
    0xd0, 0x82, 0x10, 0xff, 0xe1, 0x48, 0x38, 0x3f,
    0xf8, 0x68, 0x4a, 0xf, 0xfe, 0xb, 0xf0, 0xfc,
    0x17, 0xfa, 0x2, 0xe0, 0x2a, 0xf, 0xfe, 0xd,
    0x0, 0xd1, 0xb, 0xc9, 0xe8, 0x39, 0x14, 0x1f,
    0xfc, 0x48, 0x2a, 0x4, 0x87, 0xfa, 0x61, 0x98,
    0x3f, 0xf8, 0xa, 0x10, 0x30, 0x7f, 0xf0, 0xf0,
    0xcc, 0x98, 0x7f, 0x38, 0x7f, 0xf4, 0x31, 0xf,
    0xfe, 0xf, 0x4, 0x87, 0xfd, 0xff, 0x91, 0xf,
    0xda, 0xff, 0x44, 0x1f, 0x9a, 0xfe, 0x50, 0x7f,
    0xf1, 0xe8, 0x1a, 0xc2,

    /* U+65AF "斯" */
    0xf, 0xfe, 0x63, 0x86, 0xb0, 0xfe, 0x70, 0xff,
    0xe1, 0xb7, 0xd0, 0x54, 0x2b, 0x24, 0x9c, 0x81,
    0xb0, 0x20, 0x5c, 0x7, 0xa, 0xf4, 0x85, 0xc7,
    0xe4, 0xe0, 0x28, 0x3f, 0xfa, 0x9f, 0x90, 0xff,
    0xe2, 0xae, 0xf, 0x35, 0xe4, 0x35, 0x64, 0x3c,
    0xbe, 0xc3, 0xff, 0x87, 0x50, 0x28, 0x1b, 0xf2,
    0x1c, 0xb8, 0x50, 0x72, 0xe0, 0xff, 0xe3, 0x56,
    0x43, 0xff, 0xae, 0xf1, 0xf9, 0x3c, 0x87, 0xf2,
    0xff, 0xf0, 0x1, 0x87, 0xea, 0x8a, 0x65, 0x58,
    0x7f, 0xf0, 0x25, 0x12, 0x80, 0x88, 0x7f, 0x2e,
    0x32, 0xf, 0xfe, 0xb, 0x10, 0x59, 0x22, 0x1f,
    0xd1, 0x87, 0x54, 0x41, 0xfc, 0xe1, 0xe4, 0x50,
    0x7f, 0xa0, 0xfe, 0xa0, 0x77, 0x0,

    /* U+65B0 "新" */
    0xe, 0x50, 0x7f, 0xf2, 0x28, 0x1f, 0xfc, 0x5,
    0x7, 0x91, 0xf, 0x2a, 0xf5, 0x1, 0x7c, 0x97,
    0xc9, 0xd1, 0x3, 0x83, 0x40, 0xb0, 0x14, 0x15,
    0x3d, 0x4, 0xc3, 0x50, 0x20, 0xa5, 0x7, 0xf2,
    0x19, 0xf, 0xfe, 0x1a, 0x12, 0x61, 0xff, 0xc1,
    0x50, 0x27, 0x2, 0x83, 0xfc, 0xd1, 0x19, 0x2a,
    0x5, 0xfe, 0x9f, 0xd1, 0x7e, 0x9, 0x41, 0x38,
    0x7c, 0x87, 0xaa, 0x4e, 0x43, 0xe4, 0x3f, 0xf8,
    0x7f, 0xa2, 0xf9, 0x41, 0xfe, 0x5e, 0x17, 0x7,
    0xff, 0x2, 0x9d, 0x95, 0x90, 0xff, 0xe0, 0x50,
    0x37, 0x81, 0x88, 0x7f, 0x28, 0x36, 0x42, 0x1f,
    0xe8, 0x83, 0xa5, 0x7, 0xf9, 0x50, 0x79, 0xf0,
    0x87, 0xe6, 0x6a, 0xe, 0x4c, 0x3f, 0x91, 0x42,
    0x12, 0x4, 0x3f, 0xef, 0xa0, 0x95, 0x7, 0xff,
    0x22, 0x43, 0x58, 0x40,

    /* U+65B9 "方" */
    0xf, 0xf9, 0xf, 0xfe, 0x47, 0x7, 0xff, 0x29,
    0xf, 0xfe, 0x3c, 0x41, 0xfe, 0xff, 0xe8, 0x1f,
    0xf9, 0xf, 0xfe, 0x5f, 0xf8, 0x7f, 0xff, 0x80,
    0x87, 0x90, 0xff, 0xf0, 0xe1, 0xff, 0xc7, 0xcb,
    0xff, 0xa0, 0xff, 0xe9, 0xa7, 0xff, 0x7, 0xff,
    0x25, 0xf, 0xf2, 0x21, 0xfe, 0xc3, 0xf6, 0x61,
    0xff, 0xc7, 0x44, 0x3f, 0xf8, 0xd8, 0x87, 0xf6,
    0x1f, 0x90, 0x41, 0xff, 0x21, 0xcc, 0x41, 0xfe,
    0x43, 0xcc, 0x48, 0x6f, 0xf0, 0x87, 0x44, 0x87,
    0xfc, 0xc1, 0xd4, 0x43, 0xdf, 0xe8, 0x38,

    /* U+65BD "施" */
    0xf, 0xfe, 0x2, 0x1f, 0xfc, 0x7, 0x43, 0x99,
    0xf, 0xf9, 0x20, 0xe8, 0x43, 0xff, 0x80, 0x87,
    0x20, 0x5f, 0xe1, 0x60, 0x4a, 0x20, 0x57, 0xec,
    0xa9, 0x1b, 0x47, 0xd5, 0x7e, 0x8e, 0x2f, 0xd1,
    0x3, 0x90, 0xff, 0xe0, 0xe4, 0x1f, 0xfc, 0x79,
    0xd0, 0xf9, 0x41, 0xda, 0xc4, 0xe1, 0xaf, 0x58,
    0x73, 0x50, 0x66, 0x44, 0x43, 0xeb, 0x41, 0xc,
    0x83, 0xd0, 0x7c, 0x85, 0x20, 0xb4, 0x3f, 0xf8,
    0x76, 0x28, 0x3f, 0xfa, 0x38, 0x58, 0x7f, 0xf0,
    0x5b, 0xf, 0xfe, 0x3a, 0x85, 0x4, 0xa0, 0xff,
    0xe0, 0xfa, 0xe0, 0xb0, 0xff, 0x61, 0xf9, 0x10,
    0x21, 0x90, 0x38, 0x7d, 0x2, 0x82, 0x4, 0xaf,
    0xb3, 0x48, 0x51, 0x2, 0x17, 0xe1, 0x78, 0xf8,
    0x37, 0xff, 0x40,

    /* U+65CB "旋" */
    0xc, 0x87, 0xc8, 0x7f, 0xf0, 0x68, 0x1c, 0xc8,
    0x7f, 0xf0, 0x50, 0xe8, 0x43, 0xff, 0x80, 0x87,
    0xea, 0xfc, 0x95, 0x27, 0x42, 0x2, 0xfe, 0xc5,
    0x82, 0x5e, 0xff, 0xe8, 0xe2, 0xfd, 0x10, 0x7f,
    0xf0, 0x90, 0x91, 0x7f, 0xe0, 0xfe, 0x66, 0xbf,
    0xc1, 0xd5, 0x86, 0xb2, 0x54, 0x1f, 0x2e, 0x2,
    0xe0, 0x2c, 0x21, 0xde, 0x83, 0xfe, 0x48, 0x3f,
    0xe7, 0xf, 0x38, 0x7e, 0xc3, 0xff, 0x8b, 0x87,
    0xff, 0x7, 0xf4, 0x1f, 0xf6, 0x1c, 0xbb, 0x9,
    0xf, 0x91, 0xa, 0xb2, 0x19, 0xf, 0xd8, 0x7f,
    0x93, 0xe, 0x40, 0x87, 0xfb, 0x10, 0x20, 0x8c,
    0xc3, 0xf9, 0x6b, 0x2, 0x26, 0x25, 0x72, 0x8c,
    0x41, 0xc4, 0xe, 0x17, 0x85, 0xdf, 0x14, 0xc,
    0xff, 0x90,

    /* U+65E0 "无" */
    0x5, 0xff, 0xfc, 0x50, 0xff, 0xe7, 0x5f, 0xe8,
    0xbf, 0xf0, 0x7f, 0xf5, 0x70, 0xff, 0xf6, 0xff,
    0xe4, 0xbf, 0xfa, 0xf, 0xfe, 0x4e, 0x7f, 0xd0,
    0x3f, 0xfc, 0x87, 0xec, 0x98, 0x3f, 0xf8, 0xa8,
    0xea, 0xf, 0xfe, 0x1a, 0x1f, 0xfc, 0x98, 0xc3,
    0xf9, 0x83, 0xe8, 0x43, 0xfd, 0xa8, 0x3a, 0x48,
    0x3f, 0xf8, 0xb2, 0x61, 0xff, 0xc5, 0xd3, 0xd,
    0x98, 0x72, 0x23, 0x83, 0xf, 0x9f, 0xe0, 0xd0,
    0xe1, 0xe6, 0xf, 0xa0, 0x74, 0xf, 0xcf, 0xfc,
    0x80,

    /* U+65E5 "日" */
    0xbf, 0xff, 0x85, 0x21, 0xff, 0xc2, 0x41, 0xff,
    0xfc, 0x0, 0xff, 0xff, 0x87, 0xf7, 0x5f, 0xec,
    0x39, 0x7f, 0xc1, 0xdf, 0xff, 0xc0, 0xf, 0xff,
    0xf8, 0x7f, 0xf3, 0x7f, 0xff, 0x80, 0x1f, 0xfc,
    0x8f, 0xff, 0xe0, 0x7, 0xff, 0x18,

    /* U+65E9 "早" */
    0xf, 0xfe, 0x6f, 0xff, 0xf0, 0xe0, 0xfc, 0xbf,
    0xfc, 0x0, 0xfe, 0x6b, 0xff, 0x80, 0x1f, 0xfd,
    0x36, 0xbf, 0xf8, 0x1, 0xfe, 0x5f, 0xfe, 0x0,
    0x7f, 0x3f, 0xff, 0xc0, 0xf, 0xff, 0x4b, 0x5f,
    0xfc, 0x0, 0xff, 0x2f, 0xff, 0x0, 0x3f, 0x7f,
    0xc3, 0xfe, 0x83, 0xff, 0xc7, 0xff, 0xe1, 0xff,
    0xe5, 0x7, 0xff, 0x26, 0xff, 0xe1, 0xff, 0xe4,
    0x3f, 0xff, 0xe1, 0xff, 0xc1,

    /* U+65F6 "时" */
    0xf, 0xfe, 0x23, 0x7, 0xff, 0x1f, 0x42, 0x6b,
    0xc8, 0x7f, 0xf0, 0x75, 0xf6, 0x1f, 0xfc, 0x3a,
    0xc1, 0xff, 0xc5, 0x5c, 0x15, 0x7c, 0x95, 0x7,
    0xf2, 0xfc, 0x5, 0x7, 0xfb, 0xfe, 0x7, 0xa0,
    0xff, 0xe2, 0x21, 0xff, 0xc2, 0x90, 0xff, 0xba,
    0x83, 0x30, 0x7f, 0xf0, 0x16, 0xd, 0x10, 0x7f,
    0xbf, 0x6, 0x44, 0x3f, 0xf8, 0xf1, 0x7, 0xff,
    0x19, 0x10, 0xff, 0xe3, 0xf8, 0x3f, 0xfc, 0xff,
    0x83, 0xfc, 0x87, 0xff, 0x3f, 0xfa, 0xa, 0xfc,
    0x1d, 0xa1, 0xfd, 0x86, 0x70, 0x80,

    /* U+660C "昌" */
    0xf, 0xfe, 0x45, 0xff, 0xfc, 0x28, 0x39, 0xaf,
    0xf2, 0x1f, 0x6b, 0xfe, 0x83, 0xed, 0x7f, 0xd0,
    0x7c, 0xd7, 0xf9, 0xf, 0xaf, 0xff, 0x83, 0xff,
    0x9d, 0x7f, 0xfc, 0x1d, 0x5f, 0xfc, 0x40, 0xcb,
    0xff, 0xc2, 0xa, 0xbf, 0xf8, 0xc2, 0xff, 0xf1,
    0x82, 0xff, 0xfe, 0x12, 0x1f, 0xfc, 0xbf, 0xff,
    0xe1, 0x21, 0xab, 0xff, 0x84, 0x1c, 0xbf, 0xfc,
    0x30, 0xff, 0xe5, 0xff, 0xff, 0x9, 0xd, 0x5f,
    0xfc, 0x20, 0xe5, 0xff, 0xe1, 0x80,

    /* U+660E "明" */
    0xf, 0xfe, 0x43, 0x5e, 0x41, 0xff, 0xc6, 0xbe,
    0xc3, 0x2f, 0x7, 0x7e, 0xf, 0x57, 0x21, 0xff,
    0xea, 0x5e, 0xf, 0xfe, 0x1d, 0x72, 0x1a, 0xb0,
    0x7a, 0xb8, 0x39, 0x70, 0x79, 0x7c, 0x1b, 0xf0,
    0x7f, 0xfd, 0xbf, 0x90, 0xff, 0xe1, 0x2f, 0x7,
    0x56, 0x9, 0x2b, 0xc8, 0x65, 0xc1, 0x42, 0x1f,
    0xef, 0xe9, 0x10, 0xfe, 0xc3, 0xe8, 0x83, 0xf9,
    0xc3, 0xb2, 0x9, 0xf9, 0xf, 0xd8, 0xa0, 0xfd,
    0x7, 0xdd, 0x3, 0x3f, 0x90,

    /* U+662F "是" */
    0xf, 0xfe, 0x6d, 0xff, 0xfc, 0x20, 0xfe, 0x6b,
    0xfc, 0x1f, 0xf4, 0xbf, 0xf0, 0x7f, 0xbf, 0xfe,
    0x43, 0xfc, 0xbf, 0xf0, 0x7f, 0xd5, 0xff, 0x21,
    0xfe, 0x5f, 0xf8, 0x3f, 0xea, 0xff, 0x90, 0xfd,
    0x7f, 0xff, 0x8, 0x3f, 0xf9, 0xd7, 0xff, 0xf2,
    0xd, 0x7f, 0x80, 0xbf, 0xc3, 0x57, 0xab, 0x2,
    0xbf, 0x83, 0x36, 0x1f, 0xfc, 0x7c, 0xc3, 0xdf,
    0xf4, 0x1c, 0x98, 0x7a, 0xbe, 0xc3, 0x20, 0x50,
    0x72, 0xfe, 0xd, 0x19, 0x40, 0xff, 0xe1, 0xe4,
    0x6a, 0xf0, 0x2b, 0xf8, 0x85, 0x2, 0xd0, 0x97,
    0xf8, 0x98, 0x3a, 0xff, 0xfe, 0x0,

    /* U+663E "显" */
    0xf, 0xfe, 0x6f, 0xff, 0xf1, 0x10, 0xf9, 0x7f,
    0xf8, 0x1, 0xfe, 0xaf, 0xfe, 0x8, 0x7f, 0x2f,
    0xff, 0x3, 0xf, 0xea, 0xff, 0xe0, 0x21, 0xfd,
    0xff, 0xfc, 0x8, 0x3f, 0xfa, 0x75, 0xff, 0xc1,
    0xf, 0xe5, 0xff, 0xe0, 0x7, 0xef, 0xe1, 0xf8,
    0x7f, 0x21, 0xc8, 0x7f, 0xf0, 0xe0, 0xdc, 0x1f,
    0xfc, 0x29, 0xd, 0x18, 0x7f, 0xf0, 0x54, 0x19,
    0x42, 0x1f, 0xf6, 0x41, 0xd1, 0x7, 0xf9, 0x10,
    0xfa, 0x10, 0xfe, 0x88, 0x3e, 0x64, 0x3f, 0xbc,
    0x1f, 0xc8, 0x7f, 0xf1, 0x6b, 0xe1, 0xa8, 0x6b,
    0xe1, 0x7e, 0x2, 0xc0, 0x5f, 0x80,

    /* U+665A "晚" */
    0xf, 0xfe, 0xa7, 0x83, 0xff, 0x8d, 0x8, 0x7e,
    0xbf, 0x83, 0x23, 0xfc, 0x1c, 0xa0, 0xec, 0xac,
    0x88, 0x75, 0x41, 0x62, 0xf8, 0x83, 0xfd, 0xc,
    0x16, 0x61, 0xfe, 0x50, 0xfe, 0x7, 0xc1, 0xf9,
    0x80, 0xa0, 0x94, 0x1f, 0xf2, 0x8a, 0x65, 0x48,
    0x77, 0xa0, 0xff, 0xe8, 0x21, 0xfe, 0xf4, 0x1f,
    0xc8, 0x7f, 0xf1, 0x3d, 0x1f, 0x21, 0xff, 0x6b,
    0x4, 0xb8, 0x3f, 0xcd, 0x30, 0xab, 0x7, 0xff,
    0x6, 0x10, 0xe4, 0x3b, 0xe, 0x8b, 0xc, 0xc1,
    0x79, 0xd, 0x2c, 0x1f, 0xe5, 0xc0, 0x95, 0x7,
    0xfd, 0x59, 0xd5, 0x6, 0xee, 0x5, 0x3, 0x45,
    0x2, 0x50, 0x82, 0x2, 0x1b, 0xc8, 0x75, 0xf9,
    0x0,

    /* U+6682 "暂" */
    0xe, 0x43, 0xff, 0x91, 0x40, 0xff, 0xe0, 0x32,
    0x5, 0xc2, 0xf0, 0xd3, 0xe9, 0xc1, 0x50, 0x2b,
    0x89, 0x42, 0xae, 0x7, 0x87, 0xbf, 0x1, 0xf5,
    0x10, 0xe8, 0x89, 0xf, 0xfe, 0x1a, 0x86, 0x35,
    0x4, 0xff, 0xc8, 0x69, 0x1a, 0x82, 0x58, 0xa,
    0x3, 0xf8, 0xbd, 0x1, 0xa9, 0x28, 0x84, 0xa8,
    0xe8, 0x83, 0xf, 0xcf, 0xa8, 0x8b, 0x10, 0x87,
    0xe6, 0xfc, 0x5e, 0x58, 0x3f, 0xc8, 0x64, 0x33,
    0x6, 0xe0, 0xfa, 0x87, 0x51, 0x5d, 0x87, 0xcb,
    0xff, 0xc3, 0xc3, 0xf5, 0xff, 0xf0, 0x7f, 0xb5,
    0xff, 0x83, 0xfc, 0xd7, 0xfc, 0x1f, 0xeb, 0xff,
    0xe0, 0xff, 0xea, 0x5f, 0xff, 0x7, 0xf9, 0xaf,
    0xf2, 0x1f, 0xed, 0x7f, 0xd0, 0x7e, 0x74, 0x3f,
    0xee, 0x8,

    /* U+66F4 "更" */
    0xf, 0xfe, 0x5f, 0xff, 0xf2, 0x0, 0xbf, 0xc0,
    0x5f, 0xe0, 0x57, 0xf0, 0x2b, 0xf8, 0x32, 0xfc,
    0x5, 0xf8, 0x3d, 0x5f, 0x2, 0xbe, 0x43, 0xcf,
    0xf0, 0x3f, 0xa0, 0xff, 0xe9, 0x35, 0xc0, 0xae,
    0xc3, 0xf9, 0x78, 0xb, 0xe0, 0xfc, 0xff, 0x3,
    0xfa, 0xf, 0xfe, 0x93, 0xfc, 0xf, 0xe8, 0x3e,
    0x5f, 0x80, 0xbf, 0x83, 0xa3, 0xac, 0x35, 0xf0,
    0x7c, 0xc8, 0x13, 0xf, 0xfe, 0x16, 0x51, 0x84,
    0x3f, 0xf8, 0x7a, 0xa1, 0xf, 0xfe, 0x22, 0x82,
    0x79, 0xf, 0xf3, 0x70, 0xf2, 0x37, 0xfa, 0x1e,
    0x47, 0x86, 0xf4, 0xa0, 0xc8, 0xab, 0xd0, 0x7c,
    0xd3, 0xf8,

    /* U+66F9 "曹" */
    0xf, 0xc8, 0x64, 0x3f, 0xf8, 0x6c, 0x1a, 0x43,
    0xf2, 0xfb, 0x16, 0x8d, 0x7c, 0xa, 0xf2, 0x54,
    0x8d, 0x78, 0x1f, 0xe8, 0xfa, 0x2f, 0xf0, 0x65,
    0xd8, 0xb0, 0x35, 0xc1, 0xdd, 0x64, 0xac, 0x35,
    0xb0, 0xf7, 0xd1, 0xf4, 0x5f, 0x7, 0xe5, 0xb1,
    0x60, 0x6b, 0x7, 0xea, 0x92, 0xb0, 0xd4, 0x1f,
    0xbe, 0x8f, 0xc5, 0xf0, 0x7e, 0x5b, 0x16, 0x8d,
    0x60, 0xfd, 0x52, 0x54, 0x8d, 0x41, 0xef, 0xff,
    0xe3, 0x7, 0x97, 0xff, 0x84, 0x1f, 0x35, 0xff,
    0xc2, 0x43, 0xf5, 0xff, 0xe8, 0x3f, 0xda, 0xff,
    0xb0, 0xff, 0x35, 0xfe, 0x43, 0xfd, 0x7f, 0xfa,
    0xf, 0xf5, 0xff, 0xe8, 0x3f, 0xcd, 0x7f, 0x90,
    0xff, 0x6b, 0xfe, 0xc3, 0x80,

    /* U+66FE "曾" */
    0xf, 0xfe, 0x12, 0x1f, 0xef, 0x7, 0x9a, 0x7,
    0xf2, 0x41, 0xd1, 0x7, 0x2e, 0x3, 0x2d, 0x81,
    0x78, 0xac, 0x81, 0xa8, 0x2a, 0xd8, 0x1f, 0x5f,
    0x27, 0xeb, 0x83, 0xd4, 0x43, 0xee, 0x10, 0xf4,
    0x41, 0xe8, 0x83, 0xfb, 0x10, 0xe5, 0x83, 0xfd,
    0xa1, 0xdc, 0x4, 0x33, 0xfe, 0x4f, 0xf4, 0x15,
    0x7f, 0xf1, 0xc5, 0xff, 0xe3, 0x4, 0xff, 0xff,
    0xa, 0xf, 0x97, 0xfe, 0x10, 0xf5, 0x7f, 0xf0,
    0x3, 0xf6, 0xbf, 0xf0, 0x7e, 0x6b, 0xfe, 0xf,
    0xd7, 0xff, 0xc1, 0xff, 0xd0, 0xbf, 0xfe, 0xf,
    0xcd, 0x7f, 0xc1, 0xfb, 0x5f, 0xf8, 0x30,

    /* U+6700 "最" */
    0xc, 0xbf, 0xfc, 0x30, 0xf3, 0x5f, 0xfc, 0x30,
    0xfd, 0x7f, 0xfc, 0x1f, 0xeb, 0xff, 0xe0, 0xff,
    0x35, 0xff, 0x7, 0xfb, 0x5f, 0xf8, 0x3f, 0xd7,
    0xff, 0xc1, 0xf9, 0xff, 0xfe, 0x18, 0x65, 0xff,
    0xe4, 0x2, 0xbf, 0xf9, 0x27, 0x17, 0xd1, 0x7f,
    0xfa, 0x2, 0x1c, 0x84, 0xbf, 0x83, 0xd7, 0xe0,
    0xab, 0xf2, 0x1c, 0xfd, 0x7, 0x7e, 0x2, 0x1d,
    0x84, 0x85, 0x8, 0x11, 0xf, 0x5f, 0x82, 0x48,
    0x11, 0x7, 0x9a, 0xc1, 0xb3, 0x88, 0x3e, 0xd7,
    0x1c, 0x8, 0x58, 0x39, 0x3b, 0xe1, 0x40, 0x80,
    0xc1, 0xb8, 0x50, 0xa1, 0xec, 0xb1, 0xe0, 0x53,
    0xf5, 0xf, 0x26, 0x9a, 0x30, 0xa0, 0xfd, 0x4c,
    0x35, 0xd0,

    /* U+6708 "月" */
    0xf, 0xfe, 0x5f, 0xff, 0xf0, 0x83, 0xe5, 0xff,
    0x7, 0xf5, 0x7f, 0x90, 0xff, 0xfa, 0xff, 0xf9,
    0xf, 0xcb, 0xfe, 0xf, 0xea, 0xff, 0x21, 0xff,
    0xe2, 0xaf, 0xf2, 0x1f, 0x97, 0xfc, 0x1e, 0x47,
    0xff, 0xc8, 0x7d, 0x87, 0xff, 0x12, 0x10, 0xff,
    0xeb, 0x44, 0x1f, 0xf2, 0x12, 0x84, 0x3c, 0xfe,
    0xd, 0x10, 0x7f, 0xf0, 0x60, 0x72, 0x1f, 0x3f,
    0xc8,

    /* U+6709 "有" */
    0xf, 0xe9, 0xf, 0xfe, 0x3a, 0xb0, 0xff, 0xe3,
    0xc4, 0x1f, 0xfc, 0xa, 0xf8, 0x15, 0xff, 0x22,
    0xfc, 0x5, 0xff, 0xb3, 0xf9, 0x1f, 0xff, 0xe0,
    0x41, 0xe4, 0x83, 0xff, 0x8d, 0x88, 0x7f, 0xf1,
    0xa0, 0x3f, 0xff, 0x7, 0x94, 0x5, 0xff, 0x7,
    0xcc, 0xa, 0xff, 0x83, 0xcc, 0x1f, 0xfc, 0x76,
    0x28, 0x5f, 0xfe, 0xf, 0xa4, 0xb, 0xff, 0x7,
    0x32, 0x17, 0x5f, 0xe0, 0xf2, 0x1f, 0xfc, 0xeb,
    0xff, 0xc1, 0xff, 0xc0, 0x5f, 0xf0, 0x7f, 0xd5,
    0xff, 0x7, 0xff, 0x72, 0xac, 0x3f, 0xf8, 0xcb,
    0x3, 0xf, 0xfe, 0x27, 0xf0, 0x60,

    /* U+670D "服" */
    0xf, 0xfe, 0x67, 0xfa, 0x2f, 0xfe, 0xf, 0x2c,
    0x1c, 0xbe, 0xf, 0x9a, 0x83, 0xab, 0xc8, 0x7f,
    0xf6, 0xeb, 0x21, 0xf2, 0xc1, 0xf2, 0xe2, 0xe,
    0x6a, 0xf, 0xbf, 0x90, 0xe7, 0xe0, 0xff, 0xe7,
    0xff, 0xe4, 0x3f, 0xf8, 0x28, 0x17, 0x7, 0xff,
    0xe, 0x1a, 0x80, 0x86, 0x6a, 0xf, 0x28, 0x24,
    0x3e, 0x58, 0x3d, 0x8, 0x90, 0x75, 0xf0, 0x7c,
    0xc4, 0x21, 0xff, 0xc4, 0x8c, 0x83, 0x22, 0x1f,
    0xf2, 0x4, 0x36, 0x1f, 0xfc, 0x9, 0x4, 0x19,
    0xf, 0xfa, 0x4d, 0x58, 0x64, 0xa6, 0x1d, 0xa6,
    0x49, 0xa8, 0xc5, 0x2, 0x9, 0x58, 0x52, 0x5,
    0x8f, 0xc1, 0xa8, 0x1d, 0x69, 0x7, 0xeb, 0xf,
    0xf0,

    /* U+671B "望" */
    0xe, 0x43, 0xff, 0x91, 0xc1, 0xcb, 0xfc, 0x1e,
    0x84, 0x35, 0x7f, 0x20, 0xab, 0x2a, 0x40, 0xff,
    0x41, 0x97, 0x1, 0x50, 0x4b, 0xd8, 0x6f, 0xf,
    0xf0, 0x1a, 0xe4, 0x3f, 0xf8, 0x6f, 0xf4, 0x1f,
    0xfc, 0x45, 0xec, 0x3f, 0x9b, 0x11, 0xae, 0x43,
    0xe7, 0x94, 0x47, 0xfa, 0xe, 0x82, 0xba, 0x8,
    0x1a, 0xc2, 0x16, 0xf9, 0x14, 0x41, 0x2c, 0x21,
    0x98, 0x33, 0x61, 0x3f, 0xa0, 0xdf, 0xf5, 0xff,
    0xe8, 0x2a, 0xfc, 0x6, 0xbe, 0xc2, 0x5f, 0xe2,
    0x5f, 0xc1, 0x97, 0xf1, 0x2f, 0x83, 0xd5, 0xf0,
    0x1a, 0xf2, 0x1d, 0xff, 0x27, 0xfc, 0x87, 0xff,
    0x31, 0xff, 0xe4, 0xff, 0xe9, 0x7f, 0xf9, 0x38,

    /* U+671F "期" */
    0xf, 0xfe, 0x5b, 0x86, 0x70, 0xff, 0xe6, 0x7f,
    0xc9, 0x42, 0xb8, 0x90, 0xfd, 0x88, 0x17, 0x1,
    0xc0, 0xfe, 0xb, 0x8f, 0xd1, 0xc1, 0xff, 0xd6,
    0xae, 0xf, 0xfe, 0x22, 0xe0, 0xf3, 0xf8, 0x3d,
    0xf9, 0xf, 0x2e, 0xf, 0xf6, 0x1c, 0xd6, 0xf,
    0x7e, 0x83, 0xff, 0x88, 0xb8, 0x3f, 0xf8, 0xb5,
    0xc1, 0xcd, 0x60, 0xff, 0xe2, 0xae, 0x3, 0xc7,
    0xe8, 0xf0, 0x1f, 0xc1, 0x2f, 0xff, 0x0, 0xc3,
    0xcd, 0x4d, 0x32, 0xac, 0x43, 0xfb, 0xb, 0x60,
    0x21, 0xfe, 0xc8, 0x12, 0xa4, 0x43, 0xd9, 0x92,
    0x14, 0xf1, 0xd, 0x30, 0x24, 0x87, 0x58, 0x81,
    0x61, 0x6d, 0xf, 0xaa, 0xb, 0xe8,

    /* U+672A "未" */
    0xf, 0xf5, 0x87, 0xff, 0x21, 0xf, 0xfe, 0xbb,
    0xff, 0x3, 0xfe, 0x43, 0x61, 0xff, 0xc4, 0xc3,
    0x5f, 0xf0, 0x3f, 0xe8, 0x3f, 0xff, 0x3f, 0xfc,
    0xf, 0xfe, 0xf, 0xfe, 0x67, 0xfd, 0x6, 0xbf,
    0xe0, 0xfe, 0x83, 0x41, 0xff, 0xc3, 0xc8, 0x11,
    0x87, 0xff, 0x7, 0x14, 0x5, 0x18, 0x7f, 0xd8,
    0xc1, 0xa4, 0xc3, 0xfb, 0x4, 0x1e, 0x93, 0x43,
    0x9c, 0x70, 0xfd, 0x25, 0x2, 0xe2, 0x81, 0xfe,
    0xa0, 0xe2, 0xd, 0xf, 0xfe, 0x3, 0x84, 0xd8,
    0x7f, 0xf1, 0x38, 0x8, 0x7f, 0xf1, 0x90,

    /* U+672C "本" */
    0xf, 0xf7, 0x83, 0xff, 0xfe, 0xf, 0xfe, 0x7,
    0xff, 0x1, 0x7e, 0xf, 0x2f, 0xc0, 0xaf, 0x90,
    0xcd, 0x7c, 0x1f, 0xca, 0x2, 0x83, 0xff, 0x87,
    0x10, 0x22, 0xf, 0xfe, 0xa, 0xc1, 0x94, 0x1f,
    0xfc, 0x18, 0x83, 0x46, 0x1f, 0xf4, 0x41, 0xe4,
    0x83, 0xf9, 0x42, 0x1e, 0x85, 0x7, 0xcc, 0x61,
    0xfb, 0x24, 0x3d, 0x10, 0x7f, 0xa2, 0x43, 0x62,
    0x83, 0xfc, 0xa2, 0x41, 0x8d, 0x3f, 0x3, 0xf5,
    0x12, 0x61, 0x80, 0xb8, 0xb, 0x81, 0x20, 0xa8,
    0x15, 0xc0, 0xae, 0x5, 0x11, 0xf, 0xfe, 0x32,
    0x1f, 0xfe, 0x10,

    /* U+6731 "朱" */
    0xf, 0xf5, 0x87, 0xff, 0xf, 0x43, 0xff, 0x8f,
    0x7, 0xff, 0x25, 0x10, 0xff, 0xe3, 0x20, 0xfc,
    0x9f, 0xf8, 0x3a, 0x17, 0x80, 0xbf, 0x83, 0x43,
    0x5c, 0x95, 0xf8, 0x32, 0x41, 0xff, 0xc7, 0xa0,
    0x7f, 0xf1, 0xef, 0x57, 0x92, 0xbf, 0x80, 0xbf,
    0xc0, 0x5f, 0xe0, 0x7f, 0xe0, 0xd7, 0xfc, 0x1f,
    0xd0, 0x68, 0x3f, 0xf8, 0x72, 0x24, 0x61, 0xff,
    0xc1, 0x93, 0x2, 0x8c, 0x3f, 0xe9, 0x30, 0xd2,
    0x68, 0x7e, 0xd3, 0xf, 0x50, 0xa0, 0x75, 0x8e,
    0x1f, 0x98, 0x74, 0x1a, 0x30, 0x7f, 0x9d, 0x24,
    0x2e, 0xf, 0xfe, 0xd, 0x4, 0xb0, 0xff, 0xe2,
    0x38, 0x10, 0xff, 0xe4, 0x0,

    /* U+673A "机" */
    0xd, 0xc1, 0xff, 0xce, 0xaf, 0xc1, 0xff, 0xc2,
    0x5f, 0xc1, 0xff, 0xc4, 0xfc, 0x1f, 0x54, 0x35,
    0x7, 0xff, 0x9, 0x60, 0x2c, 0x1f, 0xfc, 0x2f,
    0x87, 0xe0, 0xff, 0xe2, 0x41, 0xff, 0xc9, 0x44,
    0x3f, 0xf8, 0xc8, 0x58, 0x7f, 0xf1, 0x70, 0xda,
    0x1f, 0xfc, 0x35, 0xe, 0x41, 0xff, 0xc2, 0x88,
    0x2d, 0xf, 0xfe, 0xa, 0xc1, 0xd0, 0x10, 0xff,
    0xe0, 0x41, 0xe4, 0x3f, 0xdc, 0xc1, 0xfd, 0x87,
    0xfc, 0x87, 0xd8, 0x87, 0xff, 0x1d, 0xf, 0xfe,
    0x44, 0x41, 0xff, 0xc6, 0x50, 0x87, 0xde, 0x30,
    0xfa, 0x20, 0xf4, 0x19, 0xf, 0xa5, 0x7, 0x9f,
    0xc1, 0xdc, 0x30, 0x7f, 0xf0, 0x40,

    /* U+675C "杜" */
    0xf, 0xfe, 0x77, 0x83, 0xf7, 0x83, 0xff, 0xfb,
    0x50, 0x2a, 0xf, 0xfe, 0x12, 0xc0, 0x58, 0x3f,
    0xf8, 0x5e, 0x81, 0xf0, 0x7f, 0xf2, 0xaf, 0xc0,
    0xfe, 0xd, 0x7, 0x6b, 0x82, 0x5c, 0x12, 0x16,
    0x8d, 0x60, 0x75, 0x82, 0xc3, 0x48, 0x7f, 0xf0,
    0xd8, 0x19, 0x21, 0xff, 0xc1, 0xc4, 0x2d, 0x41,
    0xff, 0xc0, 0x48, 0x3a, 0xf, 0xfe, 0xe, 0x21,
    0xff, 0xc7, 0xb0, 0xff, 0xfe, 0x35, 0xc0, 0xae,
    0x43, 0xf6, 0xbc, 0x5, 0xec, 0x3f, 0x5f, 0xff,
    0xc0, 0x83, 0xff, 0x94,

    /* U+675F "束" */
    0xf, 0xf7, 0x83, 0xff, 0xab, 0xff, 0xc0, 0xff,
    0xe0, 0xff, 0xe6, 0x7f, 0xf0, 0x3f, 0xf8, 0x3f,
    0xf9, 0xd5, 0xf0, 0x2b, 0xe0, 0xe5, 0xfc, 0x5,
    0xfc, 0x1e, 0xbf, 0x81, 0xfd, 0x7, 0xff, 0xa3,
    0xae, 0x5, 0x76, 0x1f, 0x97, 0xc0, 0x5f, 0x7,
    0x9f, 0xf0, 0x6f, 0xf2, 0x1f, 0xec, 0x36, 0x1f,
    0xfc, 0x27, 0x20, 0x46, 0x1f, 0xfc, 0x6, 0x24,
    0xc, 0x68, 0x7f, 0x71, 0x21, 0x98, 0xb0, 0xf5,
    0x83, 0x43, 0xce, 0x9c, 0x7, 0x4b, 0xf, 0xf5,
    0x7, 0x51, 0x68, 0x7f, 0xf0, 0x1e, 0x13, 0x43,
    0xff, 0x88, 0xe0,

    /* U+6761 "条" */
    0xf, 0xfe, 0x8f, 0x7, 0xff, 0x1f, 0x30, 0xff,
    0xe3, 0x60, 0xbf, 0xfa, 0xf, 0x38, 0xd7, 0xe4,
    0x3f, 0x50, 0x8, 0xbe, 0x11, 0x83, 0x49, 0xe2,
    0x81, 0x3c, 0x50, 0x39, 0x58, 0x35, 0x77, 0x16,
    0x87, 0xb8, 0x36, 0x4, 0x8, 0x7f, 0xcd, 0xe8,
    0x68, 0x37, 0xa5, 0x1, 0xf4, 0x8d, 0xca, 0xf4,
    0x8d, 0x30, 0x9b, 0xd2, 0xf, 0x1, 0xbd, 0x44,
    0x79, 0xf, 0xfe, 0x12, 0xa0, 0x57, 0xf0, 0x2b,
    0xf2, 0x5, 0xfe, 0x2, 0xfe, 0xb, 0xff, 0x81,
    0xff, 0x90, 0xf5, 0x87, 0xdc, 0x1f, 0xe9, 0xf,
    0xe7, 0x43, 0xce, 0xac, 0x3e, 0xd2, 0x81, 0xa8,
    0x30, 0x7f, 0x58, 0xe9, 0x27, 0x14, 0xf0, 0x7d,
    0xc4, 0x53, 0xc, 0x85, 0x87, 0x9e, 0x0,

    /* U+6765 "来" */
    0xf, 0xfe, 0xa7, 0x7, 0xff, 0x5a, 0xbe, 0xc6,
    0xbf, 0x4, 0xbf, 0x82, 0x5f, 0xc1, 0x3f, 0xf8,
    0x7f, 0xf0, 0x75, 0x87, 0xfc, 0xe1, 0xf6, 0x61,
    0xfc, 0xc1, 0xf9, 0x46, 0x1f, 0xa3, 0xf, 0xd2,
    0x21, 0xec, 0x83, 0xfd, 0x44, 0x3d, 0x44, 0x39,
    0xfe, 0xbe, 0x1f, 0x53, 0xf8, 0xc3, 0xff, 0x93,
    0x7f, 0xd0, 0x6f, 0xfc, 0x1f, 0x98, 0x36, 0x1f,
    0xfc, 0x26, 0x21, 0x46, 0x1f, 0xfc, 0x6, 0x24,
    0x12, 0x61, 0xfe, 0xe3, 0x43, 0x49, 0xc1, 0xe7,
    0x6, 0x1f, 0x50, 0x74, 0xf, 0xe, 0x1f, 0xce,
    0xb, 0x30, 0x70, 0x7f, 0xf0, 0x38, 0x2a, 0x61,
    0xff, 0xc3, 0x7c, 0x4, 0x3f, 0xf9, 0x0,

    /* U+6768 "杨" */
    0xa, 0xc3, 0xff, 0x9b, 0xff, 0xe4, 0x3f, 0xfa,
    0x7f, 0xe4, 0x12, 0x34, 0x4a, 0x83, 0x9d, 0x34,
    0x1a, 0x80, 0xb0, 0x6a, 0x16, 0x1a, 0xf2, 0x7c,
    0x7, 0x4d, 0xf, 0xc8, 0x75, 0x7, 0xf, 0xe4,
    0x8, 0x24, 0xf, 0xfd, 0x2, 0x4, 0x9a, 0x80,
    0xa0, 0x28, 0x3f, 0x4a, 0xb2, 0xa1, 0xa0, 0x50,
    0x99, 0x26, 0x22, 0x61, 0xca, 0xb, 0x50, 0xa0,
    0x62, 0x17, 0x10, 0x68, 0x88, 0x8, 0x48, 0x48,
    0x79, 0x60, 0x22, 0x1d, 0xc1, 0xe8, 0x81, 0x10,
    0x72, 0x1c, 0xe6, 0x4, 0x43, 0x90, 0xf4, 0x41,
    0x44, 0x16, 0x1f, 0xa8, 0x83, 0x20, 0xc8, 0x7e,
    0x50, 0x31, 0x55, 0x61, 0xff, 0xc0, 0xc1, 0xb,
    0xe, 0x1f, 0xed, 0xc1, 0xfa, 0xe, 0xb0, 0xe8,
    0x3f, 0xc0,

    /* U+676F "杯" */
    0xf, 0xfe, 0x7f, 0x83, 0xff, 0x9d, 0xff, 0xfc,
    0x8, 0x3f, 0xfa, 0xbf, 0xd0, 0xfe, 0x81, 0xf0,
    0x3d, 0x7, 0x44, 0x1f, 0xfc, 0x24, 0x3f, 0xf8,
    0x7f, 0x3, 0xe0, 0xd0, 0x87, 0xfa, 0xf, 0xe4,
    0x3f, 0xf8, 0x8, 0x20, 0xe8, 0x25, 0x7, 0xc8,
    0x4c, 0x12, 0x80, 0xd0, 0x3e, 0xc2, 0x56, 0x8,
    0x86, 0x30, 0xe5, 0x40, 0x94, 0x42, 0x80, 0xa2,
    0xd, 0x8, 0x54, 0x51, 0x6, 0x85, 0x1, 0x10,
    0xf4, 0x41, 0xec, 0x83, 0x41, 0xd8, 0xa0, 0xfa,
    0x31, 0x83, 0xa1, 0x83, 0xf2, 0xc0, 0x43, 0xa6,
    0xf, 0xf5, 0x3, 0xfa, 0xf, 0xff, 0xf8, 0x7f,
    0xf4, 0xc0,

    /* U+677E "松" */
    0xf, 0xfe, 0x77, 0x7, 0xfa, 0x43, 0xff, 0x89,
    0xc0, 0x70, 0xff, 0xe1, 0xa6, 0x12, 0x1f, 0xfc,
    0x38, 0x40, 0x87, 0xaa, 0x1a, 0x82, 0x42, 0x88,
    0x32, 0xc0, 0x50, 0x22, 0xe, 0x43, 0x7a, 0x1f,
    0x4b, 0x7, 0x44, 0x1d, 0x87, 0x44, 0x1c, 0x8a,
    0xc, 0x86, 0x88, 0xa, 0xb, 0x20, 0x90, 0x28,
    0x44, 0x14, 0xc, 0x90, 0x30, 0xa9, 0xe0, 0xfe,
    0x98, 0x54, 0x23, 0x5, 0x10, 0x74, 0x8, 0x41,
    0x87, 0x22, 0x1f, 0x22, 0x1b, 0x80, 0x88, 0x28,
    0x1e, 0x83, 0xf4, 0x60, 0x50, 0x66, 0xf, 0xc8,
    0x10, 0x44, 0x19, 0xf, 0xd1, 0x4, 0x88, 0x7f,
    0xf0, 0x10, 0x21, 0x91, 0xf, 0xfa, 0x25, 0xa8,
    0x90, 0x7f, 0xf0, 0x6b, 0x28, 0x24, 0x3f, 0xf8,
    0xb, 0x53, 0xd1, 0x87, 0xfb, 0xd5, 0x28, 0x9,
    0x80,

    /* U+677F "板" */
    0x9, 0xc3, 0xff, 0x91, 0x87, 0xf2, 0xd7, 0xd0,
    0x7f, 0xbf, 0x54, 0x81, 0xc3, 0xff, 0x80, 0xb5,
    0x3e, 0x90, 0x51, 0x2a, 0x3, 0x52, 0x83, 0xcb,
    0x1, 0x60, 0xff, 0xe1, 0x3e, 0x5, 0xe0, 0xff,
    0xe3, 0xa1, 0x9f, 0xfe, 0x42, 0x40, 0x87, 0xcb,
    0xc1, 0xe8, 0x12, 0x13, 0x1d, 0x60, 0x21, 0xf4,
    0x84, 0x98, 0x72, 0x14, 0x24, 0x49, 0x8a, 0x9,
    0x30, 0x94, 0x7, 0x43, 0x62, 0x8, 0x41, 0x10,
    0x68, 0x32, 0x42, 0x21, 0x90, 0xf6, 0x20, 0x8a,
    0x10, 0x5c, 0x1e, 0x43, 0x22, 0x41, 0x90, 0xff,
    0xe0, 0xa0, 0x43, 0xfe, 0x48, 0x29, 0x6, 0x1f,
    0xf4, 0x20, 0xd3, 0x4d, 0xf, 0xc8, 0x4e, 0xc,
    0x92, 0x81, 0xf4, 0x74, 0x1c, 0x2a, 0xa, 0xf,
    0x49, 0x1c, 0x1c, 0xea, 0xa, 0xc6, 0x6, 0x1f,
    0xd0,

    /* U+6784 "构" */
    0xf, 0xfe, 0x63, 0xa1, 0xde, 0xf, 0xfe, 0x42,
    0x1f, 0xfc, 0x68, 0x83, 0xff, 0x8c, 0x9f, 0xfc,
    0x54, 0x54, 0x42, 0xfe, 0x9, 0x41, 0x2e, 0x2b,
    0xf0, 0x5e, 0x4b, 0xd1, 0x8, 0x7f, 0xc8, 0x48,
    0xb4, 0x87, 0xf2, 0xc, 0x68, 0x42, 0x1e, 0x41,
    0x81, 0x84, 0x24, 0x43, 0xf2, 0x80, 0xc0, 0x88,
    0xa0, 0x7a, 0x32, 0x58, 0x50, 0x14, 0x1e, 0x50,
    0x54, 0x63, 0x4, 0x41, 0xa2, 0xc, 0x88, 0x86,
    0x43, 0x90, 0xf4, 0xa, 0x78, 0x8, 0x54, 0xf,
    0xe5, 0x1, 0x20, 0xff, 0xaf, 0xf5, 0x10, 0xff,
    0xe3, 0xb2, 0x61, 0xff, 0xc6, 0xc3, 0xff, 0x87,
    0xfc, 0x88, 0x7f, 0xf1, 0xe0, 0xff, 0xe1, 0x7f,
    0x90,

    /* U+6790 "析" */
    0xd, 0xc1, 0xff, 0xd2, 0x55, 0xf4, 0x1f, 0xf7,
    0xea, 0x20, 0x70, 0xff, 0xe0, 0xb5, 0x7d, 0x20,
    0xa8, 0x6a, 0xa, 0x58, 0x3e, 0x58, 0xa, 0xf,
    0xfe, 0x1f, 0xa1, 0xf4, 0x1f, 0xfc, 0x4c, 0x3f,
    0xf9, 0x28, 0x87, 0xbf, 0xfa, 0x2, 0x16, 0x1f,
    0xfc, 0x24, 0x18, 0x6c, 0x37, 0xe4, 0xfc, 0x6,
    0x18, 0xc3, 0xff, 0x85, 0x8, 0x19, 0x2, 0x1f,
    0xf2, 0x83, 0x30, 0x7f, 0xf0, 0xe0, 0xff, 0xe4,
    0x41, 0xf2, 0x61, 0xff, 0x21, 0xf6, 0x21, 0xff,
    0xc7, 0x43, 0xff, 0x90, 0x88, 0x7f, 0xf1, 0xe2,
    0xf, 0xfe, 0x34, 0x21, 0xff, 0xc7, 0x88, 0x3f,
    0xf8, 0x9c, 0xc, 0x3e, 0xb0, 0xc0,

    /* U+6797 "林" */
    0xc, 0xe8, 0x7d, 0x61, 0xff, 0xc8, 0x43, 0xff,
    0xd1, 0x58, 0xac, 0xd4, 0xa, 0xe0, 0x2c, 0x12,
    0x80, 0xb0, 0x17, 0x81, 0xf0, 0x2f, 0x4f, 0xa0,
    0x5f, 0x83, 0xff, 0x85, 0x83, 0xf, 0xd0, 0x30,
    0xf2, 0x4, 0x3f, 0x20, 0x70, 0xc8, 0x64, 0x3c,
    0x88, 0x58, 0x52, 0x6, 0xf, 0x46, 0x50, 0xc4,
    0x81, 0x8, 0x68, 0x82, 0x68, 0x48, 0x74, 0x19,
    0x10, 0xca, 0x88, 0x34, 0x40, 0x48, 0x3c, 0xb0,
    0x72, 0xe1, 0x60, 0xf4, 0x41, 0xe8, 0x81, 0x7,
    0xb3, 0xf, 0xd1, 0x7, 0xe6, 0xf, 0xe5, 0x41,
    0xfa, 0x43, 0xfd, 0x7, 0xff, 0xdc,

    /* U+679C "果" */
    0xf, 0xfe, 0x6f, 0xff, 0xf1, 0x3, 0xf2, 0xf0,
    0x17, 0x83, 0xf9, 0xae, 0x5, 0x72, 0x1f, 0xfd,
    0x27, 0xf8, 0x1f, 0xc8, 0x7f, 0x57, 0x2, 0xb8,
    0x3f, 0x97, 0xc0, 0x5f, 0x7, 0xff, 0x49, 0xfe,
    0x7, 0xf2, 0x1f, 0x2f, 0xc0, 0x5f, 0x83, 0xd5,
    0xf0, 0x2b, 0xe0, 0xd5, 0xfc, 0xa, 0xfe, 0x2,
    0xff, 0x1, 0x7f, 0x81, 0xff, 0x41, 0xaf, 0xf8,
    0x3f, 0x30, 0x69, 0xf, 0xfe, 0xd, 0xc, 0x19,
    0x40, 0xff, 0x3a, 0xb0, 0xda, 0xb4, 0x3c, 0xf1,
    0x40, 0xf5, 0xb, 0x80, 0xf0, 0xe8, 0x7e, 0x74,
    0x75, 0xf, 0x7, 0xff, 0x2, 0xd1, 0x38, 0x3f,
    0xf8, 0x96, 0x0,

    /* U+67CF "柏" */
    0xf, 0xfe, 0x63, 0x87, 0xe7, 0x83, 0xf6, 0x1f,
    0xd9, 0x87, 0xff, 0x19, 0x10, 0xff, 0xe1, 0x7e,
    0x7, 0xf0, 0xd1, 0x3a, 0x7, 0xff, 0x7, 0x50,
    0x4a, 0xb, 0xfe, 0x41, 0x78, 0x1f, 0x7, 0xff,
    0x62, 0x2, 0x1f, 0xfc, 0x54, 0x12, 0x1f, 0xfc,
    0x34, 0x35, 0x2, 0xaf, 0x90, 0xa1, 0x21, 0x9,
    0x7e, 0x9, 0x20, 0x3c, 0x17, 0xfc, 0x82, 0x10,
    0xc8, 0x7f, 0xf0, 0x58, 0x3f, 0xf8, 0xf2, 0x1f,
    0xff, 0xcf, 0xf9, 0xf, 0xfe, 0xb7, 0xfc, 0x87,
    0xff, 0x2c,

    /* U+67D0 "某" */
    0xe, 0x43, 0xfc, 0x87, 0xf5, 0x3, 0xf9, 0x90,
    0xff, 0xe7, 0x3f, 0x27, 0xff, 0x45, 0xf0, 0xb8,
    0xb, 0xfc, 0x5, 0xc0, 0xa9, 0x2b, 0xfc, 0x75,
    0x7, 0xd2, 0xfe, 0xc3, 0xff, 0x80, 0xd7, 0xe4,
    0x3f, 0xf8, 0x1f, 0xfd, 0x7, 0xff, 0x5a, 0xbf,
    0xb0, 0xff, 0xe0, 0x2f, 0xf8, 0x3f, 0xd7, 0xf0,
    0x3f, 0x90, 0xff, 0xe7, 0x3f, 0xfc, 0xf, 0xfe,
    0x17, 0xf8, 0x32, 0xfe, 0x5, 0x7c, 0x86, 0x6b,
    0xe0, 0xf9, 0xc8, 0x11, 0xa1, 0xff, 0x71, 0xa0,
    0x62, 0xd0, 0xf3, 0x63, 0x87, 0x3a, 0x5a, 0x7,
    0x92, 0x81, 0xfa, 0x80, 0xb4, 0x2b, 0x43, 0xfc,
    0xf2, 0x2b, 0xc8, 0x7f, 0xf0, 0x9b, 0x0,

    /* U+67E5 "查" */
    0xf, 0xf2, 0x83, 0xff, 0x91, 0x40, 0xff, 0xea,
    0xff, 0xf0, 0x3f, 0xf8, 0xb, 0xf0, 0x72, 0xfe,
    0x5, 0x7b, 0xe, 0x7a, 0xf0, 0x79, 0xe7, 0x6,
    0x50, 0x3f, 0x9e, 0x28, 0x1b, 0x57, 0x21, 0xae,
    0x1d, 0xf, 0x5a, 0xae, 0x14, 0x3c, 0x1b, 0xc1,
    0xa8, 0x88, 0xdd, 0xff, 0xfc, 0x1a, 0x70, 0x10,
    0x9a, 0xff, 0x6, 0x43, 0xda, 0xff, 0xc1, 0xfe,
    0xbf, 0xfc, 0x87, 0xf9, 0xaf, 0xf0, 0x7f, 0xda,
    0xff, 0xc1, 0xfe, 0xaf, 0xf9, 0xf, 0xf9, 0x7f,
    0xc1, 0xfe, 0xff, 0xfe, 0x10, 0x7f, 0xf3, 0xff,
    0xff, 0x90, 0x5, 0xff, 0xe4, 0x0,

    /* U+67EF "柯" */
    0x9, 0xc3, 0xff, 0x94, 0x82, 0xbf, 0xf8, 0x28,
    0x7e, 0x5f, 0xfe, 0xe, 0x1f, 0xbf, 0xfc, 0x3c,
    0xfa, 0x2f, 0x7, 0xff, 0x61, 0xf2, 0x5e, 0x2b,
    0xc1, 0xfe, 0x43, 0x97, 0xc1, 0xfc, 0x82, 0xd,
    0x79, 0xf, 0xf6, 0x16, 0x1f, 0xfc, 0x54, 0x9,
    0xa1, 0xff, 0xc2, 0x84, 0xe1, 0xf, 0xfe, 0x12,
    0xb0, 0x38, 0x7f, 0xf0, 0xa2, 0xf, 0xfe, 0x3e,
    0x87, 0xeb, 0xc8, 0x7e, 0x60, 0xf9, 0x7c, 0x1f,
    0xfc, 0x4a, 0xf0, 0x7f, 0xf8, 0x90, 0xff, 0xe2,
    0xfe, 0x8c, 0x3f, 0xf9, 0xa, 0xf, 0xfe, 0x1f,
    0xf4, 0x10,

    /* U+67F3 "柳" */
    0xf, 0xfe, 0x63, 0x87, 0xd6, 0x1f, 0xec, 0x3a,
    0xf2, 0xa, 0xe4, 0x3f, 0x68, 0xd8, 0xbd, 0x87,
    0xfb, 0x90, 0x9f, 0x5, 0x44, 0xa2, 0x20, 0xd0,
    0xfc, 0xa0, 0x28, 0x3f, 0xf8, 0x7e, 0x4f, 0x21,
    0xff, 0xc4, 0x43, 0xff, 0x8e, 0x82, 0xf, 0xfe,
    0x2e, 0x6, 0xf, 0xfe, 0x22, 0x5, 0x83, 0xff,
    0x84, 0x89, 0x44, 0x3f, 0xf8, 0x52, 0x12, 0x13,
    0x87, 0xf2, 0x41, 0xe6, 0xf, 0xf9, 0xe, 0x41,
    0x40, 0xfe, 0x60, 0xe7, 0xce, 0x21, 0x50, 0x3f,
    0xf8, 0x28, 0x72, 0x88, 0x3f, 0xc8, 0x86, 0xf8,
    0x3f, 0xe8, 0x83, 0xff, 0x88, 0xe4, 0x1f, 0xfc,
    0x46, 0x14, 0x1f, 0xfc, 0x44, 0xa0, 0x7f, 0xf0,
    0x6c, 0x2d, 0xe, 0xe0, 0xc0,

    /* U+6807 "标" */
    0x9, 0xd0, 0xff, 0xe6, 0xd7, 0xfc, 0x87, 0xf9,
    0x7f, 0xe0, 0xff, 0xbf, 0xfe, 0x41, 0x51, 0x50,
    0x7f, 0xf0, 0x96, 0x9, 0x41, 0xff, 0xc2, 0x7c,
    0x97, 0x83, 0xff, 0x8a, 0x86, 0xaf, 0xfe, 0xa,
    0x4, 0x39, 0x7f, 0xf8, 0x21, 0x60, 0x93, 0xfc,
    0x3f, 0xc8, 0x10, 0xa4, 0x3f, 0xf8, 0x70, 0x91,
    0x2, 0x43, 0x98, 0x32, 0xb0, 0x68, 0x1c, 0x3a,
    0x42, 0x88, 0x34, 0x46, 0x1d, 0x8, 0x48, 0x7c,
    0x88, 0x72, 0x40, 0xe0, 0xf2, 0x21, 0xf2, 0x12,
    0x1f, 0x64, 0x1f, 0x64, 0x1f, 0xca, 0xf, 0xc8,
    0x87, 0xe8, 0xc3, 0xf9, 0x10, 0xfb, 0x10, 0x90,
    0xe8, 0x3f, 0x9c, 0xbd, 0x18, 0x6d, 0xf, 0xf6,
    0x12, 0x83, 0xc0,

    /* U+6808 "栈" */
    0xa, 0xc3, 0xde, 0x4, 0x1f, 0xfc, 0x97, 0xf,
    0xfe, 0x46, 0x68, 0x7f, 0xf1, 0xf5, 0x4, 0xd1,
    0x3a, 0x4, 0x8b, 0x47, 0xc6, 0xa0, 0x96, 0xf2,
    0x54, 0xa1, 0x45, 0xe4, 0xf8, 0x8, 0x1b, 0xf5,
    0x3, 0x21, 0x9e, 0x86, 0x87, 0xf2, 0x4, 0x3e,
    0xc2, 0x55, 0x10, 0x40, 0x90, 0x2b, 0x1f, 0xa8,
    0xa0, 0x21, 0xab, 0x90, 0x2a, 0x9f, 0x26, 0x24,
    0xae, 0xf0, 0x28, 0xb6, 0x5, 0x40, 0x6d, 0x40,
    0x43, 0x50, 0x2c, 0x43, 0xfb, 0x13, 0x4c, 0x1c,
    0x1f, 0xe4, 0xb1, 0xc2, 0x50, 0x7f, 0xa0, 0xa8,
    0xd, 0xf, 0xf5, 0xa0, 0x90, 0x21, 0xfc, 0xf9,
    0x1c, 0x82, 0xc4, 0x3e, 0x81, 0x70, 0x98, 0x14,
    0x1f, 0xa9, 0xa1, 0x40, 0xf1, 0x87, 0xe5, 0x7,
    0xb4, 0x12, 0x1f, 0xfc, 0x5b, 0xc8, 0x0,

    /* U+6821 "校" */
    0xf, 0xfe, 0x76, 0x87, 0xde, 0xf, 0xf2, 0x1f,
    0xd0, 0x87, 0xff, 0x1d, 0x20, 0xff, 0xe1, 0x5f,
    0xc0, 0xfe, 0x4a, 0x8a, 0xb5, 0xff, 0xe0, 0x8a,
    0x9, 0x6a, 0xba, 0xba, 0xc0, 0xf2, 0x5e, 0xb,
    0x82, 0xb0, 0xf9, 0xf, 0x22, 0x14, 0x61, 0xc8,
    0x30, 0xd1, 0x4, 0xa2, 0xd, 0x81, 0x81, 0x90,
    0x74, 0x28, 0x24, 0x26, 0xc7, 0xc, 0xd0, 0x81,
    0x11, 0x28, 0x75, 0x5, 0xab, 0x40, 0xa0, 0xaf,
    0x49, 0x4, 0x85, 0x11, 0x87, 0xe4, 0x88, 0x83,
    0xc8, 0x7e, 0x86, 0x58, 0x35, 0x87, 0xfa, 0x12,
    0xf, 0xfe, 0x2a, 0x1f, 0xfc, 0x87, 0xb, 0xf,
    0xfe, 0x1d, 0xb, 0x4e, 0xf, 0xfa, 0xd3, 0x4a,
    0xf, 0x7, 0xed, 0x1c, 0x33, 0xa2, 0x83, 0xe9,
    0xe0, 0xfa, 0xd4,

    /* U+6837 "样" */
    0xf, 0xfe, 0x77, 0x7, 0x61, 0xce, 0x87, 0xff,
    0xb, 0xd, 0x8, 0x7f, 0xf0, 0x51, 0x2, 0x21,
    0xff, 0xc2, 0x90, 0xa2, 0xd, 0x50, 0xd0, 0xf9,
    0xbc, 0xf, 0x91, 0x60, 0x2f, 0xe0, 0x2f, 0x3,
    0xd0, 0xf9, 0xae, 0x5, 0x72, 0x16, 0x1f, 0xfc,
    0x94, 0x43, 0xff, 0x8c, 0x85, 0x82, 0xfc, 0xf,
    0xd0, 0x50, 0x6d, 0xf, 0xfe, 0x12, 0x43, 0x82,
    0xfc, 0xf, 0xd0, 0x21, 0xb, 0x43, 0xff, 0x82,
    0x90, 0x7f, 0xf1, 0xd1, 0xe, 0xff, 0x3, 0xfa,
    0x30, 0xff, 0xe3, 0xa1, 0xfb, 0xfc, 0xf, 0xf0,
    0x7f, 0xff, 0xc3, 0xff, 0xae,

    /* U+6839 "根" */
    0x9, 0x83, 0xff, 0x91, 0xa1, 0xff, 0xce, 0xff,
    0xf4, 0x1f, 0xfc, 0x15, 0xf8, 0x3f, 0xf8, 0x4d,
    0x7c, 0x19, 0xa2, 0x74, 0xf, 0xfe, 0x1a, 0x82,
    0x50, 0x1a, 0xf8, 0x33, 0xe0, 0x7c, 0x12, 0xfc,
    0x1f, 0xfc, 0x27, 0xfe, 0xf, 0x41, 0xff, 0xc9,
    0x41, 0x87, 0xff, 0x15, 0xd, 0x84, 0xff, 0xc1,
    0xd0, 0x91, 0xa0, 0x50, 0xbd, 0x81, 0x10, 0x3c,
    0x8d, 0x1, 0x5b, 0x4, 0x41, 0x90, 0xe5, 0x1,
    0xd4, 0x30, 0x7f, 0xd1, 0x51, 0xa4, 0x87, 0xff,
    0x1, 0x76, 0x1f, 0xfc, 0x58, 0x18, 0x7f, 0xf1,
    0x5b, 0x28, 0x1f, 0xfc, 0x27, 0x93, 0x1d, 0xf,
    0xe8, 0x62, 0xc1, 0xa4, 0x1f, 0xf3, 0xe4, 0x35,
    0xc1, 0xac, 0x2b, 0x83, 0xf9, 0x0,

    /* U+683C "格" */
    0xf, 0xfe, 0x6b, 0x87, 0xdc, 0x1f, 0xfc, 0x14,
    0x3a, 0x30, 0xff, 0xe3, 0xa5, 0xfe, 0xf, 0xfe,
    0x6, 0x2f, 0x83, 0xbd, 0x17, 0x10, 0x2b, 0x81,
    0x7, 0xf9, 0x63, 0x9, 0x70, 0x5e, 0x4b, 0xa3,
    0x42, 0x18, 0x83, 0xc8, 0x6a, 0xc, 0xf1, 0x87,
    0x90, 0x60, 0x42, 0x42, 0x83, 0xec, 0xe, 0x1a,
    0xc2, 0xa0, 0x79, 0x2, 0x6d, 0xa5, 0xe5, 0x7a,
    0x2, 0x27, 0x32, 0x5a, 0xb, 0x45, 0x13, 0x81,
    0x9f, 0x21, 0xeb, 0x98, 0xc3, 0xa9, 0xff, 0xd2,
    0x5, 0x7, 0xe5, 0xf8, 0x35, 0x3, 0xfa, 0xbe,
    0xf, 0xff, 0x7d, 0x7c, 0x1f, 0xfc, 0x35, 0xf8,
    0x3f, 0xf8, 0x7f, 0xf0, 0x7f, 0xf4, 0x5d, 0xa,
    0xc3, 0xee, 0x0,

    /* U+684C "桌" */
    0xf, 0xf2, 0x1f, 0xfc, 0x9a, 0x7, 0xff, 0x25,
    0xaf, 0xc8, 0x7f, 0xf0, 0x57, 0xf6, 0x1f, 0xfc,
    0x7, 0xff, 0x41, 0x97, 0xd0, 0xbf, 0x83, 0xd5,
    0xe4, 0x15, 0xf0, 0x7e, 0xff, 0xfe, 0x0, 0x7f,
    0xf5, 0x3f, 0xff, 0x80, 0x1f, 0xea, 0xff, 0xe0,
    0x7, 0xf9, 0x7f, 0xf8, 0x1, 0xfe, 0xff, 0xfe,
    0x0, 0x7e, 0xaf, 0x81, 0x5f, 0x7, 0x97, 0xe0,
    0x2f, 0xc1, 0xbf, 0xf8, 0x1f, 0xfc, 0x5, 0xfc,
    0x19, 0x7f, 0x2, 0xbd, 0xa1, 0x9a, 0xf8, 0x3e,
    0xa1, 0x83, 0x38, 0x3f, 0x9b, 0x56, 0x1b, 0x57,
    0x21, 0xae, 0x57, 0x7, 0xad, 0x57, 0xa, 0x1e,
    0xf, 0xf5, 0xa2, 0xde, 0x83, 0xff, 0x85, 0x72,

    /* U+6881 "梁" */
    0xf, 0xfe, 0x63, 0x87, 0xff, 0x2b, 0x81, 0xff,
    0xf0, 0x73, 0xaa, 0x2b, 0x2, 0xa0, 0xf4, 0xa,
    0x85, 0xc2, 0xe1, 0x9, 0x5c, 0x20, 0xb0, 0xb0,
    0xe4, 0xe, 0x38, 0x16, 0x11, 0xc, 0xc8, 0x5c,
    0x82, 0x22, 0xf, 0x44, 0x84, 0xd0, 0x18, 0x90,
    0x7b, 0x30, 0xda, 0x63, 0x8, 0x48, 0x9c, 0x16,
    0x40, 0xa1, 0xb5, 0x83, 0xec, 0xd5, 0xa6, 0x5,
    0x88, 0x3b, 0x30, 0xd6, 0xb7, 0xe4, 0x3a, 0xc2,
    0x74, 0xa0, 0x7f, 0xdd, 0x7e, 0x5, 0x7f, 0x1,
    0x7f, 0x80, 0xbf, 0xc0, 0xff, 0x90, 0xef, 0xf8,
    0x3e, 0x76, 0x4, 0x68, 0x7f, 0xd4, 0x24, 0xc,
    0x50, 0x3e, 0x6d, 0x5a, 0x19, 0xd5, 0xe4, 0x2e,
    0x57, 0x7, 0xeb, 0x4b, 0x40, 0xf0, 0x7f, 0xf0,
    0x2d, 0x13, 0x83, 0xff, 0x89, 0x60,

    /* U+6885 "梅" */
    0xa, 0xc3, 0x9c, 0x3f, 0xf9, 0x10, 0x7f, 0xf2,
    0x10, 0x7f, 0xf0, 0x7f, 0xa1, 0x7f, 0xc0, 0xa2,
    0x50, 0x8a, 0xff, 0x80, 0xa0, 0x2a, 0x58, 0x3f,
    0xf8, 0x1e, 0x7, 0x91, 0xff, 0xf0, 0x7f, 0x70,
    0x17, 0xe0, 0xf2, 0x4, 0x8, 0xda, 0x54, 0x21,
    0xa0, 0x50, 0x39, 0x9c, 0x3f, 0xe9, 0xb, 0x3,
    0xc1, 0xf4, 0x23, 0xf1, 0x7e, 0xbc, 0x3c, 0x30,
    0x65, 0xb, 0xf8, 0xf, 0x8, 0x68, 0x14, 0x5,
    0x61, 0x9e, 0xf, 0xf6, 0xe1, 0xf2, 0x83, 0xfc,
    0xe2, 0x16, 0x1f, 0xe4, 0xac, 0xf4, 0x38, 0x3f,
    0xe5, 0xfc, 0x2c, 0x1f, 0xbf, 0xfa, 0x2d, 0xf,
    0xfe, 0xd, 0x70, 0x87, 0xff, 0xd, 0x71, 0x7,
    0xff, 0x13, 0xf9, 0x8,

    /* U+68C0 "检" */
    0x9, 0xd0, 0xfa, 0xd0, 0xff, 0xe3, 0x28, 0x83,
    0xff, 0x8d, 0x39, 0x7, 0xff, 0x13, 0x22, 0x50,
    0x77, 0xa2, 0xe0, 0x64, 0x5, 0x48, 0x7f, 0x93,
    0x24, 0x28, 0xa0, 0x5e, 0x4b, 0xb2, 0x43, 0xb1,
    0x83, 0x21, 0x43, 0xd7, 0xc8, 0xc0, 0x43, 0x58,
    0xbf, 0xdb, 0x3, 0x4, 0xa2, 0xff, 0xe2, 0x9,
    0xa, 0x44, 0x28, 0x32, 0x82, 0x44, 0x8a, 0x82,
    0x50, 0x5c, 0x14, 0xe0, 0xf4, 0x21, 0x41, 0x28,
    0x11, 0x7, 0xd8, 0x10, 0x93, 0x6, 0x87, 0xca,
    0x6, 0x26, 0x20, 0x60, 0xfb, 0x11, 0x31, 0x41,
    0xff, 0xc0, 0x4c, 0xe, 0x98, 0x7f, 0xf0, 0x68,
    0x9, 0x84, 0x3f, 0xf8, 0x28, 0x79, 0xf, 0xfb,
    0xff, 0x87, 0xe4, 0x3e, 0x5f, 0xfe, 0x10, 0x7e,
    0xaf, 0xfe, 0x12,

    /* U+69FD "槽" */
    0xa, 0xc3, 0xce, 0x7, 0xf, 0xfe, 0x2, 0xec,
    0x56, 0x2e, 0xf, 0xd5, 0x92, 0x89, 0x5c, 0x1f,
    0x7e, 0x4f, 0x27, 0xe8, 0xf2, 0x78, 0x3f, 0xf9,
    0x4f, 0xc9, 0xe4, 0xfa, 0x7, 0x81, 0xe4, 0xb4,
    0xf2, 0x78, 0x39, 0xf, 0x68, 0x14, 0x5, 0x7,
    0x61, 0xe6, 0x4a, 0x25, 0x3, 0x90, 0x61, 0x5a,
    0x79, 0x3c, 0x19, 0xd, 0x83, 0x40, 0xa0, 0x28,
    0x34, 0x24, 0x43, 0x25, 0x12, 0x81, 0xd0, 0x1e,
    0xff, 0xfe, 0x4, 0x42, 0x1e, 0x5f, 0xf8, 0x28,
    0x3e, 0xaf, 0xf6, 0xd, 0xf, 0xd7, 0xfc, 0x19,
    0xf, 0xed, 0x7e, 0xf, 0xfe, 0x13, 0x5f, 0x7,
    0xff, 0xa, 0xff, 0x83, 0xff, 0x85, 0x7f, 0xc1,
    0xff, 0xc2, 0x6b, 0xe0, 0xff, 0xe1, 0x6b, 0xf0,
    0x7d, 0x61, 0xb4, 0x3e, 0xe0, 0x0,

    /* U+6A0A "樊" */
    0xd, 0xa0, 0x43, 0x20, 0x70, 0xff, 0xe0, 0x58,
    0x38, 0x3f, 0xe4, 0x36, 0x78, 0xc3, 0x21, 0xbd,
    0x17, 0x88, 0x11, 0x71, 0x78, 0x14, 0x46, 0x68,
    0xaa, 0x70, 0x1a, 0x1, 0x63, 0x76, 0xb2, 0xc0,
    0x94, 0x12, 0x9, 0x6c, 0x1c, 0x40, 0x83, 0xa0,
    0xa7, 0x68, 0x8b, 0xe, 0x16, 0x44, 0xec, 0xa8,
    0x9c, 0x8d, 0x44, 0x82, 0x8c, 0x9, 0x50, 0x1d,
    0x78, 0x33, 0x1e, 0x38, 0x3a, 0x4, 0x1c, 0xad,
    0xb4, 0x3f, 0xf8, 0xa, 0x4, 0x49, 0x1, 0x41,
    0xd5, 0x15, 0xc0, 0xae, 0x2a, 0x2, 0xff, 0x1,
    0x7f, 0x81, 0xff, 0x90, 0x5f, 0xf8, 0x3f, 0x94,
    0x9, 0xf, 0xfe, 0x1d, 0xf, 0x14, 0xf, 0xf9,
    0xf2, 0xb0, 0x6a, 0xe4, 0x3a, 0xf4, 0x34, 0xd,
    0x41, 0xbd, 0x1, 0x5, 0xc8, 0x79, 0xf2, 0x4,
    0x17, 0x90, 0xff, 0xe0, 0x5f, 0x0,

    /* U+6B21 "次" */
    0xf, 0xf9, 0xf, 0xfe, 0x2, 0x1f, 0x51, 0xf,
    0xf5, 0x10, 0xf2, 0x21, 0xfe, 0x88, 0x39, 0x10,
    0xff, 0xe0, 0x24, 0x1b, 0x1a, 0xfe, 0xa, 0x10,
    0xc8, 0x17, 0xf0, 0x74, 0x40, 0x8b, 0xfe, 0x83,
    0xc8, 0x4a, 0x11, 0x83, 0x44, 0x1d, 0xc4, 0x40,
    0xd0, 0x91, 0xf, 0xc8, 0xa0, 0x21, 0xa2, 0xf,
    0xca, 0x83, 0xf9, 0xf, 0xa0, 0x41, 0xe4, 0x1c,
    0x1e, 0x54, 0x1f, 0xb0, 0xff, 0x66, 0x1c, 0x81,
    0xf, 0xf2, 0x21, 0xd0, 0x48, 0x7e, 0x44, 0x39,
    0x6, 0x41, 0xfb, 0x30, 0xe8, 0x84, 0x83, 0xe4,
    0x43, 0x62, 0x88, 0x60, 0xe4, 0x43, 0x60, 0x82,
    0xc6, 0xd, 0x18, 0x1c, 0x18, 0x76, 0x30, 0x72,
    0x50, 0x70, 0xfb, 0x1c, 0x1c, 0x4, 0xa0, 0x7f,
    0x61, 0xc8, 0x3c, 0x87, 0xfd, 0xe0,

    /* U+6B22 "欢" */
    0xf, 0xfe, 0x2, 0x1f, 0xfc, 0x9b, 0xf, 0xfe,
    0x9f, 0xfd, 0x2, 0x20, 0xfe, 0x5e, 0xe, 0x4b,
    0xfe, 0x5, 0x78, 0xc3, 0xff, 0x8f, 0x89, 0x17,
    0xf8, 0x35, 0x2, 0x42, 0x44, 0x90, 0xd0, 0x4a,
    0xe, 0x88, 0xe, 0x8, 0x41, 0x10, 0x48, 0x88,
    0x79, 0x41, 0xa3, 0x88, 0xa0, 0x7c, 0xe1, 0x94,
    0x21, 0x28, 0x32, 0x9, 0xe, 0x80, 0x87, 0x90,
    0xff, 0xe0, 0x21, 0xfb, 0xf, 0xfe, 0x2, 0x28,
    0x39, 0x4, 0x1f, 0xa1, 0x20, 0xc8, 0xb0, 0x7e,
    0x4a, 0x10, 0x51, 0x64, 0x1e, 0x88, 0x45, 0x10,
    0x88, 0xa0, 0xca, 0x10, 0x43, 0x24, 0xc, 0x83,
    0x46, 0x13, 0xc9, 0x86, 0x8d, 0x12, 0xe, 0xd3,
    0xe, 0x62, 0x8c, 0x86, 0x81, 0x87, 0xcc, 0x62,
    0x1d, 0x4c, 0x3f, 0x9d,

    /* U+6B62 "止" */
    0xf, 0xf9, 0x83, 0xff, 0x91, 0xa8, 0x3f, 0xfd,
    0x94, 0xf, 0xfe, 0x42, 0x83, 0xff, 0xfb, 0x7f,
    0x90, 0xff, 0xec, 0x5f, 0xe4, 0x3f, 0xff, 0xe1,
    0xff, 0xff, 0xf, 0xfe, 0x7b, 0xf0, 0x3f, 0x92,
    0xff, 0x8c, 0x3f, 0xf9, 0x37, 0xff, 0xf2, 0x0,

    /* U+6B63 "正" */
    0x7, 0xff, 0xf1, 0xa0, 0xff, 0xe4, 0xa1, 0x7f,
    0xf0, 0x3f, 0xf0, 0x7f, 0xf9, 0x68, 0x1f, 0xfc,
    0x85, 0x7, 0xff, 0x9f, 0xfe, 0xf, 0xfe, 0xcf,
    0xfc, 0x1f, 0xff, 0xf0, 0xff, 0xf8, 0x7c, 0xf,
    0xe0, 0x7f, 0xe8, 0x3f, 0xf9, 0x7f, 0xff, 0xc8,
    0x80,

    /* U+6B64 "此" */
    0xf, 0xfe, 0x8d, 0x3, 0x78, 0x3f, 0xf8, 0x4a,
    0xf, 0xff, 0x7d, 0x87, 0xff, 0xd, 0x41, 0xff,
    0xc7, 0xa8, 0x3f, 0xf8, 0xd2, 0x41, 0xfe, 0xf8,
    0x36, 0x9a, 0x1f, 0xe5, 0x82, 0xc1, 0x87, 0xff,
    0x2, 0xa0, 0xce, 0x1f, 0xfc, 0x7a, 0x7, 0xff,
    0x21, 0xf, 0xff, 0xcb, 0xa1, 0xff, 0xc9, 0x43,
    0xfc, 0xc1, 0xf6, 0x1f, 0x30, 0x39, 0xf, 0xf9,
    0x47, 0x20, 0x54, 0x1f, 0x20, 0x60, 0x9b, 0xd4,
    0x44, 0xfc, 0x23, 0x4f, 0x48, 0x7a, 0x43, 0x30,

    /* U+6B7B "死" */
    0xf, 0xfe, 0x65, 0xff, 0xfc, 0x80, 0xff, 0xe6,
    0xdf, 0x45, 0xfc, 0x97, 0xf8, 0x3d, 0x88, 0x7f,
    0xf2, 0x14, 0x1f, 0xfc, 0x88, 0x6b, 0x83, 0xe7,
    0xf, 0x20, 0x5e, 0xf, 0x30, 0x86, 0x4b, 0xf0,
    0x87, 0x31, 0x21, 0xa1, 0x9, 0x30, 0xd4, 0x24,
    0x36, 0x4, 0x2c, 0x42, 0x93, 0x43, 0x21, 0x48,
    0x10, 0xf3, 0x87, 0xa3, 0xc4, 0xc4, 0x19, 0x83,
    0xf4, 0xc, 0x50, 0x86, 0xc3, 0xf6, 0x85, 0xc4,
    0x1f, 0xeb, 0xf, 0xa4, 0x43, 0xff, 0x8c, 0xa3,
    0xf, 0xf9, 0xf, 0x31, 0x7, 0xff, 0x1a, 0x84,
    0x87, 0x66, 0x12, 0x1d, 0xa4, 0x87, 0x91, 0xfa,
    0x10, 0x40, 0xd0, 0xfd, 0x2f, 0x50, 0x14, 0xc3,
    0xfc, 0xd7, 0x20,

    /* U+6B8B "残" */
    0xf, 0xfe, 0x2, 0x1f, 0xfc, 0x9a, 0xc, 0x1c,
    0xd7, 0xf0, 0x79, 0xc3, 0x97, 0xf8, 0x24, 0x63,
    0x9, 0xf2, 0x7f, 0x7, 0x9e, 0xf, 0xfe, 0x2a,
    0xaa, 0xf0, 0x65, 0x6, 0x7c, 0xa, 0x28, 0x50,
    0x73, 0x52, 0x4, 0x17, 0xea, 0x5, 0x1, 0x61,
    0xe4, 0x43, 0xf9, 0x3d, 0x7, 0x61, 0x95, 0x40,
    0x24, 0x19, 0x15, 0x9f, 0x51, 0x63, 0x30, 0x60,
    0xe8, 0x81, 0x54, 0xf2, 0xc3, 0xe4, 0x14, 0xf0,
    0xd1, 0x50, 0x23, 0xc8, 0x21, 0x41, 0x21, 0x6a,
    0x18, 0x12, 0x21, 0xc8, 0x1c, 0x92, 0x42, 0x43,
    0xec, 0xe3, 0x43, 0xd1, 0x7, 0xb0, 0x38, 0x38,
    0x32, 0xc1, 0xad, 0x4, 0x1b, 0xb, 0x20, 0x3e,
    0x4a, 0x10, 0x11, 0x6, 0x40, 0x60, 0x5a, 0x85,
    0x10, 0x50, 0xa0, 0x2b, 0xc8, 0x59, 0x62, 0x5,
    0x41, 0xa0, 0xfb, 0x3, 0x3, 0x83, 0xff, 0x85,
    0xe8, 0x0,

    /* U+6BB7 "殷" */
    0xf, 0xfe, 0x83, 0x4e, 0xf, 0xfe, 0xf, 0xe9,
    0x6c, 0xbf, 0xc1, 0xf5, 0x3e, 0x90, 0x96, 0xf,
    0xcb, 0x7, 0xea, 0x90, 0xf9, 0x7e, 0xf, 0xfe,
    0x25, 0x78, 0x8, 0x7f, 0xf0, 0x1f, 0xc8, 0x64,
    0x3a, 0x43, 0x2f, 0x81, 0x90, 0x50, 0xc8, 0x6a,
    0xc1, 0x48, 0x77, 0xc8, 0x4f, 0xe4, 0xe, 0xbf,
    0x7, 0x2f, 0x80, 0xd7, 0xe0, 0xf5, 0x60, 0x91,
    0xac, 0x1f, 0x3f, 0xe0, 0x97, 0x84, 0x39, 0xae,
    0x41, 0x8, 0x12, 0xf, 0x2f, 0x40, 0x48, 0x10,
    0x7c, 0xfe, 0xe, 0x8b, 0x30, 0xf6, 0x1c, 0x84,
    0xb1, 0x7, 0x22, 0x1f, 0xe4, 0x18, 0x76, 0x1f,
    0xe7, 0x11, 0x83, 0x28, 0x5b, 0x32, 0x85, 0x35,
    0x68, 0x99, 0xd0, 0x56, 0x9a, 0xa, 0x12, 0xe2,
    0xfa, 0x29, 0x87, 0x3a, 0x80,

    /* U+6BCD "母" */
    0xf, 0xfe, 0x6d, 0xff, 0xfc, 0x28, 0x3f, 0xfa,
    0x9, 0xfa, 0xff, 0x41, 0xff, 0xc1, 0x6c, 0x3e,
    0xc3, 0xfe, 0x51, 0x87, 0xff, 0x9, 0xd, 0x43,
    0xf, 0xfe, 0x3b, 0x61, 0x61, 0xd4, 0xc6, 0xbd,
    0xd6, 0x4a, 0x85, 0x4, 0xbf, 0xf0, 0x4b, 0x7a,
    0x2f, 0xff, 0x92, 0xf2, 0xc, 0x42, 0xf0, 0x7e,
    0x43, 0xfe, 0x8c, 0x3f, 0xf8, 0xec, 0x61, 0x90,
    0xf9, 0xf, 0x30, 0x87, 0xff, 0x1d, 0x90, 0xff,
    0xe0, 0xff, 0xd7, 0xe0, 0x7a, 0x9, 0x7f, 0xf8,
    0x40, 0x56, 0x15, 0x7f, 0xf0, 0x81, 0x44, 0x3f,
    0xea, 0xde, 0x10, 0xff, 0xe1, 0x2e, 0x3, 0x6,

    /* U+6BCF "每" */
    0xe, 0x60, 0xff, 0xe4, 0x48, 0x7f, 0xf1, 0xe0,
    0x57, 0xff, 0x8, 0x32, 0x80, 0xbf, 0xfc, 0x20,
    0xd1, 0xff, 0xfc, 0x40, 0xb2, 0xf, 0xfe, 0x34,
    0x25, 0x7f, 0xf0, 0x83, 0x25, 0x17, 0xff, 0x84,
    0x1b, 0xc1, 0x7c, 0xaf, 0xf0, 0x7f, 0x90, 0x95,
    0xa1, 0xff, 0xc6, 0xe2, 0x81, 0xff, 0x26, 0x19,
    0xd8, 0x32, 0x13, 0xe8, 0xbf, 0xcf, 0xe1, 0xf9,
    0x60, 0x2e, 0x17, 0xe0, 0x2c, 0x51, 0x2a, 0xc1,
    0x5e, 0x1a, 0x82, 0x43, 0x2d, 0xc1, 0xff, 0xc6,
    0xb5, 0x4, 0x87, 0xfa, 0xbc, 0x35, 0x63, 0x40,
    0xf2, 0xff, 0xf0, 0x0, 0xa0, 0xdf, 0xff, 0xc1,
    0x4b, 0xc1, 0xff, 0xc0, 0xad, 0xa2, 0x1f, 0xfc,
    0x25, 0xc0, 0x83, 0x0,

    /* U+6BD4 "比" */
    0x28, 0x1f, 0x58, 0x7f, 0x94, 0x1f, 0x21, 0xff,
    0xfa, 0xe0, 0xff, 0xe2, 0xb9, 0x87, 0xff, 0x12,
    0x84, 0x86, 0xff, 0x7, 0x69, 0x21, 0xff, 0xc2,
    0x70, 0x68, 0x7b, 0xfc, 0x14, 0x38, 0x7f, 0xf1,
    0xa8, 0x1f, 0xfc, 0x6d, 0xf, 0xff, 0x12, 0x83,
    0xff, 0x8f, 0xc1, 0xff, 0xd1, 0xa0, 0x7f, 0x21,
    0xe6, 0xd4, 0x1f, 0xfc, 0x3e, 0x47, 0x12, 0xc,
    0x84, 0x86, 0xb8, 0x18, 0xfe, 0x84, 0x46, 0xd0,
    0xcc, 0x86, 0x68, 0xe, 0x43, 0xe6, 0xfd, 0x20,

    /* U+6BD5 "毕" */
    0xf, 0xfe, 0x6d, 0x87, 0xdc, 0x1f, 0xfc, 0xf8,
    0x3f, 0xf8, 0xee, 0xc1, 0xea, 0xe4, 0x33, 0xc5,
    0x3, 0xcb, 0xc1, 0x3c, 0x3a, 0x1f, 0x7f, 0x21,
    0x9e, 0x4, 0x1f, 0xfc, 0x3e, 0x9, 0x60, 0xff,
    0xe0, 0xa1, 0xff, 0xc5, 0x90, 0xff, 0xe2, 0xbe,
    0x70, 0x28, 0x34, 0x21, 0x27, 0xd, 0x2, 0xbf,
    0x7, 0x21, 0x5c, 0x83, 0x97, 0xac, 0x26, 0xf2,
    0x15, 0x6, 0xb9, 0xe, 0x43, 0xca, 0xf, 0xfe,
    0xa3, 0xff, 0xc0, 0xff, 0xf2, 0x1f, 0xfc, 0x84,
    0xff, 0xe0, 0x7f, 0xf4, 0x1f, 0xff, 0xf0, 0xff,
    0xe0, 0x80,

    /* U+6BDB "毛" */
    0xf, 0xfe, 0x22, 0xa4, 0x3f, 0xe5, 0x53, 0xea,
    0x38, 0x4d, 0x3f, 0xa8, 0xa0, 0x2a, 0xe0, 0xb5,
    0x4, 0xa0, 0x5f, 0x51, 0xe, 0xbf, 0xa8, 0x4,
    0x3f, 0xfc, 0x8b, 0x83, 0x96, 0xa8, 0x1f, 0xd5,
    0x61, 0xba, 0x96, 0xc, 0xb5, 0x60, 0xca, 0xab,
    0xc0, 0xf5, 0x4b, 0x7, 0x51, 0x60, 0xff, 0xf0,
    0xa0, 0x6b, 0x7f, 0x4d, 0xfe, 0x81, 0x2e, 0xe,
    0xf2, 0x19, 0x60, 0x55, 0xff, 0x37, 0xf5, 0x40,
    0x58, 0x3b, 0xc1, 0xff, 0xf3, 0x44, 0x3f, 0xf8,
    0x1e, 0xab, 0xd0, 0x7f, 0xf0, 0x34, 0xb, 0x4,
    0xc0,

    /* U+6C11 "民" */
    0xf, 0xfe, 0x55, 0xff, 0xfc, 0x48, 0x39, 0x7f,
    0xf8, 0x41, 0xf5, 0x7f, 0xf0, 0x83, 0xff, 0xcb,
    0xff, 0xfc, 0x20, 0xff, 0xe8, 0x7f, 0xd0, 0xff,
    0x41, 0xff, 0xd5, 0x44, 0x3f, 0xea, 0xfc, 0xa,
    0xf8, 0x32, 0xfe, 0x2, 0xfe, 0xa, 0xff, 0x91,
    0xff, 0x21, 0x21, 0xf6, 0x1f, 0xfc, 0x84, 0x43,
    0xff, 0x92, 0x84, 0xe1, 0xfc, 0xa0, 0x46, 0x16,
    0x1f, 0x37, 0x60, 0x44, 0x24, 0x24, 0xb9, 0x1c,
    0x28, 0xd4, 0x21, 0x91, 0xb9, 0x9, 0x45, 0x8,
    0x26, 0xe4, 0x3e, 0x90, 0x41, 0x72, 0x1f, 0xf5,
    0xe4, 0x0,

    /* U+6C14 "气" */
    0xe, 0x43, 0xff, 0x93, 0x61, 0xff, 0xc7, 0x44,
    0x3f, 0xf8, 0xf0, 0xff, 0xff, 0x6, 0xd, 0x7,
    0xff, 0x21, 0x47, 0xff, 0xf0, 0xe0, 0xa2, 0xf,
    0xfe, 0x36, 0x7, 0xff, 0xf8, 0x41, 0x40, 0xc5,
    0xff, 0xe1, 0x5, 0x10, 0x2b, 0xff, 0x84, 0x1b,
    0x43, 0xff, 0x93, 0xff, 0xfc, 0x34, 0x3c, 0xbf,
    0xfc, 0x10, 0xfe, 0xaf, 0xfe, 0x10, 0x7f, 0xfd,
    0xf0, 0xff, 0xe6, 0x70, 0x7f, 0xf0, 0xd0, 0x93,
    0xf, 0xfe, 0x2a, 0x62, 0x1f, 0xfc, 0x44, 0x90,
    0xff, 0xe3, 0x42, 0x21, 0xff, 0xc6, 0x81, 0x0,

    /* U+6C34 "水" */
    0xf, 0xf2, 0x83, 0xff, 0x91, 0x40, 0xff, 0xfb,
    0x21, 0xd4, 0xf, 0xfe, 0x16, 0x19, 0x60, 0xbf,
    0xe0, 0xc8, 0x4c, 0x41, 0xff, 0xc3, 0x4a, 0x12,
    0x17, 0xf0, 0x7d, 0xc9, 0x21, 0xfe, 0x43, 0x4a,
    0x34, 0x3f, 0x93, 0xc, 0x83, 0xf, 0xfa, 0x10,
    0xe4, 0x43, 0xff, 0x80, 0x87, 0xa2, 0xf, 0xf4,
    0x41, 0xf4, 0x61, 0xf9, 0x41, 0xfc, 0xa2, 0xf,
    0xa3, 0xf, 0xe8, 0x60, 0xe8, 0x43, 0xfe, 0xc6,
    0xa, 0x48, 0x3f, 0xf8, 0x10, 0xe2, 0x8c, 0x3f,
    0xf8, 0x2e, 0x9, 0x30, 0xff, 0xe2, 0x64, 0x61,
    0xbf, 0x8, 0x7e, 0xc3, 0xff, 0x81, 0x7, 0xf8,

    /* U+6C42 "求" */
    0xf, 0xf3, 0x7, 0xff, 0x22, 0x41, 0xe4, 0x3f,
    0xf8, 0xf9, 0x40, 0xff, 0xe3, 0xea, 0xe, 0xaf,
    0xe0, 0x56, 0x5, 0x40, 0x5f, 0xe0, 0x2f, 0xb,
    0x8f, 0xfe, 0x7, 0xff, 0x21, 0x41, 0xff, 0xc2,
    0x50, 0x65, 0x61, 0xf4, 0x19, 0xa0, 0x66, 0x30,
    0xf2, 0x1a, 0x20, 0xe5, 0x10, 0x7a, 0x6, 0x48,
    0x7a, 0x10, 0xe5, 0xb2, 0x43, 0xf7, 0x3, 0x4,
    0x44, 0x87, 0xf9, 0x58, 0x64, 0x50, 0x7f, 0xdc,
    0x41, 0x43, 0x7, 0xf5, 0x8e, 0x86, 0xc6, 0xf,
    0x3a, 0x50, 0x3e, 0xc6, 0xd, 0x41, 0xd0, 0xfe,
    0xc7, 0x40, 0x94, 0xf, 0xfe, 0x6, 0x94, 0x2d,
    0xf, 0xfe, 0x15, 0x8, 0x43, 0x7e, 0x10, 0xf9,
    0xc3, 0xfe, 0x60, 0xff, 0x0,

    /* U+6C5F "江" */
    0x9, 0xf, 0xfe, 0x45, 0x30, 0xff, 0xe3, 0xc9,
    0xa3, 0xff, 0xfc, 0x0, 0xd4, 0x24, 0x3f, 0xf8,
    0xcc, 0xb7, 0xe8, 0x7f, 0x83, 0xcc, 0x1f, 0xfc,
    0x4e, 0xf, 0xfe, 0x4b, 0x87, 0xff, 0x1f, 0x4d,
    0xf, 0xfe, 0x35, 0x8, 0x3f, 0xf8, 0xef, 0x7,
    0xff, 0x25, 0xf, 0xfe, 0x4a, 0x1f, 0xfc, 0x86,
    0xc3, 0xff, 0x8f, 0x10, 0x7f, 0xf1, 0x90, 0x21,
    0xff, 0xc6, 0x88, 0x3f, 0xf8, 0xc8, 0x10, 0xff,
    0xe3, 0x44, 0x3f, 0xe8, 0x7f, 0xa1, 0x2, 0x1f,
    0xfc, 0x44, 0x28, 0xf, 0xff, 0xf0, 0xc7, 0x43,
    0xff, 0x8c,

    /* U+6C64 "汤" */
    0x2, 0x83, 0xff, 0x8f, 0x50, 0x57, 0xff, 0x83,
    0x63, 0x84, 0xbe, 0xf, 0xed, 0x32, 0xbc, 0x13,
    0x87, 0xa9, 0x87, 0xb4, 0xa0, 0x7e, 0x43, 0xac,
    0x74, 0x3b, 0x43, 0xce, 0x94, 0xf, 0x25, 0x3,
    0x50, 0x74, 0x3e, 0x71, 0xd2, 0x40, 0xff, 0xe8,
    0x1a, 0x46, 0xa0, 0x28, 0xb, 0x18, 0x55, 0xd,
    0x6, 0x89, 0x4c, 0x3c, 0xa0, 0xa2, 0x2, 0x1f,
    0xe9, 0x9, 0xe, 0x43, 0xf2, 0x82, 0x88, 0x11,
    0x83, 0xe, 0x84, 0x96, 0x2, 0x21, 0x90, 0xc8,
    0xa2, 0x4, 0x41, 0xfa, 0x3a, 0x18, 0x48, 0x87,
    0xe4, 0x51, 0x85, 0x90, 0x64, 0x24, 0x4b, 0xb,
    0x14, 0x1f, 0xb2, 0x10, 0xb1, 0x8a, 0xb1, 0x2,
    0x1e, 0x86, 0x2, 0xc3, 0x3, 0xc1, 0xd5, 0x5,
    0xfa, 0x0,

    /* U+6C6A "汪" */
    0xf, 0xfe, 0x66, 0x87, 0xff, 0x26, 0x80, 0x7f,
    0xff, 0x82, 0x16, 0x39, 0x87, 0xff, 0x17, 0x46,
    0xfe, 0x7, 0xf8, 0x3a, 0x88, 0x7f, 0xf2, 0x10,
    0xff, 0xe2, 0x3c, 0x1f, 0xfc, 0x97, 0xf, 0xfe,
    0x33, 0x83, 0x43, 0xff, 0x8d, 0xa1, 0xab, 0x81,
    0x5c, 0x86, 0xb4, 0x5f, 0x1, 0x78, 0x3f, 0x9f,
    0xe0, 0x7f, 0x21, 0xc8, 0x7f, 0xf2, 0x6c, 0x3f,
    0xf8, 0xf0, 0x87, 0xff, 0x1d, 0x20, 0xff, 0xe3,
    0x22, 0x1f, 0xfc, 0x78, 0x83, 0xff, 0x8c, 0x86,
    0xff, 0x81, 0xfe, 0x8c, 0x83, 0xff, 0x8e, 0x88,
    0x3f, 0xff, 0x87, 0x1e, 0xf, 0xfe, 0x38,

    /* U+6C88 "沈" */
    0xf, 0xfe, 0xa, 0x1f, 0xe8, 0x3f, 0x99, 0xf,
    0xd3, 0x87, 0xff, 0x1e, 0x4d, 0xf, 0xfe, 0x35,
    0x8, 0xaf, 0x1d, 0x72, 0x19, 0xf0, 0xbc, 0x5,
    0xf6, 0x1f, 0xcf, 0xc9, 0x7e, 0x9, 0xd0, 0xff,
    0x90, 0xfe, 0xa0, 0x7e, 0x43, 0xf9, 0xc7, 0xf,
    0xfe, 0x3e, 0x89, 0xc1, 0xda, 0x17, 0x6, 0xa2,
    0x1c, 0x87, 0xff, 0x9, 0xf, 0x62, 0x1f, 0xfc,
    0x4, 0x3c, 0x98, 0x7f, 0xcd, 0x3, 0x22, 0x1f,
    0xfc, 0xc, 0x83, 0x44, 0x1f, 0x21, 0x90, 0xe8,
    0x43, 0xf4, 0x82, 0x20, 0x94, 0x41, 0xff, 0xc0,
    0x44, 0x28, 0x83, 0xf2, 0x12, 0x21, 0x64, 0x87,
    0xff, 0x3, 0x20, 0x62, 0x82, 0x4a, 0xe1, 0x10,
    0xb1, 0x83, 0x91, 0x62, 0x7, 0x81, 0x30, 0x7a,
    0xfe, 0x40,

    /* U+6CA1 "没" */
    0x9, 0xf, 0xfe, 0x45, 0x41, 0xaf, 0xfc, 0x1e,
    0x87, 0xe, 0x5e, 0xf, 0xed, 0x30, 0xdd, 0x64,
    0x3f, 0xa8, 0x1c, 0x87, 0x90, 0xfc, 0xe0, 0x43,
    0xff, 0x83, 0xc1, 0xd9, 0x7, 0x65, 0xe8, 0xe,
    0x83, 0x14, 0x1c, 0xbd, 0x9a, 0x50, 0xe8, 0x1f,
    0x56, 0x41, 0x61, 0xba, 0xff, 0x21, 0xee, 0x2,
    0xff, 0xd8, 0x7f, 0xf0, 0x2f, 0xf0, 0x30, 0xff,
    0x64, 0x1c, 0x81, 0xf, 0x78, 0x24, 0x83, 0x46,
    0x1f, 0xfc, 0x8, 0x60, 0x64, 0x1f, 0x44, 0x1b,
    0x1b, 0x24, 0x3e, 0x44, 0x3b, 0x11, 0x41, 0xf4,
    0x41, 0xce, 0x13, 0x7, 0xc8, 0x84, 0xf0, 0xf0,
    0xf0, 0x68, 0x46, 0xe1, 0xe1, 0xd1, 0xf2, 0x64,
    0x4, 0x78, 0x3a, 0xe0, 0xce, 0x6, 0xe0, 0xfe,
    0x7c, 0x80,

    /* U+6CB9 "油" */
    0xf, 0xfe, 0xb7, 0x7, 0xce, 0x87, 0xff, 0x19,
    0x28, 0x1f, 0xfc, 0x6d, 0x58, 0x7f, 0xf1, 0xa4,
    0x1f, 0xe1, 0xfe, 0x43, 0x58, 0x4b, 0x80, 0xb0,
    0x68, 0x3e, 0xac, 0x35, 0x80, 0xad, 0xf, 0xfe,
    0x2b, 0x14, 0xf, 0xfe, 0x2b, 0x8c, 0x1f, 0xfc,
    0x6d, 0x83, 0xff, 0x8f, 0x6, 0xfc, 0x3f, 0x41,
    0xff, 0x2e, 0x2, 0xc1, 0xeb, 0xd, 0x58, 0x6b,
    0x7, 0x21, 0xff, 0xc7, 0x44, 0x3f, 0xf8, 0xd9,
    0x87, 0xff, 0x19, 0x10, 0xff, 0xe3, 0xa1, 0xd5,
    0x63, 0x58, 0x24, 0xc3, 0x96, 0x9, 0x60, 0xd0,
    0x87, 0x7f, 0xf4, 0x14, 0x87, 0xff, 0x18,

    /* U+6CD5 "法" */
    0xf, 0xfe, 0xa, 0x1f, 0xe4, 0x3f, 0xd4, 0xf,
    0xcd, 0x87, 0xff, 0x1d, 0x46, 0x87, 0xff, 0x1a,
    0x84, 0x87, 0x21, 0xff, 0xc0, 0x65, 0x5f, 0xa1,
    0xfe, 0x43, 0x98, 0xd7, 0x4, 0xbe, 0x4, 0x1c,
    0xd6, 0xc6, 0xb8, 0xa, 0xd0, 0xff, 0xe3, 0x31,
    0x40, 0xff, 0xe3, 0x38, 0x87, 0xff, 0x23, 0x8f,
    0xf8, 0x7f, 0xd0, 0x64, 0x3f, 0xf8, 0x98, 0x64,
    0xfe, 0x4b, 0xfe, 0x42, 0x68, 0x19, 0x42, 0x4,
    0x3f, 0x66, 0x1a, 0x20, 0x51, 0xf, 0x91, 0xa,
    0x14, 0x8, 0x83, 0xd0, 0x84, 0xa2, 0xc, 0x90,
    0x72, 0x41, 0x44, 0x1d, 0xa, 0x9, 0x10, 0xb0,
    0x9a, 0xd8, 0x20, 0xb3, 0xf, 0x51, 0x70, 0x68,
    0x8, 0x84, 0xaa, 0xbf, 0xe1, 0x7, 0x6, 0xa2,
    0xc1, 0xf5, 0x80,

    /* U+6CE8 "注" */
    0xf, 0xfe, 0xa, 0x1f, 0xfc, 0x8e, 0xf, 0xf7,
    0x83, 0xf4, 0x41, 0xfc, 0x9a, 0x1e, 0x44, 0x3f,
    0xa8, 0x48, 0x7a, 0x43, 0xfc, 0xea, 0xff, 0x4f,
    0xf8, 0x3d, 0xb, 0xe0, 0x2f, 0x81, 0x7, 0x57,
    0x81, 0x5e, 0x15, 0xa1, 0xff, 0xc6, 0x62, 0x81,
    0xff, 0xc6, 0x71, 0x83, 0xff, 0x8f, 0xb0, 0x7f,
    0xf2, 0x20, 0x5f, 0xc0, 0xfe, 0x43, 0xf6, 0x1f,
    0xfc, 0x6f, 0xf, 0xf0, 0x3f, 0x90, 0xc8, 0x87,
    0xff, 0x1f, 0x20, 0xff, 0xe3, 0xa1, 0xff, 0xc8,
    0x44, 0x3f, 0xf8, 0xf1, 0x7, 0xff, 0x2f, 0xfe,
    0x7, 0xfc, 0x44, 0x5, 0xff, 0xe2, 0x12, 0x81,
    0x5f, 0xfc, 0x40,

    /* U+6D3B "活" */
    0xf, 0xfe, 0x6d, 0xa1, 0xf2, 0xd4, 0xfc, 0x1b,
    0x28, 0xb, 0xea, 0x94, 0x12, 0x19, 0xc7, 0x35,
    0xa4, 0x7f, 0x41, 0xed, 0x3, 0x53, 0x7, 0xff,
    0xa, 0xc3, 0xff, 0x8a, 0xa0, 0xff, 0xe4, 0xd4,
    0x17, 0xfc, 0x3f, 0xe4, 0xc7, 0x2, 0xf8, 0x25,
    0xf8, 0x1a, 0x65, 0x7b, 0x1a, 0xf0, 0x6a, 0x7,
    0xff, 0x29, 0xc3, 0xff, 0x9d, 0xfc, 0x3f, 0xa0,
    0xf3, 0xa1, 0xff, 0xc8, 0x84, 0x27, 0xff, 0x7,
    0xff, 0x4a, 0x20, 0xff, 0xe4, 0x22, 0x1f, 0xfc,
    0x74, 0x43, 0x9a, 0xfc, 0x1e, 0xcc, 0x3c, 0xbf,
    0x83, 0xc8, 0x87, 0x3f, 0xf4, 0x1e, 0xf0, 0x7f,
    0xf0, 0x90, 0xc0,

    /* U+6D41 "流" */
    0xf, 0xfe, 0x3, 0x7, 0xf2, 0x83, 0xfa, 0x43,
    0xfa, 0xa0, 0xfd, 0x10, 0x7e, 0xc7, 0x1a, 0xf0,
    0xd7, 0x82, 0xd1, 0xd7, 0x82, 0x5f, 0x6, 0xa3,
    0x7c, 0x8f, 0xfe, 0xe, 0x43, 0x28, 0x80, 0xe1,
    0xec, 0x3c, 0xc6, 0x1d, 0x86, 0x4d, 0x9, 0x8c,
    0x32, 0x88, 0x26, 0x28, 0x30, 0xd7, 0x68, 0xc1,
    0x38, 0x86, 0x5f, 0x1, 0x18, 0x37, 0x87, 0xff,
    0xd6, 0xe1, 0xfd, 0xa0, 0xa0, 0x28, 0x48, 0x6a,
    0x7, 0xc8, 0x4a, 0xf, 0x94, 0x1f, 0xfc, 0x74,
    0x80, 0x87, 0xff, 0x13, 0x10, 0xff, 0xe1, 0xa1,
    0x21, 0xb1, 0xf, 0xf4, 0x88, 0x84, 0x87, 0xff,
    0xf, 0x30, 0x44, 0x1f, 0xfc, 0x24, 0x45, 0x8,
    0x7c, 0x94, 0xc, 0x82, 0x30, 0xfd, 0x8a, 0x13,
    0x81, 0x61, 0xdc, 0x7, 0xf0,

    /* U+6D4B "测" */
    0xf, 0xfe, 0x55, 0x3, 0xff, 0x89, 0xc2, 0xa0,
    0x7f, 0xd0, 0x7e, 0xc6, 0xf, 0xf3, 0x87, 0xb5,
    0x2, 0xfc, 0x1f, 0xfc, 0xb, 0xd, 0x21, 0xff,
    0xc7, 0x70, 0xff, 0xb0, 0xff, 0xe3, 0xa6, 0x1f,
    0xfc, 0x66, 0x34, 0x3f, 0xf8, 0xac, 0x1f, 0xfc,
    0x87, 0x43, 0xff, 0xb9, 0x7, 0xff, 0x21, 0x41,
    0xd8, 0x7f, 0xf0, 0x11, 0x9, 0xf, 0xfe, 0x14,
    0x16, 0xe4, 0x70, 0x7f, 0x90, 0x94, 0xc, 0x27,
    0xe, 0x4c, 0x28, 0xe3, 0xf, 0xec, 0x41, 0x90,
    0xc6, 0x1f, 0x90, 0xb1, 0x40, 0x50, 0x1a, 0x66,
    0x8, 0x2a, 0x6, 0xb0, 0x28, 0x51, 0xa0, 0xd0,
    0xfc, 0xfd, 0x0,

    /* U+6D77 "海" */
    0xf, 0xf2, 0x1f, 0xfc, 0x14, 0x3d, 0xc1, 0xff,
    0xc0, 0xa8, 0x32, 0x21, 0xff, 0xc0, 0x95, 0x85,
    0xf, 0xff, 0x82, 0x92, 0x21, 0x7f, 0xf8, 0x1,
    0xaa, 0x51, 0x5f, 0xfc, 0x0, 0xe4, 0x86, 0xbf,
    0xc1, 0x3a, 0x4, 0x5f, 0xfe, 0x0, 0x49, 0x41,
    0xc1, 0xf3, 0xfa, 0xe, 0xc6, 0xf, 0x2b, 0xf,
    0xf6, 0x21, 0xe6, 0x30, 0xff, 0x78, 0x8, 0x66,
    0x41, 0x87, 0xf7, 0x81, 0xfa, 0x7c, 0x9e, 0x43,
    0x94, 0x5, 0xb, 0xc0, 0x50, 0x4e, 0xd0, 0x68,
    0xa, 0xc9, 0x44, 0x18, 0x89, 0x82, 0x70, 0xff,
    0x21, 0xf9, 0xc8, 0x8, 0x7c, 0x86, 0xeb, 0x25,
    0x1, 0x40, 0x26, 0xc, 0x5f, 0xe0, 0x28, 0x18,
    0x82, 0xff, 0xf0, 0x3c, 0x4, 0x3f, 0xd5, 0xb1,
    0xe, 0x43, 0xf9, 0x70, 0xc1, 0xb8, 0x3f, 0xbf,
    0xa0, 0xc0,

    /* U+6D88 "消" */
    0xf, 0xfe, 0xa, 0x83, 0xf2, 0x19, 0xe, 0xb0,
    0xfa, 0xa0, 0xa8, 0x1f, 0xee, 0x21, 0xc0, 0xa8,
    0x3f, 0x64, 0xd, 0x32, 0x54, 0x1e, 0xc8, 0x35,
    0x10, 0x41, 0xf2, 0x48, 0x73, 0x5, 0xc1, 0xce,
    0x82, 0xd0, 0xcd, 0x70, 0xd7, 0x19, 0x40, 0xb5,
    0xe0, 0x2f, 0xd8, 0xc1, 0xbf, 0xf9, 0xd, 0x88,
    0x7f, 0xf0, 0x70, 0xef, 0x7, 0xff, 0x7, 0xf,
    0xfb, 0xff, 0x90, 0xff, 0x97, 0xf8, 0x3d, 0x68,
    0x55, 0xfe, 0xe, 0x44, 0x3f, 0xf8, 0xa8, 0x86,
    0xff, 0xe8, 0x36, 0x41, 0x97, 0xf8, 0x39, 0xf,
    0x57, 0xf2, 0x12, 0x21, 0xff, 0xc6, 0xc8, 0x3f,
    0xd7, 0xc8, 0x87, 0xff, 0x19, 0x80,

    /* U+6DF1 "深" */
    0xf, 0xfe, 0x5d, 0xa0, 0x6b, 0xff, 0x82, 0x83,
    0x24, 0xb, 0xff, 0xc1, 0xc0, 0xe5, 0x1, 0xff,
    0xf0, 0x7b, 0xf, 0xfe, 0x57, 0x8, 0x2d, 0x1e,
    0x3, 0x82, 0xc, 0xc4, 0x88, 0xb4, 0x49, 0x38,
    0x76, 0xac, 0x2a, 0x38, 0x52, 0x68, 0xe5, 0x0,
    0x81, 0xcd, 0x5, 0x9, 0x6, 0x81, 0x90, 0xb5,
    0x4, 0xeb, 0x61, 0xff, 0x41, 0xe8, 0xff, 0x45,
    0xfe, 0xf, 0x97, 0x83, 0x97, 0x83, 0x78, 0xae,
    0xe, 0xae, 0xe, 0x43, 0xa1, 0x12, 0xf, 0x93,
    0xd, 0x2b, 0x35, 0x41, 0xe8, 0x42, 0x95, 0x5,
    0x2a, 0xf, 0xf6, 0x90, 0x74, 0x30, 0x49, 0xe,
    0x38, 0x7d, 0x8e, 0x98, 0x99, 0x40, 0xfe, 0xd0,
    0x90, 0xad, 0xf, 0xfa, 0xd2, 0x81, 0xff, 0xc7,

    /* U+6DFB "添" */
    0x4, 0x1f, 0xfc, 0x89, 0xc2, 0xff, 0xfe, 0x8,
    0x52, 0x68, 0xbc, 0x5, 0xf0, 0x6a, 0x11, 0x5c,
    0xa, 0xf0, 0x73, 0x21, 0xf2, 0x1f, 0xfc, 0x6,
    0xe, 0x4c, 0x3f, 0xb0, 0xd5, 0xe2, 0xbf, 0x9,
    0x84, 0xbc, 0x12, 0xfc, 0x31, 0xa7, 0xe0, 0x7a,
    0x1f, 0xc0, 0x62, 0x42, 0x88, 0x8, 0x87, 0xcc,
    0x20, 0x96, 0xb, 0x30, 0xf9, 0xc1, 0x24, 0x48,
    0x23, 0x43, 0xf6, 0x98, 0xa0, 0x9c, 0xb0, 0xdb,
    0x8e, 0x1f, 0xda, 0x19, 0x3c, 0xd1, 0xc, 0xc3,
    0xd0, 0x2c, 0x88, 0x43, 0xc8, 0x92, 0x12, 0x1a,
    0x10, 0xc9, 0xa, 0xe, 0x42, 0x50, 0x79, 0x44,
    0x20, 0x4c, 0x11, 0x7, 0xb0, 0xd0, 0x31, 0x16,
    0xf, 0x92, 0x21, 0x10, 0x95, 0x15, 0x6, 0xa0,
    0xc8, 0xa0, 0xa0, 0x28, 0x50, 0x10, 0x90,

    /* U+6E05 "清" */
    0xf, 0xfe, 0x62, 0x1f, 0xce, 0x87, 0xea, 0x83,
    0xff, 0x8f, 0xe, 0x3f, 0xd1, 0x7f, 0x82, 0xd3,
    0x7f, 0xa1, 0xff, 0x6, 0xa8, 0xb, 0x82, 0x5e,
    0xf, 0x28, 0xaf, 0xd, 0x70, 0x50, 0x75, 0xfa,
    0x2f, 0xe0, 0x2b, 0x40, 0xbe, 0xcd, 0x7c, 0x28,
    0x92, 0xbc, 0x8d, 0x7c, 0x50, 0x9f, 0xff, 0xe1,
    0xc0, 0x75, 0x1, 0x7f, 0xf8, 0x1, 0xe8, 0xd,
    0x7f, 0xd8, 0x7f, 0xdf, 0xfc, 0x1f, 0x5a, 0x14,
    0xbf, 0x83, 0xe4, 0x42, 0x6b, 0xf0, 0x7e, 0x43,
    0x7f, 0xf0, 0x7a, 0x30, 0xd2, 0xfe, 0xf, 0x22,
    0x19, 0xaf, 0xc1, 0xf2, 0x1d, 0xff, 0xc1, 0xd1,
    0x87, 0xf9, 0x68, 0x3e, 0x43, 0xfd, 0xd1, 0x20,
    0xac, 0x33, 0x87, 0x5f, 0x82,

    /* U+6E10 "渐" */
    0xf, 0xfe, 0x96, 0x87, 0xff, 0x7, 0xc1, 0x91,
    0xf, 0x37, 0xc0, 0x8c, 0x2c, 0x3a, 0xf4, 0x82,
    0x3, 0x1f, 0x27, 0xd0, 0x15, 0x79, 0x9, 0xa2,
    0x80, 0xb6, 0xa, 0x21, 0xf2, 0xac, 0xea, 0x43,
    0xfd, 0x86, 0xc7, 0xf, 0xfe, 0x2, 0x61, 0x28,
    0x3f, 0xf8, 0x4c, 0x62, 0x61, 0xf7, 0xf8, 0xc,
    0x38, 0x87, 0xcb, 0x1, 0x9, 0x94, 0x71, 0xe4,
    0x15, 0xc, 0x19, 0x16, 0x9, 0xf, 0xfe, 0xc,
    0x56, 0x39, 0xf, 0xf9, 0x60, 0xff, 0xe3, 0xe2,
    0x1c, 0xa1, 0xf, 0xf2, 0x8a, 0x71, 0x44, 0x43,
    0xfd, 0x8a, 0x9, 0x90, 0xff, 0x22, 0x5e, 0x89,
    0x46, 0x1f, 0xb0, 0x90, 0xf6, 0x21, 0xf9, 0x41,
    0xfc, 0x87, 0xf2, 0x61, 0xf9, 0x20, 0xfc, 0xc8,
    0x7f, 0x90, 0xec, 0x24, 0x3c, 0xe3, 0x87, 0x68,
    0x0,

    /* U+6E5B "湛" */
    0xf, 0xfe, 0x93, 0x87, 0xd6, 0x19, 0xe0, 0xff,
    0xe3, 0xa3, 0x8f, 0x1f, 0xf2, 0x79, 0x6, 0x98,
    0x81, 0x7e, 0x2, 0xc1, 0x4c, 0xd0, 0xaf, 0x92,
    0x81, 0xd2, 0x1a, 0x5f, 0x83, 0xa4, 0x3e, 0x6b,
    0xc1, 0xe6, 0x43, 0xdf, 0xf2, 0x1d, 0x94, 0xf,
    0xfe, 0x3e, 0x21, 0xdf, 0xf2, 0x1f, 0x70, 0x72,
    0xfc, 0x1f, 0xc8, 0x75, 0x7c, 0x87, 0xd4, 0x2a,
    0x3a, 0xf2, 0x51, 0x9, 0x42, 0x82, 0x5f, 0x1,
    0x58, 0x64, 0xd3, 0xf5, 0xeb, 0xf4, 0x4, 0xc3,
    0xee, 0x5, 0x87, 0xb1, 0xf, 0x66, 0x8, 0xc3,
    0x90, 0xfb, 0x20, 0x98, 0x82, 0x44, 0x3c, 0xc8,
    0x65, 0x61, 0x66, 0x1d, 0x1d, 0x78, 0xe0, 0x22,
    0x1c, 0xbf, 0xfc, 0x0, 0x78, 0x35, 0xff, 0xfc,
    0x10,

    /* U+6ED5 "滕" */
    0xf, 0xfe, 0xc7, 0x7, 0xcf, 0xf2, 0x78, 0x36,
    0xb, 0xf, 0x28, 0x28, 0x84, 0x25, 0x41, 0xdd,
    0x2, 0x58, 0x24, 0x94, 0x1f, 0xf3, 0xaa, 0x16,
    0x14, 0x1f, 0xcd, 0x18, 0x14, 0x55, 0x3, 0x4a,
    0x3, 0xf8, 0x7f, 0xc1, 0x9a, 0x7, 0xa3, 0xf,
    0xf3, 0x40, 0x56, 0x4e, 0xbc, 0x85, 0x28, 0xb,
    0x80, 0xbf, 0x61, 0xfb, 0xe0, 0x7c, 0x9f, 0x41,
    0xfe, 0xc8, 0xd8, 0xc3, 0xdd, 0x2, 0xc9, 0xd,
    0x1a, 0x1c, 0xa3, 0xc0, 0x83, 0xa0, 0x48, 0x5f,
    0x5, 0xe3, 0x4f, 0x1e, 0x90, 0xfb, 0xc0, 0xc2,
    0xcc, 0x8, 0x30, 0xfe, 0xc2, 0xc8, 0x3f, 0xf8,
    0x36, 0x69, 0xce, 0x84, 0xa0, 0xde, 0x6c, 0x33,
    0x94, 0xb, 0x6c, 0xdd, 0x68, 0x37, 0x22, 0x22,
    0x6, 0x1a, 0x22, 0x13, 0x8e, 0x3f, 0x4, 0xfe,
    0xf, 0x80,

    /* U+6EDA "滚" */
    0xf, 0xfe, 0xa, 0x1f, 0xe4, 0x3f, 0xb8, 0x3f,
    0xaa, 0xf, 0xd1, 0x7, 0xe8, 0x72, 0xfe, 0x87,
    0xfc, 0x16, 0x96, 0xbf, 0xfc, 0x20, 0xd5, 0x35,
    0x35, 0xb6, 0xb0, 0x72, 0x13, 0x87, 0xda, 0x1a,
    0xe, 0xe3, 0x24, 0x72, 0x80, 0x9c, 0x16, 0x59,
    0x38, 0x5a, 0xb2, 0x4d, 0xdd, 0x25, 0x46, 0xa,
    0x81, 0x42, 0x60, 0x6d, 0x2, 0xd1, 0x41, 0x34,
    0xb, 0x24, 0x28, 0x90, 0xf2, 0x81, 0x2, 0xfd,
    0x2, 0x43, 0x90, 0xb5, 0x48, 0x2f, 0x90, 0xf5,
    0x81, 0xa0, 0x83, 0xb, 0xe, 0x48, 0x35, 0xd,
    0x62, 0xa0, 0xd0, 0x81, 0xd3, 0x22, 0xd5, 0x87,
    0xcf, 0x7, 0xa0, 0x50, 0x32, 0x34, 0x1d, 0xc,
    0xc4, 0x1d, 0x14, 0x78, 0x3a, 0x8c, 0x70, 0x7d,
    0x4, 0x9e, 0x71, 0xc7, 0x50, 0x87, 0x21, 0x5a,
    0x17, 0x2d, 0x40, 0xe5, 0x79, 0xf, 0x30,

    /* U+6EE1 "满" */
    0xf, 0xf2, 0x1c, 0x87, 0xc8, 0x79, 0x90, 0xa8,
    0x1e, 0xe4, 0x3f, 0xf8, 0xf9, 0x43, 0xe8, 0xbe,
    0x4f, 0xc1, 0x63, 0x2c, 0x5, 0xc0, 0x5c, 0x1b,
    0x6b, 0x8e, 0xa4, 0xac, 0x1d, 0x6, 0x64, 0x2a,
    0x7, 0xb0, 0xdf, 0xaf, 0xeb, 0xf2, 0x8d, 0x2,
    0xe0, 0x2c, 0x5, 0xf4, 0x49, 0x59, 0x2a, 0x2b,
    0x80, 0xe4, 0x1f, 0xfc, 0x8e, 0x3f, 0x27, 0xc5,
    0xf4, 0x1c, 0x84, 0xa0, 0x2c, 0x2c, 0x1e, 0xd0,
    0xa8, 0x34, 0xca, 0x83, 0x90, 0xfc, 0xa0, 0x90,
    0xfb, 0x10, 0xc8, 0xce, 0x48, 0x79, 0xf, 0x64,
    0xec, 0xc8, 0x79, 0xc, 0xa8, 0x80, 0xc6, 0x19,
    0x30, 0xd0, 0x81, 0x40, 0xe0, 0xd8, 0x86, 0xf0,
    0x12, 0xf, 0xc8, 0x7f, 0x9c, 0x1f, 0x18, 0x48,
    0x7f, 0xf1, 0x14, 0xe, 0xb, 0xc1, 0xfb, 0xe8,
    0x0,

    /* U+6F14 "演" */
    0xf, 0xfe, 0xa, 0x1f, 0xfc, 0x8e, 0xf, 0xe7,
    0x43, 0xf2, 0x21, 0xfe, 0xa1, 0x5e, 0x4a, 0xf8,
    0xe, 0x2f, 0xe0, 0x97, 0xc1, 0xb9, 0x1f, 0xff,
    0x90, 0xf2, 0x12, 0xff, 0xc1, 0xa0, 0xf5, 0x7f,
    0xd8, 0x15, 0xa0, 0xef, 0xc9, 0xfc, 0xe3, 0x14,
    0xf, 0xfe, 0x33, 0x8a, 0x3f, 0x93, 0xfc, 0x1d,
    0xa8, 0x2a, 0x92, 0xb0, 0x7e, 0x83, 0x2c, 0x5,
    0xe0, 0xf5, 0x3, 0x7c, 0x9f, 0x90, 0xf2, 0x83,
    0x54, 0x95, 0x83, 0xf2, 0x19, 0x60, 0x2f, 0x7,
    0x26, 0x19, 0x60, 0x2f, 0x7, 0x62, 0x1a, 0xa4,
    0xac, 0x1e, 0x43, 0x7f, 0xeb, 0xf0, 0x49, 0x7,
    0x5c, 0x15, 0xc1, 0xd8, 0x81, 0xf2, 0xa0, 0xb5,
    0x79, 0x2, 0x17, 0xf, 0x7, 0x5a, 0x50, 0xf0,
    0x29, 0xc1, 0xfd, 0x74,

    /* U+6F58 "潘" */
    0xf, 0xfe, 0x5b, 0x7, 0xff, 0x1, 0x6a, 0x5,
    0x38, 0x5f, 0xfa, 0xa5, 0x81, 0xa6, 0x5, 0xd2,
    0x5f, 0x5a, 0x15, 0x4, 0x9e, 0x40, 0x82, 0x81,
    0xe7, 0x40, 0xc8, 0x74, 0xc1, 0x90, 0xf4, 0x87,
    0xca, 0xa, 0x88, 0x5f, 0x36, 0x9e, 0x57, 0xc4,
    0x50, 0xb, 0x83, 0xcb, 0xc0, 0xc6, 0x2a, 0xc0,
    0x90, 0xf5, 0x5, 0x88, 0x54, 0x30, 0x39, 0x40,
    0xf7, 0x8b, 0x56, 0x1d, 0xab, 0x83, 0xd2, 0x50,
    0x1c, 0x82, 0x45, 0x5, 0x36, 0x5f, 0x55, 0xf2,
    0xa4, 0x26, 0xd, 0xf2, 0x5e, 0x80, 0x84, 0x88,
    0x7f, 0x20, 0x43, 0xd9, 0x6, 0x5c, 0x4a, 0x83,
    0xc8, 0x7a, 0xa0, 0x34, 0x43, 0xe4, 0x3b, 0xe4,
    0xfc, 0x1d, 0x18, 0x7f, 0xf1, 0xd1, 0xe, 0xf9,
    0x3f, 0x7, 0xff, 0x6, 0xbf, 0x83, 0xa8, 0x1e,
    0x5f, 0xe0, 0xc0,

    /* U+706B "火" */
    0xf, 0xfe, 0xa7, 0x83, 0xff, 0xd9, 0x21, 0xff,
    0xc2, 0x60, 0xcc, 0x1f, 0xfc, 0x29, 0xc, 0x98,
    0x7f, 0xf0, 0x21, 0xd, 0x1, 0xf, 0xf2, 0x88,
    0x3b, 0x20, 0xff, 0x44, 0x1f, 0x26, 0x1f, 0xb1,
    0x41, 0xf4, 0x4, 0x40, 0x88, 0x20, 0xfe, 0x84,
    0xc1, 0x89, 0x7, 0xf9, 0xc0, 0x81, 0x6, 0x87,
    0xff, 0x5, 0x18, 0x43, 0xff, 0x89, 0x12, 0x41,
    0xff, 0xc3, 0x84, 0x11, 0x7, 0xff, 0x6, 0x48,
    0xb, 0x41, 0xff, 0x49, 0x86, 0x86, 0xf, 0xe9,
    0x30, 0xf6, 0x38, 0x79, 0xd3, 0xf, 0xd8, 0x34,
    0x2e, 0x1c, 0x3f, 0xda, 0x58, 0x6a, 0x7, 0xff,
    0x2, 0x81, 0xad, 0xf, 0xfe, 0x13, 0xc0,

    /* U+70B9 "点" */
    0xf, 0xfe, 0x9f, 0x83, 0xff, 0xc1, 0xff, 0xc8,
    0x7f, 0xf2, 0x70, 0xff, 0xe0, 0x7f, 0xf4, 0x1f,
    0xfe, 0x4f, 0xf0, 0x3f, 0xf0, 0x7e, 0x5f, 0xfe,
    0x0, 0x7f, 0xab, 0xff, 0x80, 0x1f, 0xff, 0xf3,
    0xff, 0xf8, 0x1, 0xf9, 0x7f, 0xf8, 0x81, 0xee,
    0xbf, 0xf8, 0x58, 0x7a, 0x80, 0xd0, 0xb8, 0x2e,
    0xe, 0x8c, 0x2c, 0x32, 0x14, 0x41, 0x91, 0x9,
    0xa, 0x10, 0x22, 0x14, 0x41, 0x21, 0x92, 0xa,
    0x21, 0x42, 0x1f, 0xc8, 0x64, 0x45, 0x41, 0xa8,
    0x1a, 0xc3, 0x58,

    /* U+70ED "热" */
    0xe, 0x43, 0xc8, 0x7f, 0xf0, 0x78, 0x3d, 0x40,
    0xff, 0xf4, 0xfc, 0xf, 0x37, 0x87, 0xf4, 0x1f,
    0xfc, 0xd, 0x9, 0x41, 0xf7, 0xc0, 0xf2, 0xac,
    0x69, 0x87, 0xff, 0x57, 0xc4, 0xa3, 0xf, 0xe6,
    0xc2, 0x5a, 0x81, 0xff, 0x48, 0x5c, 0xe8, 0x30,
    0xf2, 0x8b, 0xc1, 0xec, 0xf, 0x6, 0xe1, 0xf,
    0xd1, 0xc1, 0x91, 0x41, 0xfd, 0x8, 0xf0, 0x89,
    0x95, 0x8, 0x34, 0x83, 0xb2, 0x11, 0x62, 0xd,
    0x87, 0x94, 0x40, 0xfc, 0x17, 0x83, 0xf7, 0x90,
    0xdc, 0xa, 0x5, 0xe0, 0xb8, 0x3a, 0x30, 0x28,
    0x24, 0x41, 0x10, 0x64, 0x40, 0x86, 0x8c, 0xb,
    0x81, 0x10, 0x58, 0x86, 0x42, 0x88, 0x8, 0x84,
    0x98, 0x50, 0x84, 0x85, 0xc1, 0xd4, 0x9, 0xd0,
    0xac,

    /* U+710A "焊" */
    0xf, 0xfe, 0x6d, 0x87, 0xff, 0x35, 0xff, 0xf8,
    0x3f, 0xf8, 0xb, 0xf8, 0x3f, 0xf8, 0x5d, 0x7c,
    0x1b, 0x83, 0x50, 0x1d, 0x7c, 0x19, 0x41, 0x28,
    0x25, 0xfc, 0x1b, 0xd, 0x10, 0x2f, 0xf8, 0x32,
    0x21, 0x41, 0xff, 0xc5, 0xc0, 0xa0, 0xaf, 0xf8,
    0x3f, 0xa0, 0x2f, 0xfd, 0x5, 0x61, 0xea, 0xff,
    0x21, 0x2c, 0x19, 0xaf, 0xf8, 0x3f, 0xda, 0xff,
    0xc1, 0xfe, 0xbf, 0x27, 0xf0, 0x7d, 0x7, 0xff,
    0x1a, 0x17, 0x57, 0x25, 0x78, 0x24, 0x8b, 0x5e,
    0x2, 0xf8, 0x8, 0x95, 0x7f, 0x27, 0xf8, 0x11,
    0xa, 0xf, 0xfe, 0x1a, 0x21, 0xff, 0xc7, 0xc8,
    0x3f, 0xf8, 0xf4, 0xf, 0xfe, 0x40,

    /* U+7136 "然" */
    0xf, 0xfe, 0x7f, 0x83, 0xef, 0x8, 0x7f, 0x90,
    0xff, 0x58, 0x7d, 0xf, 0xe0, 0xf4, 0x41, 0xca,
    0x16, 0xf, 0xcc, 0xa0, 0xd1, 0xd4, 0x1f, 0xcc,
    0x85, 0x2, 0xd, 0x58, 0x15, 0x70, 0x14, 0x4e,
    0x42, 0xe0, 0x2f, 0x2, 0x27, 0x84, 0x1f, 0x2,
    0xfc, 0x40, 0x91, 0x8c, 0x24, 0x18, 0x75, 0x36,
    0x5c, 0x1a, 0x2, 0x1e, 0x4a, 0x31, 0x4, 0x8e,
    0x41, 0xf9, 0xcc, 0x26, 0x21, 0x50, 0x79, 0xc8,
    0x26, 0x20, 0x43, 0x6, 0x62, 0x41, 0x42, 0x42,
    0xc7, 0x5, 0x9, 0x2, 0x8d, 0xe, 0xd0, 0xb3,
    0x42, 0x6c, 0x3f, 0x58, 0x1e, 0xc1, 0x44, 0x14,
    0xa, 0xc3, 0xca, 0x2, 0x83, 0x21, 0xc8, 0x68,
    0x80, 0x86, 0x88, 0x11, 0x4, 0xb0, 0x58, 0x86,
    0x42, 0x88, 0x11, 0x4, 0x98, 0x52, 0x12, 0x20,
    0xe0, 0xee, 0x9, 0x83, 0x78,

    /* U+718A "熊" */
    0xe, 0x50, 0x79, 0xf, 0xfe, 0x3, 0x40, 0xea,
    0x7, 0x21, 0xcc, 0x6e, 0x1f, 0xae, 0xc, 0xc6,
    0x24, 0x1a, 0xf2, 0xa0, 0xa8, 0x4b, 0xc, 0x12,
    0x5c, 0x41, 0xd5, 0x80, 0xc0, 0xf2, 0xd, 0x5,
    0xff, 0xa8, 0x4, 0x32, 0x1b, 0xff, 0x3, 0x2f,
    0xc2, 0x1c, 0xbc, 0x63, 0x2f, 0x50, 0x33, 0x5c,
    0x13, 0xd7, 0x7, 0x9f, 0xe0, 0xb4, 0x27, 0x90,
    0xcd, 0x70, 0x73, 0x71, 0x21, 0xcb, 0x83, 0xd2,
    0xac, 0x83, 0x3f, 0xa0, 0xeb, 0x93, 0x43, 0x3f,
    0xc1, 0xc8, 0x7f, 0xf0, 0x94, 0x66, 0x75, 0x90,
    0xfd, 0xd0, 0x45, 0xb, 0x8c, 0x2b, 0x7, 0xe0,
    0xaf, 0xf0, 0x74, 0x82, 0x81, 0x58, 0x56, 0x86,
    0x84, 0xa, 0xb, 0x10, 0x44, 0x12, 0x1c, 0x88,
    0x12, 0x9, 0x10, 0x46, 0x16, 0x61, 0x21, 0xa2,
    0x4, 0x86, 0x68, 0x15, 0x86, 0xb0,

    /* U+7231 "爱" */
    0xf, 0xfe, 0x2, 0xea, 0x78, 0x37, 0xff, 0xab,
    0x2e, 0xc, 0xbd, 0x5d, 0xfd, 0x50, 0x6a, 0x2,
    0x51, 0x61, 0xa8, 0x87, 0xe4, 0x24, 0x43, 0x22,
    0x1c, 0xa0, 0x6b, 0x89, 0x58, 0xb8, 0x15, 0x20,
    0xa9, 0x1a, 0x1, 0xa6, 0x1b, 0xfa, 0xff, 0xf0,
    0x6d, 0xd, 0x40, 0xff, 0x38, 0x1d, 0x78, 0x5f,
    0xf6, 0x13, 0x5c, 0xa, 0xff, 0xb0, 0x3f, 0x81,
    0xff, 0xfc, 0x8, 0x3c, 0x88, 0x7f, 0xf1, 0xe1,
    0xff, 0xf8, 0x3e, 0x82, 0x6b, 0xc8, 0x10, 0xf4,
    0xac, 0x45, 0xe0, 0x30, 0x72, 0x88, 0xca, 0x1,
    0xd5, 0x7, 0x50, 0xc2, 0xd5, 0xe8, 0xa0, 0x74,
    0x98, 0x64, 0x39, 0xf, 0xb7, 0x15, 0x72, 0xa8,
    0xab, 0xd2, 0x86, 0x3a, 0x2a, 0xe5, 0x5c, 0x8d,
    0x10, 0x9b, 0xd2, 0x1e, 0x6f, 0x51,

    /* U+7236 "父" */
    0xf, 0xfe, 0xa, 0x1f, 0xfc, 0x3f, 0x6, 0xb0,
    0xff, 0xe0, 0xe2, 0x1a, 0x30, 0xff, 0xb0, 0x41,
    0x98, 0xd0, 0xfd, 0x83, 0xf, 0x31, 0x21, 0xec,
    0x18, 0x7e, 0x62, 0x43, 0x63, 0x87, 0xf9, 0x89,
    0x6, 0x33, 0xa1, 0xe7, 0x54, 0x40, 0x68, 0x14,
    0x1e, 0xc2, 0x68, 0x9, 0x2, 0x4, 0x39, 0x10,
    0x28, 0x3e, 0x88, 0x34, 0x41, 0xff, 0xc0, 0x51,
    0x1, 0x42, 0x1f, 0xfc, 0x18, 0x51, 0x18, 0x7f,
    0xf0, 0xe2, 0xc8, 0x3f, 0xf8, 0x8a, 0x2, 0x83,
    0xff, 0x88, 0xa0, 0x28, 0x3f, 0xf8, 0x74, 0x18,
    0xa0, 0x7f, 0xf0, 0x2d, 0x28, 0xc3, 0xc1, 0xfa,
    0xd1, 0xd0, 0x3a, 0x3c, 0x81, 0xf2, 0x3c, 0x1e,
    0xb4, 0x6d, 0x40, 0x78, 0x3f, 0xd6, 0x81, 0x2e,
    0xf, 0xfe, 0x15, 0xe0,

    /* U+7247 "片" */
    0xf, 0xfe, 0x75, 0x3, 0xf7, 0x83, 0xfe, 0x43,
    0xff, 0xfe, 0x1f, 0xfd, 0x7f, 0xfc, 0xf, 0xe4,
    0x3f, 0xfa, 0x1f, 0xff, 0xc3, 0x43, 0xff, 0x9c,
    0x87, 0xff, 0x87, 0xff, 0xd0, 0x7f, 0xcb, 0xf8,
    0x3f, 0xf8, 0x2d, 0x7e, 0xc3, 0xfc, 0x87, 0xff,
    0x27, 0x30, 0xff, 0xe3, 0xa2, 0x1f, 0xfc, 0x64,
    0x43, 0xff, 0x8f, 0x10, 0x7f, 0xf1, 0xb1, 0xf,
    0xfe, 0x3a, 0x41, 0xff, 0xc7, 0xb0, 0xff, 0xe0,
    0x70, 0x70,

    /* U+7259 "牙" */
    0x3f, 0xff, 0x90, 0x1f, 0xfc, 0xcf, 0xff, 0xe0,
    0x83, 0xf8, 0x3b, 0x83, 0xff, 0x8e, 0x87, 0xff,
    0x27, 0x30, 0xff, 0xe3, 0xa2, 0x1f, 0xfd, 0xc4,
    0x1f, 0xfc, 0xf, 0xe4, 0xb, 0xfc, 0x4, 0xb,
    0xe0, 0xab, 0xe4, 0xa0, 0x2b, 0x83, 0xfd, 0x8a,
    0xf, 0xfe, 0x2e, 0x30, 0x7f, 0xf1, 0x71, 0x83,
    0xff, 0x88, 0xe3, 0x7, 0xff, 0x13, 0x8a, 0x7,
    0xff, 0xe, 0xc1, 0xa1, 0xff, 0xc2, 0x74, 0xb0,
    0xff, 0xe2, 0x23, 0xa1, 0xaf, 0xc2, 0x1f, 0x70,
    0x7f, 0xcc, 0x1e,

    /* U+7269 "物" */
    0xf, 0xfe, 0x6d, 0x87, 0x78, 0x3f, 0xf8, 0x8,
    0x7c, 0x87, 0xf5, 0x87, 0xd1, 0x7, 0xff, 0x19,
    0x2b, 0xf8, 0x48, 0x14, 0x20, 0x2f, 0xf0, 0x48,
    0x17, 0xb8, 0xf0, 0xe1, 0x9c, 0x1e, 0x88, 0xc3,
    0x61, 0xd8, 0x68, 0x80, 0xa1, 0xe, 0x44, 0x34,
    0xa1, 0x30, 0x90, 0x38, 0x7d, 0x2, 0x13, 0xe,
    0xd0, 0xe9, 0x11, 0x2, 0x83, 0x30, 0x6d, 0x4,
    0x42, 0x61, 0xcd, 0x81, 0x98, 0x81, 0x8, 0x6a,
    0x21, 0x4b, 0x8, 0x48, 0x76, 0xf8, 0x26, 0x30,
    0x64, 0x1c, 0xc1, 0xd1, 0x1, 0x10, 0x93, 0xf,
    0xb9, 0x4, 0x41, 0xff, 0xc2, 0x41, 0x90, 0x7f,
    0xf1, 0x61, 0x41, 0xa1, 0xf, 0xe9, 0x23, 0xf0,
    0x87, 0xff, 0x3, 0x2, 0xea, 0x7, 0xfa, 0xc2,
    0xac, 0x80,

    /* U+7279 "特" */
    0xc, 0xc1, 0xfb, 0x43, 0xfd, 0xa1, 0xfd, 0x87,
    0xd6, 0x1f, 0xe4, 0x3f, 0xf8, 0xb7, 0xd0, 0xfe,
    0x80, 0x87, 0xe5, 0xc0, 0x5d, 0x86, 0xd3, 0xcd,
    0x70, 0xd6, 0x43, 0x20, 0x58, 0x3f, 0xf8, 0x29,
    0x44, 0xaf, 0xb1, 0xae, 0x40, 0x87, 0x2f, 0x4,
    0xbd, 0xe0, 0xfb, 0xff, 0x43, 0xea, 0x83, 0x90,
    0xff, 0xe1, 0xa0, 0x4e, 0xf, 0xfe, 0x1b, 0x61,
    0x37, 0xfd, 0xf, 0x9a, 0x21, 0x76, 0xbf, 0x4,
    0xb6, 0xda, 0x13, 0x15, 0xe1, 0xa0, 0xc8, 0x79,
    0x58, 0x7f, 0xf1, 0xd4, 0x41, 0xff, 0xc7, 0x96,
    0xf, 0xfe, 0x3d, 0xa1, 0xb0, 0xff, 0xe1, 0xb4,
    0xe0, 0xff, 0xe2, 0xac, 0x5, 0x7, 0xff, 0x13,
    0xf4, 0x18,

    /* U+72C4 "狄" */
    0xf, 0xfe, 0xa, 0x83, 0xf3, 0x6, 0x43, 0xb8,
    0x3f, 0x6a, 0x5, 0x10, 0xff, 0xe1, 0x44, 0x28,
    0x43, 0xff, 0x87, 0x1c, 0x61, 0xff, 0x21, 0x90,
    0xb3, 0x83, 0xfa, 0xc2, 0x80, 0x84, 0x87, 0xe8,
    0x81, 0x20, 0x41, 0x10, 0x7c, 0x88, 0xa3, 0x84,
    0x44, 0x8, 0x51, 0x1, 0xb1, 0x30, 0x44, 0x1c,
    0x88, 0x48, 0x10, 0xc8, 0x84, 0xc4, 0x1f, 0x42,
    0x14, 0xa0, 0x79, 0x41, 0xec, 0x3c, 0xc1, 0x2a,
    0xf, 0x64, 0x87, 0xb0, 0xff, 0x62, 0x83, 0xe4,
    0x88, 0x39, 0x18, 0x3e, 0x85, 0x8, 0x73, 0x40,
    0xfc, 0x91, 0x10, 0x72, 0x1f, 0xb2, 0x2, 0x28,
    0x3f, 0xf8, 0x10, 0x10, 0xb2, 0x43, 0xe4, 0x12,
    0x61, 0xd1, 0x20, 0xfc, 0x32, 0x61, 0xe5, 0x10,
    0x10, 0x98, 0x18, 0x7e, 0x94, 0xb, 0xe8, 0xb0,
    0xff, 0x50,

    /* U+72EC "独" */
    0xf, 0xfe, 0xb, 0x7, 0xe6, 0xd, 0x7, 0x68,
    0x7e, 0xd4, 0xd, 0x41, 0xff, 0xc2, 0x88, 0xc5,
    0x7, 0xff, 0xe, 0x31, 0x8a, 0xc9, 0x5c, 0x19,
    0x3, 0x1, 0x70, 0x17, 0x82, 0x70, 0x61, 0x9f,
    0x27, 0xc8, 0x4c, 0x24, 0x1f, 0xfc, 0x6a, 0x7,
    0xff, 0x19, 0xd1, 0x10, 0xff, 0xee, 0x28, 0xc3,
    0xff, 0x8d, 0x7, 0x9f, 0x27, 0xc8, 0x76, 0x41,
    0x97, 0x1, 0x78, 0xe, 0x48, 0x6a, 0xc9, 0x5c,
    0x1a, 0x40, 0x87, 0xf9, 0x82, 0x74, 0x3f, 0xf8,
    0x5a, 0x1f, 0xfc, 0x88, 0x83, 0xf2, 0x1f, 0x91,
    0x10, 0xf2, 0x7, 0xf9, 0x2e, 0x2, 0xa, 0x71,
    0x87, 0x97, 0x50, 0x80, 0xa0, 0x4a, 0xfe, 0xac,
    0xb0, 0x5f, 0x90, 0xff, 0xe0, 0xd0,

    /* U+738B "王" */
    0x1a, 0xff, 0xe3, 0x6, 0x5f, 0xfe, 0x30, 0x4f,
    0xfd, 0x3, 0xff, 0x7, 0xfc, 0x87, 0xff, 0xfc,
    0x3f, 0xf9, 0xf5, 0xf6, 0xa, 0xf9, 0xc, 0xbf,
    0x4, 0xbf, 0x7, 0x7f, 0xd0, 0x3f, 0xe4, 0x3f,
    0xe4, 0x3f, 0xff, 0xe1, 0xff, 0xe3, 0x7f, 0xf8,
    0x1f, 0xfc, 0x61, 0xff, 0xc9, 0xbf, 0xff, 0x90,
    0x0,

    /* U+73AF "环" */
    0x2b, 0xe7, 0xff, 0xf8, 0x0, 0x5f, 0x83, 0xff,
    0x87, 0xf0, 0xf9, 0xfe, 0x7, 0xf0, 0x7f, 0xf0,
    0x92, 0xf, 0xfe, 0x3c, 0x21, 0xff, 0xdc, 0x83,
    0xff, 0x92, 0x81, 0x83, 0xdf, 0xf, 0x90, 0x61,
    0x4a, 0xe, 0x50, 0x4b, 0x8, 0xa3, 0x24, 0x35,
    0x31, 0xa0, 0x22, 0xa, 0x20, 0xff, 0xe0, 0x62,
    0x19, 0x8c, 0x3f, 0xd0, 0x20, 0xe5, 0x10, 0x7e,
    0x51, 0x87, 0xd0, 0xa0, 0xf9, 0x20, 0xfe, 0xc4,
    0x3e, 0x74, 0x3f, 0xd8, 0x4c, 0x3c, 0x87, 0xff,
    0x5, 0xe4, 0xc, 0x87, 0xff, 0x5, 0x54, 0xf4,
    0x87, 0xff, 0xe, 0x50, 0x7f, 0xf7, 0x0,

    /* U+73B0 "现" */
    0xf, 0xe5, 0xff, 0x80, 0xd7, 0xc5, 0x7f, 0xc0,
    0xd7, 0xe0, 0xab, 0xe0, 0xd7, 0x93, 0xe0, 0x2f,
    0xf0, 0x7f, 0xf1, 0x1c, 0x3f, 0xf9, 0x18, 0x7f,
    0xff, 0x9f, 0x27, 0xc1, 0xff, 0xc2, 0x58, 0xb,
    0x7, 0xff, 0xe, 0x89, 0x50, 0x72, 0x1f, 0xfd,
    0xe4, 0x18, 0x7f, 0xf0, 0xf8, 0x83, 0xac, 0x3f,
    0x30, 0x48, 0x87, 0xa0, 0xc9, 0xca, 0x4, 0x41,
    0xe5, 0x5e, 0x9, 0xd3, 0x20, 0xff, 0x9b, 0xd0,
    0xe2, 0x83, 0xc8, 0x2e, 0x42, 0xa0, 0xc0, 0x4f,
    0xa1, 0xf, 0x28, 0xa0, 0x50, 0x72, 0x1f, 0x2b,
    0x43, 0xbf, 0xa0,

    /* U+7403 "球" */
    0xf, 0xfe, 0xb, 0x7, 0xff, 0x23, 0x47, 0xf,
    0xfe, 0x42, 0x61, 0xbf, 0xe0, 0xfe, 0xcc, 0x25,
    0x1, 0x60, 0xff, 0x50, 0x2a, 0x25, 0x5f, 0xc9,
    0xf5, 0x38, 0x3f, 0x2f, 0x1, 0x7d, 0x87, 0xea,
    0xe4, 0xeb, 0x90, 0xfc, 0xc1, 0xd8, 0x52, 0x1f,
    0xe5, 0x6, 0x40, 0xa8, 0x14, 0x4a, 0x9, 0x7,
    0x2a, 0x30, 0x28, 0xb, 0x19, 0x6, 0xa1, 0x85,
    0xe4, 0xf2, 0xb, 0xa, 0x6, 0x1f, 0xfc, 0x15,
    0x48, 0x88, 0x7f, 0xf0, 0xf4, 0x29, 0x41, 0xff,
    0xc0, 0x72, 0x40, 0x90, 0x7f, 0xd4, 0x24, 0x34,
    0x61, 0xf9, 0x13, 0x43, 0x94, 0x60, 0x64, 0xe7,
    0xc1, 0xfa, 0x44, 0x90, 0x2c, 0x1c, 0x87, 0x51,
    0x2f, 0xa8, 0x15, 0xe0, 0xf9, 0x2, 0x1f, 0x90,
    0xa0, 0xf8,

    /* U+7406 "理" */
    0xf, 0xef, 0xff, 0x91, 0xff, 0x83, 0xff, 0x81,
    0x8b, 0x4, 0xa0, 0x3f, 0xf, 0xc1, 0xaa, 0x2a,
    0xf, 0xfe, 0x62, 0x1f, 0xfc, 0xaf, 0x87, 0xe0,
    0xff, 0xe1, 0x2c, 0x5, 0x83, 0xff, 0x82, 0xd4,
    0x35, 0x6, 0xf4, 0x5c, 0x1f, 0xfc, 0xc6, 0xa1,
    0xa8, 0x37, 0xa2, 0xe0, 0x96, 0x2, 0xc1, 0xff,
    0xc0, 0xfe, 0x1f, 0xd0, 0x7f, 0xf5, 0x2b, 0x86,
    0xb8, 0x3f, 0x97, 0xc0, 0x5e, 0xf, 0x99, 0xfe,
    0x1f, 0xe0, 0x98, 0xa2, 0x1f, 0xfc, 0x27, 0x82,
    0x60, 0xff, 0xe1, 0x23, 0x7a, 0x2b, 0xc3, 0x5e,
    0x39, 0xb, 0x5f, 0x1, 0x7c,

    /* U+751F "生" */
    0xf, 0xfe, 0xa3, 0xa1, 0xff, 0xc1, 0x74, 0x3f,
    0xf8, 0xf0, 0x87, 0xff, 0x71, 0x7, 0xe8, 0xbf,
    0xe8, 0x34, 0x1f, 0xfc, 0x84, 0x7f, 0xa2, 0xff,
    0xa0, 0xa2, 0xf, 0xfe, 0x34, 0x41, 0xff, 0xc7,
    0x44, 0x3f, 0xf8, 0xfe, 0xf, 0xfe, 0x57, 0xfd,
    0x17, 0xfa, 0xf, 0xfe, 0x4a, 0x1d, 0xff, 0x45,
    0xff, 0x7, 0xff, 0xfc, 0x3f, 0xf9, 0xb9, 0x87,
    0xfb, 0xff, 0x91, 0xff, 0xd0, 0xbf, 0xfc, 0x8c,

    /* U+7528 "用" */
    0xb, 0xff, 0xf8, 0xa1, 0xff, 0xce, 0x7f, 0xc3,
    0xfc, 0x87, 0xff, 0xe5, 0xff, 0xf, 0xf2, 0x1f,
    0xfc, 0xf7, 0xfc, 0x3f, 0xc8, 0x7f, 0xfc, 0x90,
    0xf3, 0xfe, 0x1f, 0xe0, 0xe4, 0xb, 0xc1, 0x2f,
    0x7, 0xd5, 0xec, 0x6b, 0x90, 0xd8, 0x7f, 0xf2,
    0x11, 0xf, 0xfe, 0xa, 0x1f, 0xfc, 0xc8, 0x83,
    0xfe, 0xa6, 0x19, 0x10, 0xff, 0x94, 0x8, 0x1e,
    0xf, 0xdc, 0xf, 0xc8,

    /* U+7530 "田" */
    0xff, 0xfe, 0x30, 0x7f, 0xf2, 0xbf, 0xc0, 0xff,
    0x7, 0xff, 0xfc, 0x3f, 0xfc, 0x1f, 0xe0, 0x7f,
    0x83, 0x97, 0xc0, 0x5f, 0x7, 0x57, 0x81, 0x5e,
    0xf, 0xff, 0xf8, 0x7f, 0xf3, 0x7f, 0xc0, 0xff,
    0x7, 0xff, 0x33, 0xff, 0xf8, 0x41, 0xff, 0xca,

    /* U+7531 "由" */
    0xf, 0xca, 0xf, 0xfe, 0x25, 0x3, 0xff, 0xe5,
    0xff, 0x81, 0xff, 0x80, 0xbe, 0x2, 0xf8, 0x35,
    0x78, 0x15, 0xe0, 0xff, 0xff, 0x9f, 0xe0, 0x7f,
    0x83, 0x2f, 0x80, 0xbe, 0xd, 0x5e, 0x5, 0x78,
    0x3f, 0xff, 0xe7, 0xf8, 0x1f, 0xe0, 0xff, 0xe5,
    0x7f, 0xff, 0x8, 0x3f, 0xf9, 0x0,

    /* U+7535 "电" */
    0xf, 0xfe, 0x7f, 0x83, 0xff, 0xcf, 0xff, 0x3,
    0xff, 0x7, 0x2f, 0x1, 0x7c, 0x1f, 0x57, 0x2,
    0xbc, 0x1f, 0xfe, 0x3a, 0xe0, 0x75, 0xc1, 0xf2,
    0xf0, 0x4b, 0xc1, 0xf7, 0xf0, 0x3f, 0xc1, 0xff,
    0xf7, 0xfe, 0x7, 0xf8, 0x39, 0x7e, 0x2, 0xfe,
    0x3a, 0xfc, 0xa, 0xfc, 0x1f, 0xfd, 0x24, 0x43,
    0xe8, 0xc3, 0xec, 0xba, 0xde, 0x44, 0x3e, 0x50,
    0x17, 0x5, 0x0,

    /* U+7537 "男" */
    0xf, 0xfe, 0x53, 0xff, 0xfc, 0x44, 0x39, 0x78,
    0xb, 0xe0, 0xf3, 0x5c, 0xa, 0xec, 0x3f, 0xf9,
    0xcf, 0xf0, 0x3f, 0xa0, 0xf9, 0x78, 0xb, 0xe0,
    0xf3, 0x5c, 0xa, 0xec, 0x3f, 0xf9, 0xcf, 0xf0,
    0x3f, 0xa0, 0xcb, 0xf0, 0x17, 0xf0, 0x6a, 0xf0,
    0xd7, 0xe4, 0x3f, 0x21, 0xff, 0xc0, 0xbf, 0xd0,
    0xff, 0xf0, 0x7f, 0xf2, 0x6f, 0xf0, 0x3f, 0xf0,
    0x7f, 0x42, 0x1f, 0xc8, 0x7a, 0x48, 0x3e, 0x43,
    0xce, 0x98, 0x7e, 0xcc, 0xf, 0xe, 0x13, 0x57,
    0x91, 0x38, 0x78, 0x39, 0x60, 0xa0, 0x4f, 0x7,
    0x9f, 0xf2, 0x0,

    /* U+753B "画" */
    0x3f, 0xff, 0x91, 0xb, 0xff, 0xc8, 0xca, 0xff,
    0xe4, 0x21, 0xff, 0xcc, 0x90, 0x7f, 0xf9, 0x4,
    0x84, 0xe1, 0x94, 0x5, 0x82, 0x50, 0x7f, 0x34,
    0x4a, 0x83, 0xff, 0xb0, 0x86, 0x44, 0x3f, 0xf8,
    0x7e, 0x4b, 0x83, 0xff, 0x84, 0xf9, 0x3d, 0x7,
    0xff, 0x25, 0xf, 0xfe, 0xc2, 0xe1, 0x50, 0x7f,
    0xf0, 0xe8, 0xa, 0x21, 0xff, 0xc1, 0xff, 0xf2,
    0x1f, 0xfd, 0x26, 0xbf, 0xf8, 0x61, 0xf2, 0xff,
    0xf0, 0x83, 0xdf, 0xff, 0xc4, 0x83, 0xff, 0x9a,

    /* U+754C "界" */
    0xa, 0xbf, 0xf8, 0x88, 0x72, 0xff, 0xf1, 0x30,
    0xf3, 0xfc, 0x9f, 0xe0, 0xff, 0xe9, 0x2f, 0xc2,
    0xf8, 0x3f, 0xab, 0x81, 0x5e, 0xf, 0xcf, 0xf2,
    0x7f, 0x83, 0xff, 0xa4, 0xd7, 0x25, 0x78, 0x3f,
    0x97, 0x80, 0xbe, 0xf, 0xbf, 0xc1, 0xaf, 0xe8,
    0x3f, 0x9c, 0x72, 0x81, 0xff, 0xc1, 0xa1, 0x43,
    0x1c, 0x3f, 0xce, 0x92, 0x16, 0x9c, 0x1e, 0xb8,
    0x3f, 0xf8, 0xf, 0x91, 0xd1, 0xe3, 0xe, 0x4e,
    0x5, 0xaa, 0xe0, 0xb0, 0xfc, 0xf9, 0x89, 0xb,
    0x10, 0xff, 0xa4, 0x39, 0x41, 0xff, 0xc7, 0x63,
    0xf, 0xfe, 0x2f, 0x18, 0x7f, 0xf1, 0xdc, 0x3f,
    0xf8, 0xfc, 0x1f, 0xde, 0xf, 0x0,

    /* U+7559 "留" */
    0xf, 0xfe, 0x6b, 0x78, 0x3f, 0xf8, 0x17, 0xd2,
    0x2b, 0xff, 0x91, 0x1a, 0x7a, 0x58, 0x5c, 0x1c,
    0xca, 0x90, 0x59, 0xd4, 0x87, 0xf4, 0x1c, 0x87,
    0x21, 0xec, 0x81, 0x87, 0xff, 0x1, 0xa0, 0x81,
    0x41, 0x90, 0xcf, 0x2b, 0x2c, 0x8a, 0x82, 0x42,
    0xb8, 0xd1, 0x17, 0x18, 0xab, 0x43, 0x98, 0x7f,
    0x5, 0x21, 0xee, 0xf, 0xfb, 0xff, 0xf8, 0x81,
    0xe5, 0xe0, 0x2f, 0x7, 0xcd, 0x70, 0x2b, 0x90,
    0xff, 0xe7, 0x3f, 0xc0, 0xfe, 0x43, 0xcd, 0x70,
    0x2b, 0x83, 0xf2, 0xf0, 0x17, 0xc1, 0xff, 0xce,
    0x7f, 0x81, 0xfc, 0x87, 0xd5, 0xff, 0xc0, 0xf,
    0x97, 0xff, 0x84, 0x10,

    /* U+7565 "略" */
    0xf, 0xfe, 0xaf, 0x7, 0xff, 0x1a, 0x30, 0xfb,
    0xff, 0x4, 0x97, 0xf0, 0x64, 0x8, 0x68, 0x5e,
    0xe, 0x68, 0x48, 0x14, 0x56, 0xc4, 0x3f, 0xe8,
    0x18, 0x51, 0x7, 0xf9, 0x3c, 0x46, 0x41, 0xff,
    0x38, 0x27, 0x24, 0x3f, 0xf8, 0xe8, 0x73, 0x42,
    0x43, 0x50, 0x4e, 0xe, 0x40, 0x81, 0xf3, 0x76,
    0xaf, 0x23, 0xc6, 0x99, 0x68, 0x57, 0x7, 0xfa,
    0xca, 0xf8, 0xd0, 0xff, 0x4b, 0xf6, 0x1f, 0xfc,
    0x17, 0xf8, 0x3f, 0xfa, 0x18, 0x7f, 0xf1, 0x9d,
    0x34, 0x3f, 0xf8, 0x95, 0xe0, 0x9a, 0xe0, 0xe5,
    0xf8, 0x32, 0xf0, 0x6e, 0xf, 0xe7, 0xf8, 0x3f,
    0xf9, 0xa0,

    /* U+75C5 "病" */
    0xf, 0xfe, 0xab, 0xc1, 0xff, 0xc7, 0x44, 0x3f,
    0xf8, 0x15, 0xf8, 0x15, 0xf2, 0x19, 0x7f, 0x1,
    0x7e, 0xec, 0x27, 0xff, 0xf8, 0x76, 0x21, 0xff,
    0xc7, 0x48, 0x27, 0xff, 0xf8, 0x48, 0x87, 0x2f,
    0x80, 0xbe, 0x4, 0x40, 0x6b, 0xc3, 0x5e, 0x40,
    0xe1, 0xff, 0xc8, 0x90, 0xab, 0xc3, 0x5c, 0x85,
    0x61, 0x2f, 0x80, 0xbd, 0x8e, 0x87, 0xbf, 0x17,
    0xe0, 0xe6, 0x30, 0xf2, 0x41, 0xf3, 0xc1, 0xfd,
    0x3, 0xf, 0xec, 0x43, 0xb3, 0x8c, 0x3f, 0x21,
    0xe8, 0x86, 0x30, 0xfc, 0x86, 0x96, 0x3, 0x8,
    0x74, 0x41, 0xb6, 0xc, 0xe8, 0x72, 0x1e, 0x60,
    0xff, 0xe0, 0x44, 0x1f, 0xf7, 0xe3, 0x9, 0x41,
    0xff, 0xc2, 0x64, 0x14, 0xd, 0xe0, 0xf7, 0xd2,
    0x0,

    /* U+767D "白" */
    0xf, 0xfe, 0x6f, 0x83, 0xff, 0xab, 0x10, 0x7f,
    0x5f, 0xc9, 0x7f, 0xe8, 0x3f, 0xf9, 0x1f, 0xff,
    0xc2, 0xf, 0xff, 0xf9, 0x5f, 0xfc, 0x20, 0xcb,
    0xff, 0xc2, 0xd, 0xff, 0xfc, 0x20, 0xff, 0xff,
    0x87, 0xff, 0x1f, 0xff, 0xf8, 0x41, 0xff, 0xca,
    0xff, 0xfe, 0x10, 0x7f, 0xf2, 0x0,

    /* U+767E "百" */
    0x3f, 0xff, 0x91, 0x7, 0xff, 0x2f, 0xff, 0x81,
    0xff, 0xd0, 0x7f, 0x22, 0x1f, 0xfc, 0x7c, 0xc3,
    0xff, 0x83, 0x7f, 0x25, 0xff, 0x7, 0xff, 0x4b,
    0xff, 0xf8, 0x8, 0x7f, 0xff, 0xff, 0xff, 0x80,
    0x87, 0xff, 0x4f, 0xff, 0xf8, 0x8, 0x7f, 0xff,
    0xfa, 0xff, 0x90, 0xff, 0x2f, 0xfc, 0x1f, 0xef,
    0xff, 0xe0, 0x21, 0xff, 0xce,

    /* U+7684 "的" */
    0xd, 0x21, 0xee, 0xf, 0xe5, 0x61, 0xff, 0xc5,
    0xcc, 0x39, 0x30, 0xfe, 0x44, 0x3a, 0x10, 0xf5,
    0xe0, 0x7d, 0x6, 0xff, 0x21, 0xfe, 0x83, 0xfe,
    0xfe, 0x9, 0x3f, 0xa0, 0xff, 0xa2, 0xf, 0xfe,
    0x2a, 0x21, 0xd8, 0x87, 0xf7, 0x7, 0xff, 0x1d,
    0xd0, 0xff, 0xe3, 0xc1, 0xfd, 0xfc, 0x1a, 0x30,
    0xfe, 0x58, 0x39, 0x44, 0x1f, 0x75, 0x61, 0xd0,
    0x87, 0xff, 0x1a, 0x81, 0xff, 0xc6, 0x50, 0x10,
    0xff, 0xf0, 0x7f, 0x7, 0xf2, 0x1f, 0xfc, 0x3b,
    0xe8, 0x42, 0xff, 0x41, 0xf9, 0x83, 0xff, 0x83,
    0x7e, 0x80,

    /* U+76AE "皮" */
    0xf, 0xfe, 0xaf, 0x83, 0xff, 0xad, 0x5f, 0x81,
    0x5f, 0x21, 0x97, 0xf0, 0x17, 0xec, 0x39, 0xff,
    0x3, 0xf9, 0x30, 0xff, 0xe3, 0xa2, 0x1f, 0xfc,
    0x84, 0x3f, 0xf9, 0x1e, 0xf, 0xfe, 0x4a, 0x1e,
    0x7f, 0xc0, 0xff, 0x7, 0xe4, 0xb, 0xf8, 0x3f,
    0xcc, 0x82, 0xbe, 0x48, 0x3f, 0xa1, 0xf, 0x28,
    0x43, 0x90, 0xd1, 0x87, 0x46, 0x1f, 0xb0, 0x28,
    0xc2, 0xc8, 0x3e, 0xc3, 0xa4, 0xdc, 0x90, 0xf9,
    0x10, 0xd2, 0x44, 0x87, 0xff, 0xd, 0x41, 0x68,
    0x7d, 0x10, 0x4f, 0xc, 0xab, 0x43, 0x91, 0x2e,
    0x7, 0x36, 0x97, 0x22, 0x46, 0x8d, 0x87, 0x5a,
    0x32, 0xe1, 0x5c, 0x87, 0xeb, 0x94,

    /* U+76DB "盛" */
    0xf, 0xf9, 0x41, 0xff, 0xc8, 0xe0, 0xb4, 0x3f,
    0xf8, 0x78, 0x81, 0x83, 0xcd, 0x7e, 0xca, 0x81,
    0xd0, 0x2d, 0x7f, 0x80, 0xb0, 0x14, 0x1d, 0xff,
    0x81, 0xfa, 0xf0, 0x7f, 0xf0, 0x50, 0xdc, 0x1f,
    0x7f, 0x81, 0x91, 0x88, 0x72, 0x2e, 0xc, 0x8c,
    0x30, 0x7d, 0x59, 0xd, 0xa, 0x87, 0xf, 0xe4,
    0x26, 0x4, 0x1e, 0x44, 0xa6, 0x2b, 0x84, 0xd2,
    0x41, 0x10, 0xa1, 0xa0, 0xf4, 0x2c, 0xc8, 0x41,
    0xf4, 0x5c, 0x7, 0x99, 0x32, 0xf, 0x90, 0xf3,
    0x20, 0x73, 0xff, 0xf8, 0x81, 0xf2, 0xe1, 0x60,
    0x2c, 0x1f, 0xdd, 0x32, 0xa4, 0xa8, 0x3f, 0xfc,
    0xbf, 0x17, 0xa3, 0xe4, 0xf8, 0x1e, 0x17, 0xff,
    0x92, 0x0,

    /* U+76EE "目" */
    0xff, 0xfe, 0x20, 0x7f, 0xf1, 0xbf, 0xff, 0x80,
    0x1f, 0xfe, 0x8f, 0xff, 0xe0, 0x6, 0x5f, 0xfe,
    0x0, 0x6a, 0xff, 0xe0, 0x7, 0xff, 0x62, 0xbf,
    0xf8, 0x1, 0x97, 0xff, 0x80, 0x1b, 0xff, 0xf8,
    0x1, 0xff, 0xe8, 0xff, 0xfe, 0x0, 0x7f, 0xf2,
    0x3f, 0xff, 0x80, 0x1f, 0xfc, 0x60,

    /* U+76F4 "直" */
    0xf, 0xfe, 0xa5, 0x87, 0xfc, 0xbf, 0xe2, 0x5f,
    0xc0, 0xeb, 0xf0, 0x1a, 0xfc, 0xb, 0xff, 0x27,
    0xff, 0x7, 0xff, 0x3e, 0xbc, 0x95, 0xe4, 0x3e,
    0x5f, 0x1, 0x7d, 0x87, 0xe7, 0xff, 0xe0, 0xff,
    0x21, 0xfe, 0x43, 0xfe, 0xff, 0xf4, 0x1f, 0xf7,
    0xff, 0xa0, 0xff, 0x21, 0xfe, 0x43, 0xfc, 0xff,
    0xfc, 0x1f, 0xf2, 0xff, 0xc1, 0xfe, 0x6b, 0xfe,
    0xf, 0xf2, 0xff, 0xd0, 0x7f, 0xd5, 0xfe, 0x43,
    0xfc, 0xff, 0xfc, 0x1f, 0xfc, 0xf7, 0xe1, 0xff,
    0xf8, 0x7e, 0x5f, 0xfe, 0x50,

    /* U+76F8 "相" */
    0xd, 0xc1, 0xff, 0xc8, 0x43, 0x7f, 0xfa, 0xf,
    0xfe, 0xa3, 0xff, 0x5, 0x50, 0x2a, 0xf, 0xfe,
    0xa, 0xc0, 0x58, 0x3f, 0xf8, 0x3f, 0x3, 0xe0,
    0xff, 0xe1, 0xa1, 0xf3, 0xff, 0x7, 0x41, 0xf9,
    0x7e, 0xf, 0xd8, 0x66, 0xbe, 0xd, 0x6, 0xd0,
    0xff, 0xe1, 0x28, 0x19, 0x7, 0xff, 0x6, 0x20,
    0xbc, 0x6, 0xbe, 0x9, 0x41, 0xfc, 0xbf, 0x1,
    0x20, 0xfc, 0xff, 0xc0, 0x60, 0xff, 0xe4, 0x21,
    0xff, 0xe7, 0x7f, 0xe0, 0xff, 0xeb, 0x3f, 0xf0,
    0x7f, 0xf2, 0xc0,

    /* U+770B "看" */
    0xf, 0xfe, 0xa, 0xd4, 0xd0, 0x9b, 0xff, 0xd5,
    0x28, 0xc2, 0xd0, 0x2c, 0x6, 0xaf, 0xe8, 0x2b,
    0xea, 0x93, 0x58, 0x3f, 0xd5, 0xe4, 0xeb, 0xf0,
    0x72, 0xf8, 0xb, 0xfe, 0xd, 0xfc, 0x97, 0xff,
    0x20, 0x5f, 0xc0, 0x5f, 0xf8, 0xeb, 0xc0, 0xaf,
    0xfe, 0x1, 0x7e, 0x81, 0xff, 0xfc, 0x10, 0xf4,
    0x41, 0xff, 0xc6, 0xc1, 0x7f, 0xf9, 0xf, 0x60,
    0xbf, 0xfa, 0xf, 0xb0, 0xb5, 0xfe, 0xc3, 0x9c,
    0x61, 0xaf, 0xe4, 0x3b, 0x18, 0x17, 0xff, 0x41,
    0xdd, 0x2, 0xd7, 0xfb, 0xe, 0x50, 0x66, 0xbf,
    0x90, 0xff, 0xaf, 0xfe, 0x83, 0xfe, 0xbf, 0xfa,
    0xf, 0xf9, 0xaf, 0xe4, 0x3f, 0xed, 0x7f, 0xb0,
    0xe0,

    /* U+771F "真" */
    0xf, 0xf2, 0x1f, 0xfc, 0x9a, 0x7, 0xfc, 0xbf,
    0xa1, 0x7f, 0xc0, 0xaf, 0xc8, 0x2b, 0xf8, 0x1f,
    0xfc, 0x3f, 0xfc, 0x1f, 0xfc, 0xe7, 0xfc, 0x3f,
    0xe0, 0xfe, 0xbf, 0xfc, 0x1f, 0xf6, 0xbf, 0xe0,
    0xff, 0x9a, 0xff, 0x7, 0xfd, 0x7f, 0xf9, 0xf,
    0xf6, 0xbf, 0xf0, 0x7f, 0x9a, 0xff, 0x7, 0xfd,
    0x7f, 0xf9, 0xf, 0xf5, 0xff, 0xe4, 0x3f, 0xd5,
    0xff, 0x7, 0xf6, 0x5, 0xff, 0x1, 0xa, 0xf2,
    0x5f, 0xfe, 0x5, 0xe6, 0xff, 0x37, 0xe6, 0xff,
    0x21, 0xd6, 0xe1, 0x9b, 0x43, 0xe7, 0xc9, 0x40,
    0xda, 0x5c, 0x81, 0xe1, 0xf2, 0x1e, 0xb9, 0x54,
    0x15, 0x70, 0x7f, 0xcd, 0xd8,

    /* U+773C "眼" */
    0xf, 0xfe, 0x4b, 0xfd, 0x3, 0xff, 0xc1, 0x96,
    0xf, 0x2f, 0x83, 0xd5, 0x7, 0x35, 0xe4, 0x3f,
    0xfa, 0xcd, 0x79, 0xe, 0x94, 0x1e, 0x5f, 0x7,
    0x9a, 0x7, 0x3f, 0xe4, 0x3b, 0xe0, 0xff, 0xe7,
    0x2f, 0xe0, 0xff, 0xe1, 0x57, 0x83, 0xff, 0x87,
    0x25, 0x70, 0x6f, 0x83, 0x95, 0x81, 0x61, 0x9,
    0x60, 0xf9, 0x20, 0x54, 0x15, 0x41, 0xf9, 0x2d,
    0x58, 0x7f, 0xf0, 0xa1, 0x38, 0x3f, 0xf8, 0x90,
    0x87, 0xaa, 0xf, 0xcb, 0xb0, 0xe5, 0x83, 0xcf,
    0x32, 0x68, 0x5f, 0xa1, 0x18, 0x92, 0x49, 0xf,
    0xd8, 0x2d, 0xa, 0x8b, 0x61, 0xea, 0x68, 0x79,
    0x80,

    /* U+7740 "着" */
    0xf, 0xfe, 0x7b, 0x7, 0xed, 0xf, 0xf6, 0xc1,
    0xec, 0x3f, 0xf8, 0x12, 0xc1, 0xa2, 0x43, 0xdf,
    0xc9, 0x7e, 0x4b, 0xf2, 0x5, 0xfc, 0x2f, 0xf8,
    0x2a, 0xf8, 0x15, 0xfe, 0x42, 0xff, 0x27, 0xff,
    0x21, 0xab, 0x91, 0xaf, 0xe4, 0x32, 0xf0, 0x25,
    0xfe, 0x9, 0xaf, 0x25, 0x7f, 0xf0, 0xd, 0x7c,
    0x5, 0xff, 0xe0, 0x17, 0xe4, 0x7f, 0xff, 0x82,
    0x1c, 0xa0, 0x2f, 0xfc, 0x1e, 0x60, 0x35, 0xfe,
    0xc3, 0xa8, 0xf, 0xff, 0x83, 0xda, 0x17, 0xff,
    0xc1, 0xd0, 0xe9, 0x5f, 0xe4, 0x3a, 0x60, 0xff,
    0xe0, 0xe1, 0xe8, 0x35, 0x7f, 0xc1, 0xff, 0x7f,
    0xfa, 0xf, 0xfb, 0xff, 0xd0, 0x7f, 0xcd, 0x7f,
    0x21, 0xff, 0x4b, 0xfd, 0x7, 0x0,

    /* U+77E5 "知" */
    0xf, 0xfe, 0x65, 0x87, 0xff, 0x1d, 0xf, 0xfe,
    0x3a, 0x21, 0xf7, 0xfe, 0x81, 0x8f, 0xf2, 0x1f,
    0xfc, 0x4, 0x3f, 0xef, 0xe0, 0xa2, 0xd3, 0xe4,
    0x3f, 0xe4, 0x43, 0xff, 0x8c, 0xc1, 0xff, 0xc7,
    0x90, 0xff, 0xe3, 0xd6, 0x4e, 0xa0, 0xff, 0x2f,
    0x4, 0xb0, 0x7f, 0x9f, 0xc0, 0xfc, 0x1f, 0xfc,
    0x44, 0x3f, 0xf9, 0x8, 0x7f, 0xf1, 0xa0, 0x41,
    0xff, 0xc5, 0x40, 0xc1, 0xff, 0xc3, 0x8b, 0x14,
    0x1f, 0xfc, 0x24, 0x4c, 0x83, 0x7f, 0x6, 0xc8,
    0x28, 0x83, 0xfe, 0xc5, 0x4, 0xd0, 0x2f, 0xe0,
    0xe8, 0x39, 0xf, 0xfe, 0x5, 0x87, 0xf7, 0x83,
    0xb8,

    /* U+77ED "短" */
    0x9, 0xf, 0xfe, 0x4d, 0x3, 0xff, 0x8e, 0x98,
    0x6b, 0xff, 0xe0, 0xb0, 0xff, 0xe4, 0xa5, 0xf5,
    0x3f, 0xfe, 0x2, 0x20, 0x56, 0x1f, 0xfc, 0x28,
    0xa1, 0x44, 0xaf, 0xf0, 0x11, 0xf, 0x97, 0xfc,
    0x5, 0x41, 0xfd, 0xfe, 0x43, 0x41, 0xff, 0xc9,
    0xac, 0x74, 0xf, 0xfe, 0xa, 0xe0, 0x94, 0x1f,
    0xfc, 0x17, 0xe4, 0xbc, 0x17, 0xf9, 0xf, 0xe4,
    0x25, 0xff, 0x7, 0x90, 0xea, 0xfc, 0x41, 0xfb,
    0xd, 0xe0, 0xca, 0x83, 0x90, 0xa0, 0xe4, 0x28,
    0x83, 0xa3, 0x54, 0x8, 0x80, 0x88, 0x72, 0x24,
    0x20, 0x43, 0x44, 0x1d, 0x10, 0x38, 0x2a, 0x4,
    0x87, 0x42, 0x1b, 0xf5, 0x3c, 0x3f, 0x22, 0x41,
    0xff, 0xc5, 0xc6, 0xe, 0xbf, 0xff, 0x81, 0x0,

    /* U+7801 "码" */
    0xf, 0xfe, 0x55, 0x7e, 0x3f, 0xf9, 0x2, 0xfe,
    0x17, 0xe0, 0xef, 0x87, 0xe2, 0xbe, 0x44, 0x32,
    0x61, 0xde, 0xf, 0xfa, 0x10, 0xf2, 0x19, 0xf,
    0x90, 0xff, 0xe3, 0x26, 0x1c, 0x98, 0x7f, 0xa2,
    0xb0, 0x7f, 0x90, 0x90, 0x97, 0x18, 0x7f, 0xd0,
    0x3d, 0x7, 0x5f, 0x87, 0xc8, 0x7f, 0x6b, 0xf8,
    0x18, 0x87, 0xcd, 0x7e, 0x5, 0x3, 0xff, 0x90,
    0x87, 0xcb, 0xfc, 0x4, 0x3f, 0xab, 0xf8, 0x3f,
    0xf8, 0x15, 0xfb, 0xf, 0xaa, 0x2, 0xfe, 0xf,
    0xca, 0xf, 0xfe, 0x4, 0x61, 0xbf, 0x21, 0x9a,
    0x79, 0x10, 0xff, 0xe1, 0x28, 0x28,

    /* U+786E "确" */
    0xf, 0xfe, 0x2, 0x83, 0xff, 0x8f, 0x40, 0xfd,
    0x5f, 0x20, 0x81, 0x5c, 0x12, 0xfd, 0x81, 0x2,
    0xf0, 0x5e, 0x8b, 0xd1, 0x97, 0xd0, 0x87, 0x62,
    0x14, 0x28, 0x28, 0x83, 0x94, 0x12, 0x88, 0x2c,
    0x83, 0x93, 0xa, 0x7, 0xe0, 0x5e, 0x81, 0x88,
    0x4a, 0x16, 0x2, 0xc1, 0x93, 0xe6, 0xca, 0x92,
    0xa0, 0x90, 0xec, 0x3f, 0xf8, 0x50, 0x3c, 0x1d,
    0xd1, 0x2a, 0x4, 0x1f, 0xf2, 0x80, 0xb0, 0x64,
    0x3f, 0x7c, 0x9f, 0x2, 0xc3, 0xff, 0xa1, 0x8b,
    0x85, 0x83, 0xff, 0x83, 0x50, 0x2a, 0xf, 0xf9,
    0x2a, 0x5, 0x41, 0xef, 0x6, 0x5e, 0x16, 0xf,
    0xf2, 0x61, 0xff, 0xc2, 0xfa, 0x82, 0x1e, 0xb0,
    0xd4, 0x9, 0x20, 0xf9, 0x4, 0x12, 0x13, 0xa1,
    0xac, 0xf8,

    /* U+793A "示" */
    0xb, 0xff, 0xf8, 0x90, 0x7f, 0xf3, 0xff, 0xff,
    0x89, 0x7, 0xff, 0xfc, 0x3f, 0xf8, 0x9f, 0xff,
    0xc9, 0x17, 0xf8, 0x25, 0xfe, 0x2b, 0xfc, 0x35,
    0xfc, 0x1c, 0x87, 0xf9, 0xf, 0xf5, 0x87, 0xe6,
    0x81, 0xfa, 0x20, 0xfc, 0x8a, 0xf, 0x28, 0x43,
    0xfb, 0x20, 0xf4, 0x41, 0xff, 0x46, 0x1b, 0x14,
    0x1f, 0xf2, 0x8, 0x10, 0x20, 0xec, 0x3e, 0xc5,
    0x9, 0x87, 0xec, 0x3d, 0x19, 0xc1, 0x7e, 0x43,
    0xf3, 0x40, 0x21, 0x21, 0x94, 0x1f, 0x20,

    /* U+7941 "祁" */
    0xc, 0x87, 0xff, 0x1e, 0x88, 0x7f, 0xf1, 0xa2,
    0xf, 0x5f, 0xf4, 0x19, 0x10, 0xe4, 0x3f, 0xf8,
    0x10, 0x7f, 0x7e, 0x8c, 0xfc, 0x5e, 0xf, 0xe8,
    0x43, 0xff, 0x8a, 0x88, 0x3f, 0xa0, 0xff, 0x64,
    0x1f, 0x46, 0x1f, 0x90, 0xfd, 0x90, 0x7e, 0x48,
    0x3c, 0x81, 0xf, 0xd8, 0x7c, 0xc2, 0x1f, 0xd1,
    0x6, 0x60, 0x3a, 0x1f, 0xb3, 0x5, 0x4, 0x2a,
    0x7, 0xe4, 0x58, 0xf1, 0x6b, 0x7, 0xd1, 0x83,
    0xe, 0xa2, 0x1f, 0xca, 0xc3, 0xe4, 0x3f, 0xfa,
    0x30, 0x87, 0xff, 0xa, 0xf9, 0x30, 0xff, 0xe1,
    0x60, 0x56, 0x87, 0xff, 0x9, 0xf5, 0x3, 0xff,
    0xc8, 0xe8, 0x77, 0x83, 0xe0,

    /* U+795D "祝" */
    0xc, 0x87, 0xff, 0x2a, 0x81, 0xff, 0xca, 0x43,
    0x57, 0xfc, 0x1e, 0x84, 0x25, 0xff, 0x83, 0xcb,
    0x6, 0x7f, 0xe0, 0xe7, 0xe7, 0xc1, 0xff, 0xdb,
    0x7f, 0x7, 0xff, 0x2a, 0x20, 0xff, 0xe4, 0x22,
    0x1f, 0xfc, 0x78, 0x83, 0x35, 0xf0, 0x7c, 0xa2,
    0xe, 0x5f, 0x83, 0xcc, 0x16, 0x9e, 0x4f, 0x27,
    0xc1, 0xa0, 0xa2, 0x43, 0xff, 0x85, 0x92, 0x38,
    0x7f, 0xf1, 0x19, 0xd, 0xa0, 0x43, 0xfe, 0x90,
    0xff, 0x21, 0xf7, 0x7, 0xfc, 0x98, 0x7f, 0xf2,
    0x21, 0xf, 0xfe, 0x3e, 0x41, 0xff, 0xc6, 0x71,
    0x41, 0xdd, 0x98, 0x7c, 0xc3, 0x6, 0x80, 0x81,
    0xf, 0x91, 0x83, 0xdf, 0xc1, 0xd6, 0xe, 0xf,
    0xfe, 0x8,

    /* U+795E "神" */
    0xf, 0xfe, 0x66, 0x87, 0xf7, 0x7, 0xf4, 0x1f,
    0xfc, 0x74, 0x43, 0xff, 0x8d, 0x6, 0x7f, 0x87,
    0xf2, 0xbe, 0x2c, 0xc3, 0xfe, 0xc3, 0xfd, 0xf8,
    0x7e, 0x3, 0xf8, 0x3f, 0xf9, 0x11, 0x7, 0xff,
    0x15, 0x42, 0x1f, 0xfc, 0x58, 0x83, 0x7e, 0x1f,
    0x83, 0x40, 0xc3, 0x2e, 0x2, 0xc1, 0x28, 0xe,
    0x15, 0x61, 0xa8, 0xc, 0x14, 0x61, 0xff, 0xc1,
    0x89, 0x1a, 0x7, 0xff, 0x6, 0x88, 0x4a, 0x5,
    0x58, 0xd4, 0x5, 0x7, 0xe5, 0x82, 0x58, 0x3f,
    0xd7, 0xf0, 0xfe, 0x83, 0xff, 0xfe, 0x1f, 0xfd,
    0x20,

    /* U+79B9 "禹" */
    0xf, 0xfe, 0x2, 0xea, 0x20, 0xbf, 0xfd, 0x59,
    0x58, 0x10, 0x2f, 0x2, 0x9f, 0xd0, 0x3e, 0xae,
    0x2, 0x83, 0xf9, 0x7e, 0x2, 0xfc, 0x1a, 0xbe,
    0x5, 0x7c, 0x1e, 0xfe, 0x7, 0xf2, 0x1e, 0x43,
    0xff, 0x8e, 0xbe, 0x2, 0xf8, 0x3e, 0xae, 0x5,
    0x70, 0x7b, 0xfe, 0x7, 0xfc, 0x1f, 0xfc, 0xbf,
    0xfc, 0xf, 0xfc, 0x19, 0x7c, 0x5, 0xf0, 0x73,
    0x5e, 0x5, 0x3d, 0x44, 0x3f, 0xf8, 0x74, 0xf,
    0xfe, 0x2, 0x81, 0x40, 0x21, 0xf3, 0xf5, 0x0,
    0xa0, 0x41, 0xf3, 0x5b, 0xfd, 0x7, 0xf2, 0xe0,
    0xe7, 0x64, 0x3f, 0xf8, 0x8b, 0x10,

    /* U+79BB "离" */
    0xf, 0xf9, 0xf, 0xfe, 0x47, 0x7, 0xff, 0x22,
    0x20, 0xff, 0x7f, 0xf4, 0x3f, 0xfa, 0x2b, 0x9a,
    0xfc, 0xd7, 0x62, 0x80, 0xf0, 0xb8, 0x85, 0xb,
    0x5, 0x41, 0x57, 0x4e, 0x61, 0x90, 0xfe, 0xa0,
    0xa1, 0x83, 0xff, 0x82, 0xf1, 0x45, 0x70, 0x7f,
    0xf0, 0x36, 0xd5, 0x6a, 0xf, 0xfa, 0x7, 0x5c,
    0x34, 0xf, 0xe5, 0xff, 0xe0, 0x7, 0xef, 0xf8,
    0x1f, 0xf2, 0x1f, 0xf4, 0x41, 0xff, 0xc0, 0xff,
    0x92, 0xff, 0xc8, 0x75, 0x60, 0x34, 0x1a, 0x90,
    0xf9, 0x60, 0x32, 0x80, 0xb6, 0x1f, 0xe8, 0x82,
    0x58, 0x3f, 0xf8, 0x10, 0x2a, 0xd2, 0xf, 0xfe,
    0x1a, 0xc0, 0x48, 0x3f, 0xea, 0x7f, 0xaa, 0x30,
    0xff, 0x21, 0xe7, 0xa2, 0x21, 0xff, 0xc3, 0x5c,
    0x40,

    /* U+79CD "种" */
    0xf, 0xfe, 0x1f, 0x7, 0xf9, 0xbc, 0x1f, 0xfc,
    0x2b, 0xe9, 0x10, 0xff, 0xe1, 0x6c, 0x9e, 0x83,
    0xff, 0x84, 0xc8, 0x7b, 0xf8, 0x7f, 0x41, 0xff,
    0xc0, 0x58, 0xb, 0x5, 0x52, 0x54, 0x6, 0xa1,
    0xa8, 0x32, 0x80, 0xb0, 0x7f, 0xf0, 0xaf, 0x27,
    0xc1, 0xff, 0xc5, 0x43, 0xff, 0x91, 0x3, 0xf,
    0xfe, 0x32, 0x16, 0x1f, 0xfc, 0x44, 0x48, 0xc0,
    0xfc, 0x3f, 0x6, 0x90, 0x30, 0x7f, 0xf0, 0xe3,
    0x9, 0xcf, 0xe1, 0xfd, 0xb, 0x7, 0xff, 0x22,
    0xf, 0xfe, 0x46, 0x1f, 0xff, 0xf0, 0xff, 0xea,
    0x80,

    /* U+79D1 "科" */
    0xf, 0xfe, 0x25, 0x87, 0xe5, 0x5c, 0x1f, 0xfc,
    0x2f, 0xa8, 0x98, 0xc1, 0xff, 0x2a, 0x1f, 0x20,
    0x70, 0xff, 0x51, 0xf, 0x31, 0xa1, 0xff, 0xc6,
    0x72, 0xf, 0x9a, 0x86, 0xa0, 0xde, 0xf, 0xcb,
    0x1, 0x62, 0xf, 0xf9, 0xf4, 0x3f, 0x2b, 0xf,
    0xfe, 0xc, 0x1c, 0xa3, 0xf, 0xfe, 0x13, 0x5,
    0x26, 0x1f, 0xe8, 0x26, 0xa, 0x44, 0x3f, 0x94,
    0x2d, 0x5, 0x68, 0x7e, 0x88, 0x13, 0x87, 0x94,
    0x53, 0x45, 0x6, 0x8a, 0x7e, 0x80, 0xa0, 0x64,
    0x1d, 0xa8, 0x25, 0x2, 0xf2, 0xc1, 0xee, 0xfd,
    0x44, 0x42, 0xe0, 0xf2, 0x83, 0xff, 0x80, 0x87,
    0xff, 0xfc, 0x3f, 0xf8, 0x9c, 0x1f, 0xeb, 0xc,

    /* U+79D2 "秒" */
    0xf, 0xfe, 0xc7, 0x7, 0xf9, 0xbe, 0xf, 0xfe,
    0xb, 0xf4, 0x81, 0xf, 0xfe, 0x1a, 0x87, 0xd0,
    0x24, 0x37, 0x4, 0xf4, 0xf, 0x9c, 0x39, 0xf,
    0xfe, 0xa, 0x61, 0xa2, 0x9, 0x61, 0x71, 0x8,
    0x64, 0x40, 0xd4, 0xa, 0x80, 0x87, 0xa2, 0x1a,
    0x20, 0xac, 0x61, 0xe4, 0x40, 0xa0, 0x2f, 0x8,
    0x7c, 0x88, 0x48, 0x81, 0x10, 0xfd, 0x28, 0x8,
    0x58, 0x18, 0x3e, 0xa8, 0x29, 0xb, 0x60, 0xf9,
    0x41, 0x92, 0x1c, 0xc3, 0xf4, 0x41, 0x48, 0x6e,
    0xe, 0xec, 0x82, 0x88, 0x39, 0xf, 0x62, 0x83,
    0x21, 0xff, 0xc0, 0xc6, 0xd, 0x40, 0xff, 0x58,
    0xc1, 0xff, 0xc4, 0xd2, 0x81, 0xff, 0xc3, 0xb0,
    0x68, 0x7f, 0xf0, 0x9d, 0x2c, 0x3f, 0xf8, 0x89,
    0x68, 0x7f, 0xf0, 0xb8, 0x1a, 0x1f, 0xfc, 0x0,

    /* U+79E6 "秦" */
    0xf, 0xfe, 0xa7, 0x7, 0xff, 0x1d, 0x30, 0xff,
    0xaf, 0xfa, 0x2f, 0xfc, 0x83, 0xaf, 0x81, 0x5f,
    0xc8, 0x17, 0xf0, 0x17, 0xf8, 0x35, 0xfe, 0x7,
    0xfe, 0x43, 0x6b, 0xc0, 0x5f, 0xf0, 0x66, 0xb6,
    0x35, 0xfc, 0x13, 0xfe, 0x87, 0xff, 0xe1, 0x7c,
    0x5, 0xe0, 0x2f, 0x81, 0x58, 0xd, 0x76, 0x3d,
    0x60, 0xe9, 0x20, 0x2a, 0x89, 0x21, 0xf6, 0x83,
    0xea, 0x2b, 0xc5, 0x3, 0x38, 0xf5, 0x81, 0xe4,
    0xc7, 0x86, 0x1c, 0x5c, 0x1f, 0x50, 0x5d, 0xeb,
    0xf8, 0x1f, 0xd3, 0xc9, 0xf, 0xe8, 0x2b, 0xf8,
    0x8, 0x7e, 0xa0, 0x54, 0x43, 0xff, 0x81, 0x6a,
    0xc0, 0xab, 0x90, 0xf5, 0xe5, 0x70, 0x57, 0x2a,
    0xe0, 0xa4, 0x78, 0x3e, 0x6d, 0x10, 0xa9, 0xc1,
    0xff, 0xc0, 0xbc, 0x0,

    /* U+7A46 "穆" */
    0xf, 0xfe, 0xa, 0x83, 0xff, 0x91, 0x40, 0xfe,
    0x69, 0xf0, 0xb4, 0x2f, 0x82, 0xe5, 0xc, 0x54,
    0x8d, 0x72, 0x6, 0x85, 0x10, 0x5f, 0xf8, 0x34,
    0x87, 0xda, 0xfe, 0xf, 0xfe, 0xb, 0x5f, 0x83,
    0x2b, 0x35, 0x2, 0xff, 0xc1, 0x34, 0x46, 0x80,
    0xd7, 0xf0, 0x4d, 0x12, 0xa0, 0x35, 0xf8, 0x32,
    0xc0, 0x51, 0xeb, 0x4f, 0x5e, 0x42, 0x43, 0xcf,
    0x83, 0xad, 0xd, 0x82, 0x46, 0x60, 0xce, 0xd0,
    0x25, 0x2, 0x66, 0x4, 0xf5, 0x94, 0x46, 0x4d,
    0xcd, 0xe5, 0x50, 0x74, 0x50, 0x56, 0x72, 0xae,
    0x6d, 0x4, 0x41, 0xe6, 0xe5, 0x79, 0x60, 0x48,
    0x7d, 0x2a, 0xe2, 0xe2, 0x4, 0x1e, 0xfa, 0x55,
    0xa5, 0xa8, 0x3f, 0x2a, 0xf4, 0xaf, 0x36, 0x87,
    0xea, 0x2a, 0xf4, 0xda, 0x1f, 0xd7, 0xd2, 0xae,
    0x43, 0xfe, 0x5a, 0xf4, 0x87, 0xc0,

    /* U+7A76 "究" */
    0xf, 0xf2, 0x83, 0xff, 0x91, 0x40, 0xff, 0xe4,
    0x22, 0x1f, 0xf5, 0x7e, 0x4a, 0xfe, 0x9, 0x7f,
    0x4, 0xbf, 0x83, 0x3f, 0xff, 0xc3, 0xf, 0xf9,
    0xc, 0x87, 0xf9, 0xc0, 0xf2, 0x6, 0xd0, 0x94,
    0x14, 0x94, 0x24, 0xc, 0x5a, 0x50, 0x35, 0xab,
    0x43, 0x3c, 0x5a, 0x15, 0xab, 0x8b, 0xe, 0x74,
    0xb0, 0x6f, 0x4, 0x87, 0xeb, 0x42, 0x60, 0xff,
    0xe2, 0x58, 0x57, 0xf0, 0x3f, 0xc1, 0xfb, 0x5e,
    0x2, 0xe0, 0xff, 0x35, 0xc3, 0x58, 0x3f, 0xf8,
    0x71, 0x87, 0xfa, 0x81, 0xf2, 0x21, 0xfe, 0x50,
    0x7b, 0x20, 0xff, 0xe2, 0xd8, 0xa0, 0xff, 0xe1,
    0xda, 0x50, 0x3c, 0x9f, 0x84, 0xd1, 0xd0, 0xfa,
    0xf, 0x45, 0x38, 0x3f, 0xdf, 0xe0,

    /* U+7A7A "空" */
    0xf, 0xf2, 0x1f, 0xfc, 0x9b, 0xf, 0xfe, 0xab,
    0x5f, 0x81, 0xd7, 0xc8, 0x35, 0xfc, 0x12, 0xfc,
    0x1d, 0x7f, 0xff, 0xa, 0xf, 0xfe, 0xa5, 0x86,
    0xe0, 0xfd, 0x68, 0xe8, 0x79, 0xe1, 0xd0, 0xea,
    0xe, 0x1b, 0x87, 0x43, 0xad, 0x28, 0x1e, 0x74,
    0xb4, 0x74, 0xb4, 0x3f, 0xad, 0x25, 0xe, 0x87,
    0xff, 0x6, 0x8a, 0x3a, 0x7f, 0xff, 0xa, 0x60,
    0xd8, 0x7f, 0xf2, 0x5f, 0xf0, 0x3f, 0xd0, 0x7f,
    0xff, 0xc3, 0xff, 0x8b, 0xff, 0xc0, 0xff, 0xe0,
    0x2f, 0xff, 0x20,

    /* U+7A81 "突" */
    0xf, 0xf2, 0x1f, 0xfc, 0x86, 0x81, 0xff, 0xc7,
    0x44, 0x3f, 0xe6, 0xbf, 0x3, 0xaf, 0x90, 0x6b,
    0xf8, 0x25, 0xfb, 0xd, 0x7f, 0xff, 0xa, 0xf,
    0xfa, 0xd, 0x7, 0xf6, 0xa0, 0x5a, 0x81, 0x3c,
    0x8a, 0xc0, 0xcf, 0x92, 0x41, 0x6a, 0xb6, 0x41,
    0x70, 0xda, 0x28, 0x16, 0x97, 0x1, 0x1e, 0x42,
    0xb0, 0x7a, 0xe1, 0x7, 0xa0, 0xff, 0x46, 0x3e,
    0xf, 0xfe, 0x1b, 0x7, 0xdf, 0xfc, 0x3f, 0x47,
    0xe0, 0x2f, 0xe0, 0x97, 0xf8, 0x15, 0xf8, 0x2a,
    0xfe, 0xf, 0xe4, 0x2c, 0x3f, 0xf8, 0x8c, 0x71,
    0x87, 0xff, 0x9, 0x88, 0x51, 0xa1, 0xfe, 0x78,
    0xd0, 0x50, 0xb8, 0x39, 0xb8, 0x70, 0xe7, 0x47,
    0xd0, 0xc8, 0xf0, 0x7e, 0xb4, 0xb, 0xbd, 0x7,
    0xff, 0x2, 0xf2, 0x80,

    /* U+7A97 "窗" */
    0xf, 0xf2, 0x1f, 0xfc, 0x86, 0x81, 0xff, 0xc0,
    0x5f, 0x80, 0xbf, 0xc1, 0x57, 0xf0, 0x2b, 0xf8,
    0x37, 0xff, 0xaf, 0xd0, 0x7f, 0x3e, 0xd, 0x70,
    0x10, 0xd6, 0xdc, 0x42, 0x8, 0x7d, 0x50, 0x2e,
    0x55, 0xa5, 0x7, 0xd0, 0xd8, 0x15, 0x72, 0x8,
    0xc3, 0x3e, 0x42, 0xcb, 0xf9, 0x2f, 0xf8, 0xc3,
    0xab, 0x9a, 0xfc, 0x1f, 0x97, 0x6b, 0xfc, 0x1f,
    0xf2, 0x8f, 0xf2, 0x1f, 0xf5, 0x1a, 0xe0, 0x21,
    0xfe, 0xdb, 0xcb, 0x44, 0x1f, 0xf3, 0xbb, 0xd9,
    0x21, 0xff, 0x40, 0xa0, 0x8a, 0xf, 0xfe, 0x13,
    0x42, 0x56, 0x87, 0xfc, 0xf3, 0x6d, 0xb0, 0x7f,
    0xf0, 0x1f, 0x21, 0xac, 0x3f, 0xdc, 0xff, 0xfc,
    0x1f, 0xab, 0xff, 0x84, 0x1f, 0x97, 0xff, 0x84,
    0x18,

    /* U+7AA6 "窦" */
    0xf, 0xf2, 0x1f, 0xfc, 0x9b, 0xf, 0xfe, 0x52,
    0x1f, 0xeb, 0xff, 0x2, 0xff, 0x90, 0xd7, 0xeb,
    0xf5, 0xfa, 0xf, 0x20, 0x78, 0x35, 0xc0, 0x43,
    0x4d, 0xe9, 0x8a, 0x12, 0xbd, 0x28, 0x1a, 0xd7,
    0x22, 0x86, 0xf2, 0xd8, 0x29, 0x97, 0xe0, 0x7f,
    0x1d, 0x0, 0xa2, 0xbc, 0xa, 0xec, 0x50, 0x79,
    0x78, 0xb, 0xe0, 0xe7, 0xff, 0x3, 0xff, 0x20,
    0x7f, 0x2a, 0xfa, 0x9f, 0x80, 0x87, 0xdb, 0x40,
    0x50, 0x24, 0x83, 0x9e, 0x79, 0x41, 0xed, 0x41,
    0xcc, 0xea, 0xd0, 0x21, 0x50, 0x3e, 0x76, 0x9,
    0xf, 0xfb, 0xf9, 0x3e, 0x87, 0xfe, 0x7, 0xff,
    0x20, 0xff, 0xc1, 0xfc, 0xc8, 0x39, 0xf, 0xf2,
    0xae, 0x57, 0xa6, 0xf2, 0x1b, 0xea, 0x2a, 0xe0,
    0x3e, 0x8b, 0x80, 0xaa, 0x7a, 0x43, 0xe7, 0xd4,
    0x0,

    /* U+7ACB "立" */
    0xf, 0xf2, 0x83, 0xff, 0x91, 0x40, 0xff, 0xe5,
    0x21, 0xff, 0xc7, 0x8c, 0x3f, 0xcd, 0x7f, 0xd,
    0x7e, 0x9, 0x7f, 0x4, 0xbf, 0x80, 0xff, 0xff,
    0x1c, 0x3c, 0x87, 0xf9, 0x41, 0xfa, 0x88, 0x7f,
    0x50, 0x3f, 0x66, 0x1f, 0x90, 0xff, 0x22, 0x1f,
    0xb2, 0xf, 0xe4, 0x43, 0xe4, 0x43, 0xfb, 0x30,
    0xf2, 0x21, 0xfe, 0x44, 0x3d, 0x98, 0x7f, 0xc8,
    0x87, 0x22, 0x1f, 0xf4, 0x41, 0x91, 0xf, 0xfe,
    0x3e, 0x41, 0xff, 0xc1, 0x50, 0x64, 0x3f, 0xf8,
    0x74, 0x9, 0x20, 0xff, 0xe3, 0xc1, 0xfe, 0xff,
    0xf8, 0x17, 0xfa, 0x17, 0xff, 0x91, 0x80,

    /* U+7AE0 "章" */
    0xf, 0xf2, 0x1f, 0xfc, 0x86, 0x81, 0xff, 0xc0,
    0x5f, 0x80, 0xbf, 0xc1, 0x57, 0xf0, 0x2b, 0xf0,
    0x57, 0xe0, 0x7f, 0x43, 0xf8, 0x3f, 0xf8, 0xb8,
    0x79, 0xae, 0x5, 0x78, 0xeb, 0x8d, 0x78, 0xb,
    0xc0, 0x5f, 0x17, 0xff, 0xf2, 0x3, 0x2f, 0xff,
    0xc, 0x3e, 0xaf, 0xfe, 0x20, 0x7c, 0xff, 0xff,
    0x0, 0x3f, 0x97, 0xff, 0x81, 0x7, 0xfa, 0xbf,
    0xe4, 0x3f, 0x9f, 0xff, 0xe0, 0x7, 0xf2, 0xff,
    0xf0, 0x20, 0xff, 0x57, 0xfc, 0x87, 0xef, 0xf8,
    0x7f, 0xd0, 0x4d, 0x7f, 0xd, 0x7f, 0x1a, 0xff,
    0x1, 0x7f, 0x8b, 0xff, 0x87, 0xff, 0x83, 0xff,
    0xc2,

    /* U+7AE5 "童" */
    0xf, 0xf9, 0xf, 0xfe, 0x47, 0x7, 0xff, 0x21,
    0x20, 0xff, 0xbf, 0xf2, 0x3f, 0xf4, 0x17, 0xe4,
    0xbf, 0x81, 0xfa, 0xf, 0xb0, 0xfc, 0x87, 0xcb,
    0xc0, 0x97, 0x40, 0x5f, 0xab, 0xc0, 0xac, 0x8d,
    0x79, 0xff, 0xfe, 0x48, 0x57, 0xff, 0xf0, 0xd0,
    0xfa, 0xb8, 0x15, 0xc8, 0x7f, 0x2f, 0x85, 0xec,
    0x3f, 0xbf, 0x93, 0xfa, 0xf, 0xea, 0xe4, 0xae,
    0x43, 0xf9, 0x78, 0xb, 0xd8, 0x7f, 0x7f, 0x27,
    0xf4, 0x1f, 0x5f, 0xe4, 0xbf, 0xc8, 0x7f, 0xf3,
    0xaf, 0xf9, 0x2f, 0xf8, 0x35, 0xff, 0x27, 0xfe,
    0x9, 0x7f, 0x80, 0xbf, 0xc0, 0xaf, 0xe4, 0xaf,
    0xf0,

    /* U+7AEF "端" */
    0xf, 0xfe, 0x12, 0x1f, 0xee, 0xf, 0xe9, 0xf,
    0xf2, 0x1b, 0x83, 0xf7, 0x6, 0x84, 0x3f, 0xf8,
    0xec, 0x87, 0xff, 0x17, 0xeb, 0xe0, 0x35, 0x1d,
    0x41, 0x97, 0xe0, 0x96, 0x17, 0x6, 0xaf, 0x8f,
    0xff, 0xa0, 0x70, 0x5c, 0x1f, 0xfc, 0x35, 0x1,
    0x3f, 0xff, 0x85, 0x7, 0x63, 0x2e, 0x2, 0xfb,
    0x31, 0xc, 0xd6, 0x5, 0x79, 0x10, 0x94, 0x1f,
    0x21, 0xfe, 0xc1, 0x8f, 0xe1, 0xff, 0x6, 0x50,
    0x72, 0x80, 0x81, 0x41, 0xc9, 0x88, 0x54, 0x1a,
    0x14, 0x43, 0x51, 0xf, 0xfe, 0x42, 0x2a, 0xf,
    0xfe, 0x23, 0xc, 0x87, 0xff, 0xa, 0xe4, 0x6c,
    0x3f, 0xf8, 0x5b, 0x7a, 0x43, 0xff, 0x86, 0xc8,
    0x7f, 0x70, 0xeb, 0x7, 0xff, 0x19, 0xa1, 0x7,
    0xf3, 0x87, 0x9f, 0x90,

    /* U+7B11 "笑" */
    0xc, 0x87, 0xf2, 0x1f, 0xf5, 0x87, 0xd4, 0x43,
    0xf9, 0x10, 0xf9, 0x10, 0xfe, 0x87, 0xf9, 0x81,
    0xfe, 0x81, 0x6, 0x5c, 0x22, 0x5, 0xd8, 0x13,
    0xc0, 0xab, 0x2a, 0x5, 0x49, 0x90, 0x16, 0x2,
    0x22, 0xe0, 0x91, 0x40, 0x82, 0x48, 0x2a, 0x21,
    0x3c, 0x1b, 0x47, 0x45, 0x5a, 0x1e, 0xbf, 0xfd,
    0x45, 0x41, 0xe4, 0x39, 0x3, 0x5b, 0xc1, 0xef,
    0xf4, 0x9, 0x70, 0x7f, 0xf4, 0x2b, 0xf8, 0x15,
    0xfc, 0x5, 0xfe, 0x2, 0xff, 0x3, 0xff, 0x20,
    0x7f, 0xf0, 0x7f, 0x90, 0x28, 0x3f, 0xf8, 0x99,
    0x64, 0x87, 0xff, 0x5, 0xc5, 0x11, 0x40, 0xff,
    0x3c, 0x50, 0xe, 0x3c, 0x1c, 0xfa, 0x1d, 0xe,
    0xe1, 0xf4, 0x30, 0x2e, 0xf, 0xcf, 0x1, 0x1b,
    0xc8, 0x7f, 0xf0, 0x1f, 0x40,

    /* U+7B2C "第" */
    0xd, 0x21, 0xf4, 0x87, 0xf9, 0x58, 0x7c, 0xe1,
    0xfe, 0x80, 0xbc, 0x40, 0x5f, 0x5, 0x1, 0xae,
    0x50, 0xd7, 0x91, 0x6e, 0x2f, 0xa2, 0xc1, 0xf9,
    0x22, 0x15, 0x1, 0x14, 0x64, 0x1a, 0x20, 0xa8,
    0x6, 0x81, 0x50, 0x35, 0x9f, 0xaf, 0xaf, 0xd7,
    0x83, 0x97, 0xf0, 0x17, 0x83, 0xf5, 0x7c, 0xa,
    0xe4, 0x3f, 0xfa, 0xf, 0xfc, 0xf, 0xe4, 0x3d,
    0x8b, 0xe0, 0x2f, 0xc1, 0xc9, 0x5e, 0x5, 0x7c,
    0x1f, 0xfd, 0x1f, 0xf0, 0x3f, 0xf2, 0x17, 0xf4,
    0x85, 0xfe, 0x44, 0x3f, 0x6a, 0xf, 0xfe, 0x2d,
    0xaa, 0xf, 0xc8, 0x73, 0x69, 0x40, 0xef, 0xc2,
    0x7, 0x91, 0xd0, 0xf2, 0xea, 0x7, 0x3c, 0x1f,
    0xab, 0x21, 0x37, 0x7, 0xff, 0x18,

    /* U+7B49 "等" */
    0xc, 0x87, 0xe4, 0x3f, 0xe6, 0x81, 0xe6, 0x81,
    0xfe, 0x88, 0x3d, 0x10, 0x7f, 0x40, 0xff, 0x20,
    0xff, 0x80, 0xa2, 0x3, 0x46, 0x24, 0x15, 0x81,
    0x1b, 0x1, 0x59, 0x32, 0x5, 0x84, 0x80, 0xb0,
    0x39, 0x4, 0x61, 0x9d, 0xa, 0xc5, 0x61, 0xb8,
    0x3d, 0xff, 0x43, 0xff, 0x21, 0xab, 0xe4, 0x6b,
    0xe4, 0x32, 0xfd, 0x81, 0x7e, 0x9, 0x7f, 0xb1,
    0x7f, 0xc5, 0x7f, 0x20, 0xaf, 0xe3, 0xff, 0xf8,
    0x49, 0x7e, 0xf, 0xfe, 0x1e, 0x1f, 0xab, 0xff,
    0x84, 0x75, 0x20, 0x5f, 0xfe, 0x8, 0x17, 0x5,
    0xf4, 0xff, 0xe8, 0xbe, 0x43, 0xb7, 0x43, 0xd8,
    0x7f, 0xd6, 0x50, 0x3f, 0xf8, 0xfd, 0xa, 0xc8,
    0x87, 0xff, 0x1, 0x2, 0xe2, 0xf, 0x0,

    /* U+7B54 "答" */
    0xd, 0x21, 0xf4, 0x87, 0xfc, 0xe1, 0xf3, 0x87,
    0xfb, 0x30, 0xf4, 0x61, 0xfc, 0x82, 0xfe, 0x12,
    0xff, 0x5, 0x8, 0x16, 0xa0, 0xa0, 0x2e, 0x4,
    0x51, 0x3a, 0x9, 0x44, 0xea, 0x14, 0x24, 0x40,
    0xdc, 0x11, 0x6, 0x56, 0x17, 0x9d, 0x50, 0x5e,
    0xe, 0x83, 0xa8, 0x6a, 0xc3, 0xff, 0x82, 0xe9,
    0x94, 0x34, 0x3f, 0xdc, 0x58, 0x4e, 0x5a, 0x1c,
    0xf8, 0xf, 0x5e, 0x41, 0x70, 0x38, 0x79, 0x7f,
    0xdc, 0x39, 0x3c, 0x3f, 0xfd, 0xf, 0x23, 0x7,
    0xff, 0x15, 0x83, 0x5f, 0xff, 0xc2, 0xf, 0xe5,
    0xff, 0x83, 0xfe, 0xaf, 0xf9, 0xf, 0xff, 0x57,
    0xff, 0xc8, 0x7f, 0x9a, 0xff, 0x7, 0xfd, 0x2f,
    0xfc, 0x1c,

    /* U+7B97 "算" */
    0xc, 0xa0, 0xf9, 0x41, 0xff, 0x58, 0x7d, 0x61,
    0xfe, 0xc0, 0xbc, 0x60, 0x5f, 0x4, 0x81, 0xae,
    0x40, 0xd7, 0x80, 0xc7, 0x8b, 0xe8, 0xf2, 0x7e,
    0x4, 0x60, 0x60, 0x46, 0x8, 0x83, 0xda, 0xdc,
    0xad, 0x7a, 0xd0, 0xd9, 0x5f, 0x9a, 0xf6, 0x1f,
    0x3f, 0xff, 0xc0, 0xf, 0xe7, 0xff, 0xf8, 0x1,
    0xfc, 0xff, 0xfd, 0x7, 0xff, 0x4d, 0xff, 0xfa,
    0xf, 0xe7, 0xff, 0xf8, 0x1, 0xfc, 0xff, 0xff,
    0x0, 0x3f, 0x54, 0xa, 0xf0, 0x29, 0x87, 0x96,
    0x17, 0xf0, 0xb0, 0x4b, 0xd0, 0xbf, 0x85, 0xe3,
    0xac, 0x82, 0xbc, 0xa, 0xe6, 0xfc, 0xf, 0xf9,
    0x3f, 0x90, 0xd0, 0x87, 0xff, 0x15, 0xd5, 0x7,
    0xff, 0x17, 0x28, 0x1f, 0xfc, 0x6b, 0x43, 0xfa,
    0xc3, 0xc0,

    /* U+7BA1 "管" */
    0xd, 0x21, 0xf2, 0x83, 0xfc, 0xac, 0x3e, 0xa0,
    0x7f, 0xa0, 0x2f, 0x8, 0x17, 0xc1, 0x40, 0x6b,
    0x98, 0x15, 0xe4, 0x51, 0xc3, 0xf8, 0xb0, 0x5f,
    0x24, 0x62, 0xc0, 0xb5, 0x19, 0x87, 0x30, 0x56,
    0x6, 0x81, 0x70, 0x73, 0x7f, 0xc0, 0xff, 0xd0,
    0x65, 0xff, 0xe2, 0x7, 0xab, 0xff, 0x88, 0x1a,
    0x5f, 0xfe, 0x20, 0xe0, 0x6e, 0xbf, 0xf8, 0x44,
    0x87, 0xaf, 0xff, 0x21, 0xfe, 0xd7, 0xfe, 0xf,
    0xf3, 0x5f, 0xe0, 0xff, 0xaf, 0xff, 0xe0, 0x7,
    0xff, 0x4e, 0xff, 0xfe, 0x4, 0x1f, 0xab, 0xff,
    0x80, 0x1f, 0xf2, 0xff, 0xc1, 0xfe, 0xbf, 0xfe,
    0xf, 0xf3, 0x5f, 0xe4, 0x3f, 0xda, 0xff, 0xa0,
    0xe0,

    /* U+7C73 "米" */
    0xf, 0xf7, 0x83, 0xff, 0x82, 0x87, 0xff, 0x9,
    0xe, 0xa8, 0x3f, 0xf8, 0x14, 0x43, 0x43, 0x7,
    0xf9, 0x42, 0x1d, 0x8a, 0xf, 0xe8, 0xc3, 0xec,
    0x83, 0xf6, 0x41, 0xfd, 0x8, 0x7a, 0x24, 0x3f,
    0x9d, 0xf, 0x51, 0xf, 0xfe, 0x42, 0x1f, 0x7f,
    0xf0, 0x3f, 0xf8, 0xb, 0xf8, 0x32, 0xfe, 0x5,
    0x7d, 0x86, 0xeb, 0xe0, 0xfc, 0xc1, 0xa0, 0xff,
    0xe1, 0xc6, 0xc, 0xc3, 0xff, 0x83, 0x90, 0x68,
    0xc3, 0xfc, 0xe4, 0x86, 0x63, 0x43, 0xea, 0x12,
    0x1e, 0x62, 0x81, 0xda, 0x48, 0x7e, 0x61, 0xd1,
    0xc1, 0xa1, 0xfe, 0x70, 0x4a, 0x1c, 0x3f, 0xf8,
    0x5a, 0x27, 0x7, 0xff, 0x12, 0xc3, 0xff, 0x96,

    /* U+7C7B "类" */
    0xf, 0xfe, 0x72, 0x1d, 0xe0, 0xf2, 0x1e, 0xe4,
    0x3f, 0xee, 0xf, 0x65, 0x3, 0xf3, 0x90, 0x7d,
    0x8c, 0x1e, 0x63, 0x43, 0xf6, 0xc1, 0xe5, 0x61,
    0xeb, 0xf3, 0xf0, 0x3e, 0x7f, 0x81, 0xaf, 0xc1,
    0x2f, 0xf0, 0x1a, 0xed, 0xd, 0xd7, 0xc1, 0xf5,
    0x8, 0xd, 0xc1, 0xfe, 0x74, 0xd0, 0x70, 0xf2,
    0x1d, 0x70, 0xe0, 0x50, 0xf9, 0x56, 0x83, 0x47,
    0x82, 0xf0, 0x6b, 0x88, 0xd, 0xc1, 0xd4, 0xf,
    0x3e, 0xb, 0xaf, 0x81, 0x5f, 0xc0, 0x5f, 0xe0,
    0x2f, 0xf0, 0x3f, 0xf2, 0x7, 0xff, 0x7, 0xf2,
    0x80, 0xc1, 0xff, 0xc3, 0xa1, 0x63, 0xa1, 0xfe,
    0x7c, 0x92, 0x69, 0x68, 0x75, 0xe8, 0x16, 0x85,
    0x44, 0xbd, 0x1, 0x3, 0xe4, 0x3c, 0xda, 0x5,
    0x17, 0xa0, 0xff, 0xe0, 0x5e, 0x90,

    /* U+7CFB "系" */
    0xf, 0xfe, 0x32, 0x83, 0x2e, 0xae, 0xff, 0xa8,
    0x13, 0x59, 0x78, 0x32, 0xe8, 0x26, 0xbc, 0x7,
    0xf5, 0x64, 0x32, 0xe2, 0x28, 0x1b, 0xc8, 0x7f,
    0x50, 0xd0, 0x9c, 0x8, 0x7c, 0xea, 0xc0, 0xaa,
    0x16, 0x1f, 0x50, 0xf, 0xd4, 0x4d, 0xf, 0xda,
    0xd5, 0x5, 0x61, 0xfe, 0x6a, 0x48, 0x74, 0x78,
    0x3f, 0xcf, 0x14, 0x9, 0x68, 0x3e, 0x78, 0xb4,
    0x3a, 0x18, 0x3b, 0x82, 0xbf, 0xf0, 0x18, 0x3f,
    0xe4, 0xa, 0xac, 0x28, 0x2f, 0xfa, 0x5, 0x17,
    0x6a, 0xf, 0x50, 0x3e, 0xb0, 0xa0, 0xf6, 0xa0,
    0xfe, 0xe0, 0xf3, 0x8e, 0x1f, 0x50, 0x70, 0xdc,
    0x50, 0x3f, 0x9d, 0x38, 0x87, 0x4a, 0x78, 0x3e,
    0xa0, 0x95, 0x6, 0x42, 0x83, 0xcf, 0x0,

    /* U+7D20 "素" */
    0xf, 0xf2, 0x83, 0xff, 0x91, 0x61, 0xff, 0x2f,
    0xf0, 0xbf, 0xc1, 0x57, 0xf0, 0x2b, 0xf2, 0xf,
    0xfe, 0x1f, 0xfc, 0x84, 0xbf, 0x85, 0xfc, 0x1d,
    0xd7, 0xc0, 0xaf, 0x90, 0xd7, 0xfc, 0x3f, 0xf2,
    0x5, 0xff, 0xb, 0xfe, 0x3a, 0xfe, 0x5, 0x7f,
    0x17, 0xf4, 0x8f, 0xf3, 0x7e, 0xe, 0x78, 0xe0,
    0xad, 0xf, 0xee, 0x3, 0xfc, 0xad, 0xf, 0xd5,
    0xc8, 0x57, 0x68, 0x7e, 0x51, 0xca, 0xb4, 0x2a,
    0x7, 0xd7, 0x2b, 0x97, 0xc3, 0x7, 0x68, 0x4f,
    0xd5, 0x90, 0x38, 0x6a, 0xcf, 0xc0, 0xff, 0x41,
    0xca, 0xe4, 0x3e, 0xf4, 0x38, 0x4d, 0xa4, 0x1f,
    0x6a, 0xf2, 0xa, 0x2a, 0xca, 0x61, 0xd7, 0x16,
    0x53, 0x91, 0x60, 0x41, 0xcf, 0x40,

    /* U+7D27 "紧" */
    0xf, 0x90, 0xff, 0xe2, 0x48, 0x28, 0x5, 0xff,
    0x6, 0x70, 0xf5, 0x7f, 0x83, 0xff, 0x85, 0x7e,
    0x84, 0x3f, 0xf8, 0x19, 0x20, 0x62, 0xf, 0xfe,
    0xe, 0x4d, 0x1c, 0x3f, 0xf8, 0x71, 0x24, 0x1f,
    0xfc, 0x16, 0xe1, 0x7, 0x21, 0xfb, 0x9, 0x57,
    0x72, 0xae, 0x7, 0x1, 0xf5, 0xc8, 0x6b, 0x98,
    0x3d, 0x64, 0x1a, 0xe0, 0x30, 0x66, 0xd5, 0xae,
    0xd5, 0x87, 0xe9, 0x3, 0xea, 0x8a, 0x7, 0xf5,
    0xf9, 0x3, 0x6f, 0x7, 0xe4, 0x7c, 0xae, 0x41,
    0x38, 0x79, 0xb8, 0x6d, 0x75, 0x83, 0xe, 0x90,
    0x9a, 0xf2, 0x84, 0xd0, 0xab, 0x3f, 0x25, 0xfa,
    0xd4, 0x12, 0x89, 0x41, 0xeb, 0xc9, 0x6, 0xb8,
    0x90, 0xf5, 0xb, 0x80, 0xe9, 0x6d, 0xe4, 0x33,
    0xca, 0xd6, 0xb4, 0x8, 0x4a, 0xc, 0xda, 0x80,

    /* U+7EA2 "红" */
    0xf, 0xfe, 0x7f, 0x83, 0xff, 0x8f, 0x10, 0x7f,
    0xf1, 0xd1, 0x3, 0xff, 0xf0, 0x68, 0x83, 0xff,
    0x8c, 0xb8, 0x5b, 0xf2, 0x7f, 0x5, 0x10, 0x28,
    0x1f, 0xfc, 0x28, 0x46, 0x20, 0xff, 0xe1, 0x23,
    0xc8, 0x87, 0xff, 0x9, 0x68, 0x18, 0x7f, 0xf0,
    0xea, 0xc4, 0x3f, 0xf8, 0xca, 0x20, 0xff, 0xe3,
    0x46, 0x1f, 0xfc, 0x6c, 0x95, 0x21, 0xff, 0xc2,
    0x81, 0x52, 0x1f, 0xfc, 0x3c, 0xd, 0x34, 0x3f,
    0xf8, 0x4f, 0xa5, 0x7, 0xff, 0x71, 0xa7, 0x90,
    0xff, 0xe0, 0xbe, 0x94, 0x15, 0x72, 0x75, 0x94,
    0x2a, 0xf9, 0x7c, 0x12, 0xec, 0xe8, 0x86, 0xff,
    0xfe, 0x4,

    /* U+7EA6 "约" */
    0xe, 0x83, 0xca, 0xf, 0xf9, 0x50, 0x75, 0x3,
    0xfe, 0x88, 0x32, 0x21, 0xfe, 0x44, 0x3b, 0x20,
    0xff, 0x44, 0x1c, 0x95, 0xf0, 0x51, 0x2, 0xc8,
    0xb, 0xf8, 0x50, 0x8a, 0x2, 0x7f, 0x90, 0xa2,
    0x54, 0x70, 0x87, 0xe4, 0x2a, 0x84, 0x48, 0x3f,
    0xcd, 0x40, 0x8a, 0x7, 0xfd, 0x2a, 0x20, 0x2b,
    0x83, 0xfe, 0x85, 0x7, 0x28, 0x3f, 0x94, 0x41,
    0xd9, 0x7, 0xe6, 0x26, 0xa0, 0xa3, 0xf, 0xa0,
    0x51, 0x41, 0x94, 0x20, 0x42, 0x45, 0x53, 0x83,
    0x4a, 0xf, 0x5d, 0x14, 0x1f, 0x41, 0xff, 0xd2,
    0x55, 0xf0, 0x7f, 0xf0, 0x1f, 0x51, 0xf, 0xf9,
    0xf, 0x2a, 0xf8, 0x37, 0xe8, 0x47, 0xd4, 0x43,
    0xff, 0x80, 0xc0,

    /* U+7EA7 "级" */
    0xc, 0x87, 0xff, 0x26, 0xc3, 0xff, 0x8e, 0x90,
    0x2f, 0xff, 0x7, 0xa1, 0xf, 0xfe, 0x34, 0x41,
    0x58, 0x3f, 0x83, 0xe4, 0x4b, 0xf, 0xc9, 0x6,
    0x8c, 0x8, 0x7f, 0x62, 0x12, 0xc3, 0x10, 0x7e,
    0x50, 0x6c, 0x79, 0x60, 0xc8, 0x11, 0xa2, 0x6a,
    0x81, 0x7, 0x61, 0xca, 0x3, 0x40, 0x41, 0x20,
    0x40, 0xf9, 0x10, 0xd0, 0x87, 0x22, 0x19, 0xe,
    0xcc, 0x36, 0x64, 0x12, 0x41, 0x64, 0xa8, 0x33,
    0x8, 0x21, 0x2, 0xa, 0x94, 0x20, 0x48, 0x48,
    0x24, 0xd, 0x35, 0x8, 0x22, 0x82, 0x1b, 0xd2,
    0x81, 0x98, 0x16, 0x30, 0xff, 0x2c, 0x21, 0x20,
    0x43, 0x34, 0xfa, 0x82, 0x16, 0x24, 0x85, 0x28,
    0xa, 0x4, 0x38, 0xd9, 0x40, 0x53, 0xe9, 0x22,
    0x85, 0x1, 0x8e, 0x28, 0x3c, 0xc9, 0xa1, 0xb4,
    0x3f, 0x78, 0x9c, 0x3e, 0xa0,

    /* U+7EAA "纪" */
    0xe, 0x43, 0xff, 0x90, 0xd0, 0x3f, 0xf8, 0xf1,
    0x5, 0xff, 0xe0, 0xe4, 0x42, 0x43, 0xff, 0x87,
    0x10, 0x4f, 0xfe, 0xf, 0x24, 0xa, 0x7, 0xff,
    0xe, 0x10, 0x28, 0x3f, 0xf8, 0x59, 0x2b, 0x20,
    0xff, 0xe0, 0xa0, 0xa8, 0x50, 0x7f, 0xf0, 0x50,
    0x28, 0x10, 0x7f, 0xf0, 0xfd, 0x2, 0xb, 0xff,
    0x7, 0xcb, 0x83, 0xff, 0x8a, 0xc4, 0x1e, 0xff,
    0xc1, 0xa2, 0x16, 0xf, 0xfe, 0x16, 0xb, 0xa6,
    0x1f, 0xfc, 0x24, 0x25, 0x50, 0x3f, 0xca, 0x5,
    0xf5, 0x10, 0xff, 0xe0, 0x48, 0x7f, 0xf1, 0xf0,
    0xf3, 0x4f, 0x7, 0xff, 0x1, 0x5f, 0x4a, 0xf,
    0xfe, 0x2, 0x1c, 0xab, 0xe0, 0xbf, 0xe0, 0x9f,
    0x51, 0xd, 0x87, 0xf6, 0x0,

    /* U+7EB8 "纸" */
    0xf, 0xfe, 0x73, 0xa1, 0xff, 0xc0, 0x50, 0x74,
    0x21, 0xca, 0xa7, 0xd6, 0x19, 0x20, 0xaf, 0x51,
    0x40, 0x68, 0x1a, 0x10, 0xe5, 0x50, 0x79, 0xd,
    0x10, 0x34, 0x14, 0x50, 0x7e, 0x5c, 0x62, 0x1f,
    0xfc, 0x28, 0x84, 0x43, 0xf2, 0x1c, 0x83, 0xd1,
    0x7, 0xff, 0x9, 0x68, 0x10, 0x7f, 0xf1, 0x28,
    0x5, 0x6, 0xfc, 0xf, 0xc8, 0x51, 0x7, 0xff,
    0x1b, 0x20, 0xf7, 0xe4, 0xfc, 0x98, 0x97, 0x83,
    0xff, 0x8a, 0xc8, 0x87, 0xd8, 0x7c, 0xab, 0xe8,
    0x3f, 0x90, 0xea, 0x21, 0xff, 0x26, 0x1f, 0xf2,
    0x1f, 0xfc, 0xe, 0x3, 0x7d, 0x7, 0x58, 0x10,
    0xbb, 0x90, 0x30, 0x56, 0xa1, 0x14, 0x3b, 0x4f,
    0x48, 0x8a, 0xe2, 0x28, 0x6, 0x50, 0x7d, 0x40,
    0xd0, 0x20, 0xff, 0x79, 0xe, 0x7c, 0x80,

    /* U+7EBF "线" */
    0xd, 0x40, 0xea, 0x1, 0xf, 0xf2, 0x83, 0x94,
    0xb, 0xf, 0xd1, 0x7, 0xf4, 0x61, 0xf2, 0xc1,
    0xc8, 0x4c, 0x41, 0xd1, 0x7, 0xfc, 0xda, 0x82,
    0x50, 0x28, 0x2c, 0x7e, 0xab, 0x6, 0x40, 0x41,
    0x40, 0xca, 0xa7, 0x8, 0x2f, 0x11, 0x51, 0x74,
    0x50, 0x79, 0x2, 0x5, 0x3, 0xf, 0xcf, 0xc0,
    0x83, 0x20, 0x55, 0x3e, 0xd, 0x10, 0x29, 0xe1,
    0xa2, 0x85, 0x4, 0xb8, 0xa, 0x10, 0x5f, 0xa8,
    0x14, 0x41, 0x7d, 0x22, 0x17, 0x82, 0xc6, 0xf4,
    0x1f, 0xd9, 0x7, 0x28, 0x70, 0xd8, 0x99, 0x21,
    0x53, 0xe9, 0xc, 0x96, 0x4a, 0x9, 0x41, 0xff,
    0xc1, 0xd2, 0xc3, 0xca, 0x82, 0x70, 0x41, 0x91,
    0xbe, 0xa2, 0x3c, 0x24, 0x1b, 0x34, 0x26, 0xb0,
    0xf2, 0x44, 0x27, 0x7d, 0x28, 0x78, 0x10, 0xe8,
    0x4a, 0xf, 0x50, 0x3b, 0x41, 0x80,

    /* U+7EC6 "细" */
    0xc, 0xa0, 0xff, 0xe3, 0xd0, 0x3f, 0xf8, 0xc9,
    0x1, 0xaf, 0xf9, 0xb, 0x10, 0x6b, 0xff, 0x61,
    0x30, 0x77, 0xc9, 0xf8, 0x36, 0x22, 0x83, 0xff,
    0x84, 0x90, 0x28, 0x1f, 0xfc, 0x28, 0xe, 0x41,
    0xff, 0xc1, 0x41, 0x40, 0x21, 0xff, 0xc1, 0x46,
    0x6, 0x1f, 0xfc, 0x3e, 0x2, 0x1f, 0xfc, 0x68,
    0x83, 0x7c, 0x9f, 0x83, 0x44, 0x1e, 0x50, 0x4a,
    0xc, 0xb8, 0x42, 0xe8, 0x9d, 0x30, 0xa1, 0xf4,
    0x1f, 0xfc, 0x65, 0x41, 0xff, 0xc3, 0xfa, 0x88,
    0x7f, 0xf6, 0x9a, 0x68, 0x7f, 0xf0, 0x5f, 0x4a,
    0xd, 0xf2, 0x7e, 0xc, 0xab, 0xc8, 0x7f, 0xf0,
    0x5e, 0x88, 0x77, 0xff, 0x0,

    /* U+7EC8 "终" */
    0xf, 0xfe, 0x75, 0x87, 0xb8, 0x3f, 0xf8, 0xa,
    0xe, 0x88, 0x3f, 0xe8, 0x83, 0x93, 0xfe, 0xe,
    0x50, 0x76, 0x1f, 0xfc, 0x18, 0x84, 0x10, 0x3f,
    0xa1, 0x9, 0x60, 0x5a, 0x81, 0x6, 0x88, 0x28,
    0x98, 0x63, 0x58, 0x19, 0x4, 0x83, 0x92, 0x72,
    0x27, 0x24, 0x25, 0xa0, 0x44, 0x16, 0x44, 0x87,
    0x51, 0x14, 0x1c, 0x85, 0x87, 0xec, 0x83, 0x3c,
    0x4a, 0xe4, 0x34, 0x41, 0x3c, 0x5b, 0x41, 0xb4,
    0x5f, 0x10, 0xe8, 0x4f, 0x21, 0x43, 0xd1, 0xf5,
    0x39, 0x9, 0xb4, 0x25, 0x5a, 0x16, 0x37, 0xa0,
    0xef, 0x51, 0xe, 0x7d, 0x22, 0x1f, 0xfc, 0x66,
    0xe0, 0xf9, 0xa7, 0xe, 0x87, 0x21, 0x9f, 0x4a,
    0xb, 0x2f, 0x48, 0x7e, 0x55, 0xe8, 0xb9, 0x1b,
    0x90, 0x9e, 0x88, 0x79, 0xbc, 0x8c, 0x87, 0xff,
    0x16, 0xf4, 0x80,

    /* U+7ECF "经" */
    0xe, 0x43, 0xff, 0x92, 0xc8, 0x7f, 0xf2, 0x21,
    0x5, 0xff, 0xd0, 0x79, 0x20, 0xff, 0xe4, 0x42,
    0x15, 0xfe, 0x81, 0x7, 0x24, 0x8, 0x3e, 0x62,
    0xf, 0x42, 0x4a, 0xe, 0x62, 0x43, 0xa2, 0x58,
    0x43, 0x50, 0x50, 0x79, 0x2a, 0x30, 0x9d, 0x3,
    0xa1, 0xca, 0x91, 0x3, 0xc5, 0xe8, 0xb4, 0x2a,
    0x28, 0x8e, 0x1d, 0x3, 0xa5, 0x3, 0x44, 0x9,
    0xe0, 0xf5, 0x98, 0x4b, 0x80, 0xc1, 0xfe, 0xd0,
    0xa2, 0x58, 0xbf, 0xfc, 0x85, 0x3, 0xa8, 0x3f,
    0xf8, 0xca, 0xa6, 0x5f, 0x87, 0xf2, 0x15, 0xd1,
    0x41, 0xff, 0xde, 0x55, 0xe0, 0xff, 0xe1, 0xbe,
    0xa2, 0x1f, 0xc8, 0x7f, 0x9a, 0x7f, 0xe0, 0x7f,
    0x87, 0xd2, 0x80, 0xbf, 0xfc, 0x20,

    /* U+7ED3 "结" */
    0xf, 0xfe, 0x12, 0x1f, 0xf7, 0x83, 0xe6, 0x43,
    0xf9, 0x10, 0xff, 0xe3, 0xc4, 0x1f, 0xfc, 0x64,
    0x42, 0xfe, 0x8b, 0xf8, 0x28, 0x84, 0x5e, 0x9,
    0x78, 0x9, 0x2, 0xeb, 0xc5, 0x78, 0x10, 0xa8,
    0x83, 0xff, 0x85, 0x3, 0x91, 0xf, 0xfe, 0x16,
    0xa8, 0x18, 0x2b, 0x8a, 0xe4, 0x68, 0x4, 0xb,
    0xc1, 0x2e, 0xe, 0x88, 0xf, 0xff, 0xc8, 0x59,
    0x87, 0xff, 0x1a, 0x15, 0x44, 0x6b, 0xf9, 0x9,
    0x19, 0x40, 0x97, 0xfa, 0x9, 0x54, 0xf2, 0x17,
    0xfc, 0x1d, 0x45, 0x7, 0xff, 0x75, 0x57, 0xa0,
    0xff, 0xe1, 0x5d, 0x10, 0xf5, 0x7c, 0x1c, 0xab,
    0xe8, 0x25, 0xf8, 0x35, 0x48, 0x7d, 0xff, 0x7,
    0xff, 0x38,

    /* U+7ED9 "给" */
    0xe, 0x43, 0xf2, 0x1f, 0xf5, 0x3, 0xee, 0x81,
    0xfe, 0x50, 0x79, 0x2, 0x1f, 0xd1, 0x7, 0xa3,
    0x30, 0xfc, 0xa0, 0xf4, 0x44, 0x41, 0xec, 0x86,
    0x2, 0xe1, 0x70, 0x64, 0x81, 0x23, 0x10, 0x51,
    0x21, 0x40, 0xa0, 0xa8, 0xc3, 0xb2, 0x44, 0x12,
    0x8e, 0x1a, 0xfc, 0x4a, 0xa6, 0x92, 0xb1, 0x7e,
    0x35, 0xb, 0xe2, 0x2f, 0xf9, 0x20, 0xd1, 0x7,
    0xff, 0x1b, 0x20, 0xff, 0xe3, 0x42, 0xf1, 0x7f,
    0xf4, 0x12, 0x3d, 0x30, 0x97, 0xe0, 0xe4, 0x69,
    0xc1, 0x57, 0xc1, 0xd7, 0x28, 0x3f, 0xfb, 0x8d,
    0x3e, 0xf, 0xfe, 0x15, 0xca, 0x2, 0x15, 0x7c,
    0x1b, 0x55, 0xf4, 0x12, 0xfc, 0x19, 0xa2, 0x1f,
    0x7f, 0xc1, 0xff, 0xce,

    /* U+7EDC "络" */
    0xf, 0xfe, 0x86, 0x87, 0x78, 0x3f, 0xf8, 0x30,
    0x79, 0x10, 0xff, 0xe0, 0xac, 0x1a, 0x1f, 0xf0,
    0x7a, 0x20, 0xd0, 0xbe, 0xf, 0x96, 0x7, 0x9,
    0xd6, 0xc4, 0x3a, 0x22, 0x3c, 0x8, 0x34, 0x41,
    0xa2, 0x2, 0x65, 0x98, 0x32, 0xe, 0x4b, 0xc7,
    0x44, 0xcf, 0x12, 0x1f, 0x20, 0x40, 0x84, 0x81,
    0x41, 0xef, 0x40, 0x83, 0x3a, 0x7, 0x43, 0xec,
    0x82, 0x78, 0xbd, 0x17, 0x90, 0xa1, 0x40, 0xe1,
    0xd0, 0x3c, 0x8, 0xa, 0x21, 0x6b, 0x83, 0xcf,
    0xc0, 0x81, 0xeb, 0x9f, 0xff, 0x6, 0x45, 0x54,
    0x19, 0x7c, 0x1e, 0xba, 0x28, 0x33, 0x5e, 0xf,
    0xfe, 0x9a, 0xaf, 0x7, 0xff, 0xd, 0xf5, 0x10,
    0xe6, 0xbc, 0x1c, 0x8d, 0x3e, 0xc, 0xbe, 0xf,
    0x72, 0x83, 0xcf, 0xf8, 0x3f, 0xfa, 0x0,

    /* U+7EDD "绝" */
    0xe, 0x43, 0xca, 0xf, 0xfe, 0x3, 0x21, 0xd4,
    0xf, 0xfe, 0x4, 0x21, 0xa2, 0xf, 0xf9, 0x20,
    0xe4, 0xbf, 0x83, 0xd0, 0x86, 0x85, 0xe1, 0xe,
    0x48, 0x8, 0xb5, 0x60, 0x41, 0xd0, 0x94, 0x62,
    0x9, 0x60, 0xe8, 0xc5, 0xa2, 0xd, 0x10, 0x72,
    0x7a, 0x20, 0x5f, 0x81, 0xf0, 0x65, 0x88, 0xc0,
    0xb0, 0x14, 0x1d, 0xd1, 0x10, 0x9a, 0x86, 0x88,
    0x7a, 0x30, 0xff, 0xe3, 0x2a, 0xf, 0xfe, 0x33,
    0x2, 0xa0, 0x35, 0xd, 0x10, 0xd8, 0x25, 0x6,
    0x58, 0xa, 0xe, 0xd5, 0x7a, 0x3, 0xff, 0xc1,
    0x34, 0x43, 0xff, 0x87, 0x7, 0xff, 0x21, 0x60,
    0x9b, 0xe0, 0xff, 0xe1, 0x3e, 0x90, 0xe4, 0x3f,
    0x62, 0x5, 0x5f, 0x9, 0xd7, 0xb4, 0xf, 0x44,
    0x34, 0x8b, 0xe1, 0xc0,

    /* U+7EDF "统" */
    0xe, 0x43, 0xea, 0x7, 0xfd, 0x40, 0xf9, 0x41,
    0xff, 0x28, 0x3e, 0x44, 0x3f, 0xa2, 0x5, 0x70,
    0x2b, 0xc1, 0x94, 0x12, 0xf8, 0xb, 0xc1, 0x64,
    0x37, 0xe0, 0x7f, 0xc0, 0x44, 0x12, 0x14, 0x41,
    0xfd, 0x1b, 0x8, 0x17, 0x3, 0xc1, 0x90, 0x51,
    0x20, 0x44, 0x14, 0x41, 0x2d, 0x24, 0xc, 0x83,
    0x22, 0x1a, 0x8a, 0x13, 0x11, 0x6a, 0x3, 0xe,
    0xcc, 0x33, 0x59, 0x41, 0x41, 0x44, 0x14, 0xa0,
    0x78, 0x1e, 0x10, 0x28, 0x45, 0xa8, 0x21, 0x20,
    0xf0, 0x20, 0x7a, 0xc3, 0xff, 0x86, 0x8a, 0xa8,
    0x9, 0x87, 0xfa, 0xe8, 0xa0, 0xb0, 0xfe, 0x90,
    0xff, 0x22, 0x1f, 0x21, 0x2a, 0xf8, 0x44, 0x3f,
    0xcf, 0x44, 0xa, 0x88, 0x32, 0x1c, 0x8d, 0xf1,
    0x10, 0x7a, 0x98, 0x5c, 0x81, 0x46, 0x86, 0x85,
    0xa, 0xf, 0x36, 0x1e, 0x7f, 0x40,

    /* U+7EE7 "继" */
    0xf, 0xfe, 0x77, 0x82, 0x43, 0xb8, 0x3f, 0x22,
    0xa, 0x7, 0xff, 0xe, 0x20, 0xce, 0x87, 0xbc,
    0x12, 0x41, 0xc9, 0x7, 0x24, 0x14, 0x22, 0x1a,
    0x10, 0xd0, 0x81, 0x20, 0x58, 0x49, 0x4, 0x90,
    0x50, 0x91, 0x6, 0xd0, 0xca, 0x4, 0xf, 0x22,
    0x1d, 0x20, 0x60, 0xb1, 0x81, 0x84, 0xfd, 0xf,
    0xe1, 0xe0, 0x21, 0x97, 0x80, 0xb8, 0x34, 0x41,
    0xd5, 0x23, 0x58, 0x2c, 0x83, 0xf2, 0x4, 0x3d,
    0xa, 0x10, 0xf4, 0x16, 0x1c, 0x8f, 0xa0, 0xec,
    0xc2, 0xd0, 0xf2, 0xa0, 0xd9, 0x1, 0xc9, 0x7,
    0xd4, 0x42, 0x45, 0x6, 0xcc, 0x3f, 0xe5, 0x41,
    0xee, 0xc, 0xab, 0x42, 0x83, 0xfc, 0xfa, 0x88,
    0x7f, 0x38, 0x7c, 0xab, 0xc8, 0x3a, 0xc7, 0x59,
    0x5d, 0x10, 0xf2, 0xff, 0x80,

    /* U+7EEA "绪" */
    0xf, 0xfe, 0xa, 0x1f, 0xfc, 0xb, 0xf, 0x50,
    0x3f, 0xf8, 0xa, 0xf, 0xfe, 0xd, 0x3, 0x44,
    0x13, 0x44, 0xa9, 0x14, 0x12, 0xc1, 0xa5, 0x1,
    0x6a, 0x10, 0x51, 0xa, 0x3e, 0x4f, 0xa5, 0x80,
    0x90, 0x28, 0x1f, 0xd1, 0x5, 0x1, 0x88, 0x3f,
    0x64, 0x12, 0xa, 0x23, 0xf9, 0x3c, 0xb, 0xd2,
    0xa8, 0x8, 0x5e, 0x9, 0x7b, 0x24, 0xa, 0x2b,
    0x60, 0xaf, 0x21, 0x44, 0x1d, 0x43, 0x43, 0xf4,
    0x41, 0x9d, 0x7, 0xf8, 0x29, 0x74, 0xf0, 0x17,
    0xc1, 0xc8, 0xf2, 0x4, 0x6b, 0xc1, 0xf2, 0xad,
    0xe0, 0xff, 0xe0, 0xfa, 0x88, 0x73, 0xfe, 0xf,
    0xfe, 0x25, 0x78, 0x3c, 0xab, 0xd0, 0x4b, 0xf0,
    0x67, 0xa2, 0x1e, 0x43, 0xfc, 0xb5, 0xf4, 0x1b,
    0xfc, 0x1d, 0x44, 0x3f, 0x57, 0x83, 0xff, 0x86,
    0xbf, 0x6,

    /* U+7EED "续" */
    0xf, 0xfe, 0x75, 0x87, 0xee, 0xf, 0xf2, 0x83,
    0xff, 0x8f, 0x10, 0x5f, 0xc3, 0xfc, 0x19, 0x41,
    0xab, 0x20, 0xae, 0xb, 0x20, 0xcb, 0xa1, 0x7c,
    0x4, 0x41, 0xe0, 0xff, 0xe1, 0xc4, 0x23, 0x7f,
    0xf, 0xf2, 0x81, 0xe8, 0xb9, 0xac, 0xaa, 0x1,
    0x74, 0x8, 0x58, 0x5c, 0x28, 0x35, 0x2, 0x42,
    0x6d, 0xc, 0x90, 0x68, 0xc2, 0x6d, 0x83, 0x2c,
    0x14, 0x41, 0x34, 0x2c, 0x3a, 0x9, 0x7f, 0x6f,
    0x7, 0xfa, 0x1e, 0x81, 0x70, 0x13, 0xf, 0xca,
    0xb6, 0xac, 0xb3, 0xac, 0x9e, 0xa2, 0x5, 0xf8,
    0x5e, 0x83, 0xf7, 0xf4, 0xf, 0xf0, 0x15, 0x7a,
    0xe, 0x81, 0xa1, 0x9e, 0x88, 0x7a, 0xca, 0x14,
    0x9, 0x6b, 0xe9, 0xb4, 0xd5, 0xab, 0x81, 0x44,
    0x2e, 0x55, 0x86, 0xb1, 0x41, 0xf7, 0x72, 0x1f,
    0x72,

    /* U+7EF4 "维" */
    0xc, 0x87, 0x90, 0xff, 0xe1, 0x58, 0x66, 0x41,
    0xa1, 0xf9, 0x20, 0xd8, 0x85, 0x7, 0xe8, 0x43,
    0x21, 0x90, 0xfc, 0x90, 0x64, 0x15, 0x3, 0xa8,
    0x28, 0x45, 0x18, 0x17, 0x1, 0x71, 0x10, 0x28,
    0xa3, 0xf2, 0x7e, 0x44, 0xc, 0x50, 0x3f, 0xf8,
    0x30, 0x28, 0xa0, 0xff, 0xe1, 0xcd, 0x1, 0x40,
    0xab, 0x25, 0x60, 0x48, 0x20, 0x28, 0x5c, 0x5,
    0xc1, 0xa1, 0x38, 0x1f, 0x93, 0xf0, 0x59, 0x87,
    0xff, 0x1a, 0x11, 0x83, 0xff, 0x88, 0x8f, 0x28,
    0x2f, 0xc9, 0xf8, 0x33, 0x4d, 0x9, 0x70, 0x17,
    0x3, 0xd2, 0x83, 0xab, 0x25, 0x60, 0xff, 0xe6,
    0xb7, 0xd0, 0x7f, 0xf0, 0x9e, 0x42, 0xc2, 0xfc,
    0x9f, 0xa5, 0x5f, 0x90, 0x97, 0xfd, 0x92, 0x1f,
    0xab, 0xfc, 0x87, 0xff, 0x28,

    /* U+7F16 "编" */
    0xc, 0x87, 0xe5, 0x7, 0xfa, 0x43, 0xea, 0x7,
    0xf4, 0x21, 0xff, 0xc6, 0x50, 0x5f, 0xc0, 0xfe,
    0x81, 0x10, 0x65, 0xff, 0x6, 0x50, 0x20, 0x75,
    0xfc, 0x14, 0x42, 0xc1, 0xff, 0xc2, 0x5d, 0x9,
    0x7f, 0xf0, 0x11, 0xa1, 0x84, 0xbf, 0xed, 0x54,
    0x10, 0xab, 0xfe, 0x49, 0xc8, 0x3f, 0xf8, 0xaa,
    0x83, 0x7f, 0xff, 0x0, 0x10, 0x87, 0xa8, 0x30,
    0xc1, 0x44, 0xb8, 0x25, 0x12, 0x6a, 0x2, 0x55,
    0x83, 0xf, 0xfe, 0x2, 0xd7, 0x61, 0x28, 0x93,
    0x50, 0x2a, 0x40, 0xa0, 0x50, 0x61, 0x83, 0xe4,
    0x18, 0x3c, 0x58, 0xe8, 0x1b, 0xd4, 0x10, 0xe4,
    0x18, 0x4c, 0x84, 0x87, 0xff, 0xd, 0xa7, 0x8,
    0x7f, 0xf0, 0x59, 0x41, 0x41, 0xd0, 0x22, 0x50,
    0x73, 0x87, 0x90, 0x2e, 0x80,

    /* U+7F3A "缺" */
    0xa, 0xf, 0xe6, 0xf, 0xe5, 0x83, 0xf6, 0x87,
    0xf6, 0x21, 0xff, 0xc7, 0x4a, 0xe4, 0x3f, 0xf8,
    0x30, 0x17, 0xb6, 0x89, 0x59, 0x9, 0x34, 0xfa,
    0xd4, 0x5, 0xd8, 0x22, 0xf, 0xaf, 0x27, 0xc1,
    0xe4, 0x3f, 0xf8, 0xf6, 0x1f, 0xfc, 0x8a, 0xc9,
    0x58, 0x3f, 0xf8, 0xb, 0x80, 0xb8, 0x3f, 0xf8,
    0x1f, 0x93, 0xf2, 0xe1, 0x61, 0x41, 0xff, 0x54,
    0xa, 0x81, 0x43, 0x83, 0x38, 0xb0, 0x4b, 0xd8,
    0x7f, 0xaa, 0xa, 0xb9, 0xf, 0xfe, 0x22, 0x1f,
    0xfc, 0x54, 0x88, 0x3f, 0xf8, 0xb0, 0xc4, 0x1f,
    0xf6, 0x14, 0x22, 0x28, 0x39, 0xd3, 0x42, 0x48,
    0x19, 0x21, 0xe5, 0x48, 0xe6, 0x1b, 0x28, 0xf,
    0xa8, 0xdc, 0x41, 0xec, 0x43, 0xfd, 0x44, 0x3e,
    0xe0,

    /* U+7F51 "网" */
    0x3f, 0xff, 0x8d, 0x4, 0xbf, 0xfc, 0x20, 0xe6,
    0xbf, 0xf8, 0x58, 0x7f, 0xc8, 0x7f, 0xf0, 0xb4,
    0xc, 0x86, 0xf0, 0x7e, 0x81, 0x83, 0xc, 0x87,
    0xd0, 0x8b, 0x19, 0x10, 0x7c, 0x94, 0x22, 0x16,
    0xf, 0xe8, 0x50, 0x12, 0x30, 0xfe, 0x41, 0x85,
    0x1, 0xf, 0xfe, 0x6, 0x1f, 0xfc, 0x44, 0x8,
    0x50, 0x10, 0xfe, 0x88, 0x84, 0x88, 0x3f, 0x44,
    0x89, 0xc, 0x21, 0xf2, 0x27, 0x42, 0x12, 0xf,
    0x46, 0x12, 0xe0, 0x41, 0xf5, 0x3, 0x98, 0x27,
    0xf, 0x90, 0xe8, 0x3c, 0x87, 0xff, 0xe, 0xfa,
    0x30, 0xff, 0xe0, 0xe1, 0x32,

    /* U+7F57 "罗" */
    0x5, 0x7f, 0xf1, 0x82, 0x5f, 0xfe, 0x30, 0x77,
    0xc9, 0xf8, 0x7e, 0xf, 0x21, 0xff, 0xf2, 0x7e,
    0x4f, 0xc3, 0xf0, 0x72, 0xf0, 0x4b, 0xfe, 0xa,
    0xb8, 0x15, 0xff, 0x7, 0xd0, 0xa0, 0xff, 0xe2,
    0x48, 0xff, 0xf8, 0x3d, 0x22, 0xff, 0x7, 0xe9,
    0x2b, 0xfc, 0x8, 0x36, 0x82, 0x81, 0xf6, 0x28,
    0x2c, 0x7c, 0xae, 0xd, 0x8c, 0x1d, 0x40, 0x58,
    0x82, 0xc6, 0xe, 0xd0, 0xef, 0x3a, 0x50, 0x3f,
    0xf8, 0x2f, 0xe, 0x87, 0xfc, 0xdc, 0x3c, 0x1f,
    0xe6, 0xe4, 0x78, 0x3f, 0xee, 0x47, 0xd0, 0x7f,
    0xf0, 0x69, 0xe8, 0x3f, 0xf8, 0x60,

    /* U+7F6E "置" */
    0x9, 0x7f, 0xf8, 0xa1, 0xab, 0xff, 0x8c, 0x1e,
    0xfc, 0x5f, 0xf, 0xc8, 0x7f, 0x90, 0xf2, 0x1f,
    0xf7, 0xd1, 0x7c, 0xf, 0x90, 0xeb, 0xfe, 0x4f,
    0xfc, 0x19, 0x7f, 0x85, 0xfe, 0x5, 0x7f, 0x2,
    0xbf, 0x81, 0x7f, 0xe4, 0xff, 0xe0, 0xef, 0xf2,
    0x7f, 0xa0, 0xfe, 0xaf, 0xf2, 0x1f, 0xe5, 0xff,
    0xa0, 0xff, 0x3f, 0xff, 0x7, 0xf9, 0xff, 0xf4,
    0x1f, 0xf2, 0xff, 0x83, 0xfe, 0x6b, 0xfe, 0xf,
    0xf3, 0xff, 0xf0, 0x7f, 0x9f, 0xff, 0x83, 0xfc,
    0xd7, 0xfc, 0x1e, 0x54, 0x1f, 0xfc, 0x25, 0xea,
    0x23, 0x5f, 0xf0, 0x2a,

    /* U+7F8E "美" */
    0xe, 0x50, 0x7e, 0x83, 0xfe, 0xa2, 0x1e, 0xd4,
    0x1f, 0xec, 0x83, 0xa1, 0x41, 0xe5, 0xf0, 0xba,
    0x4d, 0x70, 0x55, 0xc9, 0x59, 0x5, 0x72, 0xf,
    0xfe, 0x1f, 0xfc, 0x87, 0xff, 0x36, 0xbf, 0xd,
    0x7c, 0x86, 0x5f, 0xc0, 0x5f, 0x83, 0xbf, 0xf0,
    0xff, 0xc8, 0x7f, 0xf3, 0x7f, 0xf8, 0x7f, 0xf4,
    0x5, 0xff, 0xe3, 0xe0, 0xaf, 0xda, 0x57, 0xe4,
    0x3f, 0xf9, 0x77, 0xfe, 0x87, 0xff, 0x8d, 0x7f,
    0x4, 0xbf, 0xc3, 0x5f, 0x61, 0x35, 0xf8, 0x3f,
    0x50, 0xe3, 0x43, 0xff, 0x81, 0x69, 0x8c, 0x5a,
    0x1e, 0x6f, 0x25, 0x84, 0xe9, 0x7a, 0x4a, 0x23,
    0x68, 0x7a, 0xe0, 0x31, 0x37, 0x21, 0xfe, 0x7d,
    0x40,

    /* U+8001 "老" */
    0xf, 0xfe, 0x93, 0xa1, 0xff, 0xd1, 0x50, 0x7f,
    0xf0, 0x30, 0xfa, 0x81, 0xd7, 0xe8, 0x7f, 0x8c,
    0x43, 0xb5, 0xc1, 0x2e, 0xa0, 0x20, 0xe6, 0xb8,
    0xae, 0xd3, 0xf, 0xfe, 0x2c, 0x98, 0x7f, 0xf0,
    0xb0, 0x49, 0x7, 0xbf, 0xe8, 0x7c, 0x82, 0xfd,
    0xb, 0xfc, 0x19, 0x7e, 0xca, 0xfc, 0x13, 0xd7,
    0xc8, 0x7c, 0xe9, 0x40, 0xff, 0xe1, 0x3c, 0x3a,
    0x19, 0xd0, 0xf3, 0xc0, 0xe0, 0x9b, 0x8c, 0x35,
    0xc1, 0x40, 0x6e, 0x4b, 0x82, 0x50, 0xf1, 0x7a,
    0x4b, 0xc9, 0x20, 0x57, 0x7, 0x37, 0x90, 0xcc,
    0x14, 0x1c, 0xf2, 0x1f, 0xfd, 0x4, 0x43, 0xe4,
    0x7f, 0xfa, 0x30, 0xfd, 0x7, 0xfc, 0xa0, 0x0,

    /* U+8005 "者" */
    0xf, 0xfe, 0x93, 0xc1, 0xff, 0xd1, 0x60, 0xea,
    0xec, 0x6b, 0x86, 0x43, 0x97, 0xc0, 0x5e, 0x22,
    0xe, 0xfe, 0x87, 0xfc, 0x48, 0x7f, 0xf1, 0x1c,
    0x90, 0xff, 0xe2, 0x31, 0x21, 0xdf, 0xf4, 0x3e,
    0x81, 0x7f, 0xb, 0xfc, 0x19, 0x7e, 0x8a, 0xfc,
    0x15, 0xd7, 0xc8, 0x7d, 0x6a, 0xd0, 0xff, 0xe1,
    0x5a, 0x15, 0x7c, 0x87, 0x3e, 0x43, 0x2f, 0xec,
    0x27, 0x82, 0x7f, 0xfc, 0x1c, 0x97, 0x83, 0xff,
    0x8d, 0xa1, 0x3f, 0xfe, 0xf, 0xfe, 0x2, 0xff,
    0x83, 0xfe, 0x6b, 0xfc, 0x1f, 0xfc, 0x94, 0x3f,
    0xe7, 0xff, 0xa0, 0xff, 0xe0, 0x57, 0xf2, 0x1f,
    0xf2, 0xff, 0xa0, 0xe0,

    /* U+800C "而" */
    0x7f, 0xff, 0x90, 0x21, 0xff, 0xca, 0xff, 0xd0,
    0xff, 0xf0, 0x7f, 0xa2, 0xf, 0xfe, 0xb5, 0x7b,
    0x5, 0x7f, 0x6, 0x5f, 0x4, 0xbf, 0xc1, 0xef,
    0x93, 0xe8, 0x7e, 0xf, 0x90, 0xff, 0x61, 0xff,
    0xff, 0xf, 0xff, 0xf8, 0x7f, 0xfe, 0xbe, 0xf,
    0xfa, 0xc2, 0x75, 0x1, 0xc0,

    /* U+8017 "耗" */
    0xd, 0x21, 0xff, 0xc8, 0x70, 0xfc, 0xaa, 0x78,
    0xd, 0x43, 0x45, 0x7e, 0xa2, 0xd0, 0x4b, 0x1,
    0x50, 0x14, 0xf, 0xa4, 0xf, 0xc3, 0xf3, 0xd0,
    0x43, 0xff, 0xa5, 0x50, 0xd0, 0x3f, 0xe4, 0x25,
    0x80, 0xb0, 0xd0, 0x7f, 0x41, 0x7c, 0x3e, 0x68,
    0xa0, 0x96, 0x83, 0xfe, 0xbe, 0x1e, 0xa4, 0x15,
    0x86, 0xa0, 0xff, 0xe1, 0x2c, 0x5, 0x83, 0xff,
    0x83, 0x79, 0x1f, 0x82, 0x46, 0x9f, 0x90, 0x91,
    0x43, 0xf4, 0x5, 0x4, 0x85, 0x5, 0x2f, 0x40,
    0xfe, 0x90, 0x28, 0x4a, 0xe4, 0x43, 0x28, 0x19,
    0x3, 0x50, 0x7f, 0xb8, 0x88, 0x35, 0x87, 0x21,
    0xf9, 0x41, 0xff, 0xc4, 0x41, 0x40, 0xff, 0xe0,
    0xfe, 0x10, 0xff, 0xe1, 0x61, 0xe8, 0x3f, 0xf8,
    0x7f, 0xe0, 0x0,

    /* U+8054 "联" */
    0xf, 0xfe, 0x32, 0x1f, 0xfc, 0x17, 0x43, 0x32,
    0xf, 0xfe, 0x12, 0xd, 0x8, 0x10, 0x94, 0x4,
    0x10, 0x82, 0x20, 0xa8, 0x74, 0x4, 0x4, 0xc0,
    0x88, 0x7f, 0xf0, 0x56, 0xdc, 0x5c, 0x1f, 0xe6,
    0x8d, 0x0, 0xd3, 0xd, 0x50, 0x4d, 0x60, 0x56,
    0xc3, 0x2c, 0x19, 0x70, 0xbe, 0xd, 0xf0, 0x7f,
    0xf8, 0xeb, 0x86, 0xb8, 0x37, 0xc1, 0x2f, 0x1,
    0x78, 0x32, 0xc1, 0x7e, 0x81, 0xfc, 0x1a, 0xa0,
    0xfb, 0xf, 0xfe, 0x4a, 0x4, 0x3f, 0xf8, 0x2a,
    0xc, 0x90, 0x7b, 0x2f, 0x2, 0xc1, 0x1c, 0x41,
    0xa4, 0x43, 0x50, 0x50, 0xa1, 0x41, 0x9a, 0x78,
    0x8, 0xc6, 0xc, 0x82, 0xa2, 0x83, 0x98, 0x83,
    0x46, 0x87, 0xf3, 0x12, 0x19, 0x89, 0xf, 0xca,
    0x90, 0xf3, 0xa8, 0x3d, 0xe2, 0x43, 0xfa, 0x0,

    /* U+80CC "背" */
    0xf, 0xa8, 0x15, 0x3, 0xff, 0x86, 0xa0, 0x94,
    0x1d, 0x5, 0x5e, 0xf, 0xeb, 0xca, 0x2, 0xf8,
    0x3e, 0xf2, 0x3a, 0xf, 0xf0, 0x7c, 0xde, 0x98,
    0x3f, 0xf8, 0x72, 0x16, 0x84, 0xd3, 0xc1, 0xff,
    0xc0, 0x40, 0xf2, 0xe0, 0xfb, 0xab, 0x9, 0x57,
    0xa8, 0x1d, 0x1, 0x60, 0x40, 0x90, 0xde, 0x9,
    0xff, 0x90, 0xcd, 0x7f, 0xf0, 0x90, 0xf6, 0xbf,
    0xfc, 0x2c, 0x3f, 0x7f, 0xff, 0x0, 0x3f, 0xf9,
    0x28, 0x7f, 0xbf, 0xfe, 0x83, 0xfd, 0x5f, 0xfc,
    0x0, 0xff, 0x2f, 0xff, 0x0, 0x3f, 0xdf, 0xff,
    0xc0, 0xf, 0xf2, 0xff, 0xf0, 0x3, 0xfd, 0x5f,
    0xfc, 0x0, 0xff, 0xe4, 0xa1, 0xff, 0xc4, 0x6b,
    0x8c, 0x3f, 0xf8, 0x6b, 0x85, 0x7, 0xac, 0x3c,
    0xff, 0x41, 0x80,

    /* U+80E1 "胡" */
    0xf, 0xfe, 0x6d, 0x87, 0xff, 0x3a, 0xff, 0xc1,
    0xff, 0xce, 0x43, 0xf7, 0xf2, 0xf, 0xc0, 0xfc,
    0x1f, 0xf2, 0xe0, 0x2e, 0xf, 0xfa, 0xb2, 0x56,
    0xf, 0xfe, 0x67, 0xf2, 0x1f, 0xfc, 0x35, 0xe0,
    0xff, 0xe2, 0x57, 0x21, 0x5e, 0x4f, 0x83, 0xff,
    0xb1, 0xf9, 0xe, 0xae, 0x43, 0xff, 0x82, 0x8b,
    0xc1, 0xff, 0xc4, 0xfe, 0x43, 0xff, 0xae, 0x87,
    0xfd, 0x59, 0x4, 0x61, 0xff, 0x2e, 0x9, 0x10,
    0xe4, 0x3b, 0xfd, 0x8, 0x2f, 0x83, 0x68, 0x79,
    0x20, 0xfa, 0x3, 0x7, 0xb8, 0x2b, 0xf2, 0x0,

    /* U+80FD "能" */
    0xf, 0xfe, 0x6f, 0x7, 0xb8, 0x3f, 0xd9, 0x87,
    0xff, 0x1, 0x41, 0x42, 0xac, 0x3f, 0x3d, 0x0,
    0xb4, 0x46, 0x1d, 0x70, 0xe3, 0x10, 0x49, 0x4,
    0xa2, 0xe0, 0x40, 0xfc, 0x8a, 0xa, 0xd0, 0x6b,
    0xea, 0xc4, 0x5, 0x4, 0x82, 0xb9, 0x77, 0x83,
    0xfe, 0xaf, 0xc8, 0x4f, 0x58, 0x45, 0xfd, 0x82,
    0x2, 0xc4, 0x13, 0xfc, 0x19, 0xff, 0x21, 0xf9,
    0xd, 0xc1, 0xfc, 0xfe, 0x83, 0xfa, 0xf0, 0x4f,
    0xe8, 0x3e, 0xb4, 0x83, 0xf2, 0x1c, 0xe9, 0x68,
    0x4f, 0xf0, 0x79, 0xb4, 0x90, 0x97, 0x83, 0x99,
    0x9, 0xc0, 0xd7, 0x7, 0xff, 0x3, 0xf, 0xfe,
    0xa, 0x19, 0xf, 0xa9, 0x87, 0xba, 0xc2, 0x1e,
    0x41, 0x2, 0x2, 0xc2, 0xe, 0x5, 0xf0, 0x4f,
    0xfa, 0x0,

    /* U+8111 "脑" */
    0xf, 0xfe, 0xd7, 0x7, 0xf5, 0x72, 0x1f, 0x21,
    0xf9, 0x7c, 0x1f, 0x22, 0x1f, 0xdf, 0x1, 0xfe,
    0x4b, 0xf4, 0x1f, 0xcb, 0xff, 0xc1, 0xc3, 0xfd,
    0x57, 0x5b, 0xa9, 0xc, 0x87, 0xd4, 0xd, 0x40,
    0xfa, 0xf0, 0x74, 0x40, 0x88, 0x43, 0x96, 0xb,
    0xc4, 0xa1, 0x45, 0x3, 0xaa, 0xf, 0x25, 0x8,
    0x3f, 0xf8, 0xd8, 0xa0, 0xff, 0xe5, 0x41, 0xfd,
    0x50, 0x7c, 0x82, 0xf, 0xe5, 0x83, 0xe8, 0x50,
    0x7f, 0x7c, 0x1e, 0x8a, 0x18, 0x7f, 0xf1, 0x17,
    0x10, 0x87, 0x61, 0xfd, 0x10, 0x12, 0x43, 0x21,
    0xfd, 0xc1, 0xad, 0xe, 0x43, 0xf9, 0xc, 0x88,
    0x49, 0xd3, 0xe, 0xff, 0xc1, 0xa1, 0x10, 0x24,
    0xbf, 0xc1, 0xa4, 0xbe, 0x3, 0x5f, 0xc8, 0x4c,
    0x1f, 0xfc, 0x5b, 0x0,

    /* U+811A "脚" */
    0xf, 0xfe, 0x9d, 0x87, 0xf9, 0xfe, 0xf, 0xcb,
    0xe0, 0x94, 0x1f, 0xee, 0xb6, 0x15, 0x10, 0x51,
    0x28, 0x17, 0x83, 0xfc, 0xa0, 0x28, 0x3f, 0xf8,
    0x7e, 0x4f, 0x7, 0xf9, 0x41, 0xff, 0xc7, 0xa2,
    0x1f, 0xfc, 0x6a, 0x21, 0xff, 0xc6, 0x50, 0x1a,
    0x25, 0x10, 0xff, 0xe1, 0x28, 0xa, 0xc3, 0xff,
    0x82, 0xf1, 0x7a, 0xf, 0xee, 0x42, 0xc5, 0x7,
    0xff, 0x1, 0xc, 0xb4, 0x1f, 0xd9, 0xe4, 0x36,
    0x90, 0x7f, 0xf0, 0xe1, 0x14, 0x1f, 0xfc, 0x35,
    0x3, 0xe, 0x42, 0x43, 0x91, 0xf4, 0x40, 0xa1,
    0x81, 0xf, 0xca, 0x10, 0x6c, 0xa3, 0xa2, 0x3f,
    0x54, 0x81, 0x93, 0x16, 0x20, 0xf3, 0x7, 0xa8,
    0x7c, 0x87, 0xff, 0x8,

    /* U+81E7 "臧" */
    0xf, 0xfe, 0x1a, 0x4, 0x3f, 0xf8, 0xd2, 0xa4,
    0x3f, 0xf8, 0xea, 0x90, 0x58, 0x7f, 0xf0, 0xe5,
    0x7, 0xbf, 0xfc, 0x5e, 0x74, 0x3e, 0x5f, 0xc0,
    0x5c, 0x1f, 0x57, 0xf0, 0xd6, 0x43, 0xf5, 0x79,
    0xc, 0xc1, 0xac, 0x25, 0xf6, 0x1a, 0xe, 0x43,
    0xbc, 0x5c, 0xa0, 0xb0, 0x5f, 0x7, 0xff, 0x5,
    0x10, 0xff, 0x50, 0xa0, 0x6c, 0x27, 0xf0, 0x65,
    0x1, 0x41, 0x28, 0x24, 0x8, 0x6f, 0xc0, 0xc4,
    0x80, 0xc5, 0x3, 0xe4, 0x34, 0x1f, 0x21, 0xdf,
    0x40, 0x41, 0x6, 0x43, 0xea, 0xc, 0x84, 0x9a,
    0x19, 0xc, 0xa3, 0x42, 0x43, 0xb0, 0xc8, 0x7e,
    0xc4, 0x39, 0x8c, 0x37, 0x8b, 0x84, 0x39, 0x11,
    0xa, 0xb8, 0x54, 0x48, 0xac, 0x44, 0xb, 0xe2,
    0x15, 0x7, 0xd0, 0x7d, 0x40, 0x40, 0x83, 0x38,
    0x7f, 0x21, 0x79, 0x0,

    /* U+81EA "自" */
    0xf, 0x94, 0x1f, 0xfc, 0x4a, 0x21, 0xff, 0xc5,
    0x43, 0xfa, 0xbb, 0x5, 0x7e, 0x2, 0xf0, 0x4b,
    0xf8, 0x37, 0xff, 0xf0, 0x3, 0xff, 0x8c, 0x87,
    0xff, 0x5d, 0xe, 0xff, 0xfe, 0x0, 0x79, 0x7f,
    0xf8, 0x1, 0xea, 0xff, 0xe0, 0x21, 0xff, 0xd7,
    0x43, 0xbf, 0xff, 0x80, 0x1e, 0x5f, 0xfe, 0x0,
    0x7a, 0xbf, 0xf8, 0x8, 0x7f, 0xf7, 0x6b, 0xff,
    0x80, 0x87, 0x2f, 0xff, 0x0, 0x3d, 0xff, 0xfc,
    0x4, 0x3f, 0xf9, 0x0,

    /* U+81F3 "至" */
    0x1a, 0xff, 0xe3, 0x83, 0x5f, 0xfe, 0x38, 0x2f,
    0xe8, 0x17, 0xff, 0x83, 0xf4, 0x48, 0x5e, 0xf,
    0xfe, 0x6, 0x48, 0x7b, 0xf, 0xe7, 0x24, 0x3b,
    0x4, 0x1f, 0x50, 0x90, 0xfa, 0x18, 0x39, 0x40,
    0xbf, 0xf4, 0x6, 0xf, 0xfe, 0x12, 0xf4, 0x28,
    0x27, 0xfe, 0x4a, 0xe7, 0x50, 0x7f, 0xf2, 0x20,
    0xff, 0xe7, 0x35, 0xf2, 0x57, 0xe0, 0xda, 0xfc,
    0x5, 0xfc, 0x1a, 0xff, 0x93, 0xff, 0x7, 0xff,
    0xe1, 0xff, 0xe4, 0xff, 0xf2, 0xff, 0xf2, 0x80,

    /* U+81F4 "致" */
    0xf, 0xfe, 0xbb, 0xa1, 0xe6, 0xbf, 0xc0, 0xc4,
    0x3d, 0xaf, 0xf8, 0x8, 0x7e, 0xbe, 0x7, 0xf0,
    0x48, 0x7f, 0xa3, 0xf, 0x43, 0xfe, 0x40, 0xb0,
    0x34, 0x24, 0x5c, 0x4, 0x28, 0x80, 0xc0, 0x81,
    0x58, 0x64, 0x88, 0x2c, 0x84, 0x3f, 0xe4, 0xbe,
    0x86, 0x11, 0x2, 0x61, 0xca, 0x5, 0x1, 0x43,
    0x6, 0x21, 0x7a, 0x82, 0xdc, 0x81, 0x2, 0x1f,
    0xfc, 0x54, 0x32, 0x1a, 0xb0, 0xd4, 0x14, 0x50,
    0xc3, 0x2e, 0x2, 0xe0, 0xca, 0x10, 0xdf, 0x43,
    0xf2, 0x14, 0x8, 0x3f, 0x21, 0xff, 0xc0, 0x43,
    0xff, 0x8d, 0x3, 0xf, 0xf9, 0x52, 0xc, 0x93,
    0x9, 0xbe, 0x1a, 0x3b, 0x93, 0x26, 0xd, 0x2,
    0xaa, 0xf4, 0x48, 0x24, 0xdb, 0xea, 0x2c, 0x44,
    0x86, 0x90, 0xff, 0xe0, 0x5a, 0x1e, 0xa2,

    /* U+8212 "舒" */
    0xe, 0xf2, 0x1f, 0xfc, 0x6c, 0x12, 0xb, 0xff,
    0x83, 0x43, 0x92, 0x5, 0xf0, 0x79, 0x44, 0x64,
    0xd7, 0xc9, 0x1, 0x8c, 0x2c, 0x87, 0xa, 0x58,
    0x10, 0xd7, 0xc2, 0x64, 0xa8, 0x34, 0xbf, 0x81,
    0x9a, 0x41, 0xb7, 0xc0, 0xf0, 0x76, 0xc, 0x3f,
    0xf8, 0x6b, 0xc6, 0xb8, 0xac, 0xa, 0x9e, 0xa4,
    0x15, 0x62, 0xe0, 0x2d, 0xdf, 0x25, 0xc1, 0x7e,
    0x7, 0xd0, 0x79, 0xb, 0xf, 0xfe, 0x3e, 0x20,
    0xa8, 0x14, 0x43, 0xf9, 0xc, 0xb0, 0x15, 0x7,
    0xf3, 0x6, 0x7f, 0x7, 0xfd, 0x21, 0xff, 0xe4,
    0x6b, 0x7, 0xff, 0x19, 0x70, 0x4f, 0xc8, 0x7f,
    0x3f, 0xe1, 0xd, 0x7, 0x0,

    /* U+822C "般" */
    0xe, 0x43, 0xff, 0x93, 0x40, 0xff, 0xe3, 0xa6,
    0x1d, 0x7f, 0x83, 0xbd, 0x17, 0x90, 0xcb, 0x7,
    0xf2, 0xe3, 0x2, 0x54, 0x87, 0xcd, 0x60, 0xe4,
    0x3f, 0xf8, 0xe, 0x1f, 0xfc, 0x84, 0x83, 0x26,
    0x1d, 0x44, 0x39, 0x41, 0x30, 0x85, 0x8a, 0xf,
    0x41, 0xec, 0x33, 0xf2, 0x1e, 0xc2, 0x65, 0xfc,
    0xb, 0x1f, 0xc1, 0x57, 0xf0, 0x34, 0xb, 0x82,
    0x4b, 0xf0, 0x66, 0x1a, 0xc1, 0x46, 0x1c, 0x87,
    0x9c, 0x3e, 0x42, 0x88, 0x3c, 0x90, 0x74, 0x42,
    0xc1, 0xec, 0x90, 0xe5, 0xa8, 0x41, 0x90, 0x98,
    0x3d, 0x9, 0x7, 0xc8, 0x10, 0xff, 0x61, 0xd0,
    0x7f, 0xac, 0x87, 0x43, 0x25, 0x59, 0xba, 0x6e,
    0x96, 0x46, 0x5, 0xa, 0x8b, 0xa, 0xc2, 0xa2,
    0x5f, 0x45, 0xa1, 0xef, 0x0,

    /* U+8272 "色" */
    0xf, 0xa4, 0x3f, 0xf8, 0xf3, 0x87, 0xff, 0x1d,
    0x5, 0x7e, 0xf, 0xf6, 0x5, 0xfe, 0xf, 0xec,
    0x7f, 0xe4, 0x43, 0xf6, 0x30, 0x7a, 0x48, 0x3e,
    0xc1, 0x7, 0x94, 0x61, 0xf6, 0x15, 0x7e, 0x5,
    0x64, 0x3e, 0x5f, 0x82, 0x5d, 0x85, 0xe1, 0xfe,
    0x4f, 0xf0, 0x7f, 0xff, 0x9a, 0xe4, 0xaf, 0x7,
    0xf2, 0xf0, 0x17, 0xc1, 0xf9, 0xff, 0xfe, 0x14,
    0x1f, 0xfc, 0x96, 0xf, 0xfe, 0x4a, 0x83, 0x21,
    0xff, 0xd8, 0xc4, 0x24, 0xf5, 0x7f, 0xda, 0x1d,
    0x20, 0x5f, 0xf8, 0x10,

    /* U+82AF "芯" */
    0xf, 0x48, 0x7a, 0x43, 0xfe, 0x56, 0x1e, 0x60,
    0xff, 0xe8, 0x35, 0xb1, 0xaf, 0x2, 0xb8, 0x97,
    0x80, 0xbe, 0x2, 0xfb, 0xfa, 0x1f, 0xe8, 0x1f,
    0xc8, 0x7f, 0xf0, 0x50, 0xff, 0xe2, 0xb0, 0x7f,
    0xf1, 0x1e, 0x34, 0x2f, 0x7, 0xff, 0xe, 0x20,
    0xff, 0xe2, 0x70, 0x14, 0x1c, 0x87, 0x9d, 0xe,
    0x8c, 0x2a, 0x21, 0xd8, 0x87, 0x91, 0x4, 0x41,
    0xc8, 0x7e, 0x88, 0x24, 0x42, 0x44, 0x3f, 0x38,
    0x51, 0x5, 0x90, 0x7e, 0x81, 0x1, 0x10, 0x21,
    0xff, 0xc1, 0x62, 0x21, 0x10, 0xff, 0x90, 0xfb,
    0x20, 0xff, 0xe2, 0x50, 0xb0, 0xe4, 0x3d, 0x98,
    0x14, 0x1f, 0xdf, 0xe4, 0x43, 0xfe, 0x83, 0xf4,
    0x1e,

    /* U+82B1 "花" */
    0xf, 0x90, 0xf2, 0x83, 0xff, 0x80, 0xc8, 0x75,
    0x3, 0xff, 0xa3, 0x5e, 0x2b, 0xc0, 0xae, 0x45,
    0xe0, 0x97, 0x80, 0xbd, 0x9f, 0xd1, 0x7f, 0x3,
    0xfa, 0xf, 0xfe, 0x8e, 0x87, 0x78, 0x3f, 0xf8,
    0x16, 0x13, 0xc1, 0xc8, 0x7d, 0x8, 0x7f, 0xaa,
    0xf, 0x24, 0x1f, 0xd2, 0x61, 0xd9, 0x7, 0xe7,
    0x4d, 0xd, 0x7, 0xfa, 0x83, 0x87, 0x48, 0x7f,
    0x28, 0xe0, 0xe9, 0x20, 0xe6, 0x5, 0x87, 0x94,
    0x61, 0x9e, 0x2, 0x83, 0xe5, 0x61, 0xa8, 0x28,
    0x3e, 0x74, 0x83, 0xb7, 0xb0, 0xff, 0xe2, 0xb0,
    0x7f, 0xf3, 0x10, 0xfb, 0x10, 0xff, 0xe0, 0xbd,
    0x5a, 0x1f, 0xfc, 0x28, 0xb, 0x2, 0xf, 0xfe,
    0xb, 0xff, 0x20,

    /* U+82CF "苏" */
    0xf, 0x28, 0x3c, 0xa0, 0xff, 0xe0, 0xd0, 0x3d,
    0xc1, 0xff, 0xd2, 0x7f, 0x81, 0xfe, 0x4f, 0xf0,
    0x7f, 0xf2, 0x91, 0xfe, 0x7, 0xf9, 0x3f, 0xa0,
    0xf9, 0xf, 0xfe, 0x55, 0xd8, 0x6b, 0xf, 0xfe,
    0x9d, 0xfe, 0x4f, 0xfa, 0xf, 0x6b, 0xe0, 0x97,
    0x7, 0xf3, 0x5e, 0x7, 0x5c, 0x61, 0xfd, 0xa1,
    0xff, 0xc8, 0x83, 0xff, 0x83, 0xe4, 0x39, 0x70,
    0x88, 0x76, 0x14, 0x86, 0x88, 0x11, 0x7, 0xd4,
    0x28, 0xc, 0x83, 0xff, 0x84, 0xe2, 0x6, 0x41,
    0x90, 0x79, 0xd, 0xc0, 0x90, 0x40, 0x43, 0xff,
    0x80, 0x87, 0x49, 0x87, 0xff, 0x15, 0xd3, 0xa,
    0xaf, 0x8, 0x7d, 0x41, 0xc3, 0x2c, 0x6, 0xf,
    0xa7, 0x83, 0xbf, 0xa0, 0xf8,

    /* U+82D7 "苗" */
    0xf, 0x28, 0x3c, 0xa0, 0xff, 0xe0, 0x50, 0x3d,
    0x61, 0xff, 0xd0, 0xbf, 0x81, 0xfe, 0x1f, 0xe4,
    0x3f, 0xf9, 0x2d, 0xfc, 0xf, 0xf0, 0xff, 0x7,
    0xff, 0x47, 0xc1, 0xee, 0xf, 0xd7, 0xff, 0xf1,
    0x10, 0xff, 0xe8, 0x7f, 0x81, 0xfd, 0x7, 0xff,
    0xa2, 0xbc, 0xa, 0xf0, 0x7e, 0x5f, 0x1, 0x78,
    0x3f, 0xaf, 0xe0, 0x7f, 0x41, 0xf9, 0xf, 0xff,
    0xaf, 0xf8, 0x1f, 0xd0, 0x7f, 0x2f, 0xff, 0x0,
    0x3f, 0xba, 0xff, 0xe0, 0x87, 0xff, 0x38,

    /* U+82E6 "苦" */
    0xf, 0x21, 0xf9, 0xf, 0xf9, 0x90, 0xf5, 0x3,
    0xff, 0xa0, 0xfe, 0x8b, 0xfc, 0x9f, 0xc0, 0x5c,
    0x12, 0xf8, 0x25, 0xc3, 0x5c, 0x57, 0xc9, 0xd6,
    0xf, 0xf9, 0x41, 0xff, 0xc3, 0x74, 0x14, 0x5,
    0x87, 0xff, 0x41, 0xff, 0xe0, 0x7f, 0xf0, 0x17,
    0xf8, 0xb, 0xfc, 0x35, 0xfc, 0xa, 0xfe, 0xf,
    0xff, 0x27, 0xfc, 0xf, 0xf4, 0x1f, 0x97, 0xff,
    0x80, 0x1f, 0xea, 0xff, 0xe0, 0x7, 0xff, 0xfc,
    0xff, 0xfe, 0x0, 0x7f, 0x97, 0xff, 0x80, 0x1f,
    0xea, 0xff, 0xe0, 0x7, 0x0,

    /* U+82F1 "英" */
    0xf, 0x70, 0x7b, 0x83, 0xff, 0xa0, 0xd6, 0xc6,
    0xbb, 0x1a, 0xe0, 0x2e, 0x9, 0x78, 0x25, 0xe1,
    0xfe, 0x1f, 0xf0, 0xff, 0x7, 0xfd, 0xc1, 0xff,
    0xc4, 0xe0, 0xf7, 0x7, 0xf5, 0x7c, 0x35, 0xe4,
    0x3c, 0xbf, 0x1, 0x7d, 0x87, 0xcf, 0xf0, 0xfe,
    0x83, 0xff, 0x92, 0x87, 0xff, 0x96, 0xf0, 0xff,
    0xf, 0xf0, 0xf8, 0xb, 0xf8, 0x32, 0xfe, 0x2b,
    0xf8, 0x26, 0xbf, 0x7, 0xf6, 0x4a, 0x83, 0xff,
    0x84, 0xe2, 0xa1, 0xc3, 0xfe, 0x78, 0xa0, 0x34,
    0xf2, 0x1c, 0xdc, 0x3a, 0x1a, 0x80, 0xbd, 0xc,
    0x8f, 0x7, 0xcf, 0x20, 0x46, 0xf4, 0x1f, 0xf3,
    0x7a, 0x0,

    /* U+8303 "范" */
    0xf, 0x90, 0xf2, 0x83, 0xff, 0x83, 0x40, 0xea,
    0x7, 0xff, 0x47, 0xfc, 0x3f, 0xc0, 0xff, 0xb,
    0xc1, 0x2f, 0x1, 0x7c, 0x57, 0x63, 0x5c, 0xa,
    0xf0, 0x50, 0x6c, 0x39, 0x41, 0xf9, 0x5a, 0x65,
    0x70, 0x2a, 0x43, 0x31, 0x60, 0x5f, 0xf0, 0x79,
    0xd0, 0xd7, 0xfa, 0xe, 0x90, 0x58, 0x7f, 0xf1,
    0x1b, 0xf, 0xfe, 0x3f, 0x1c, 0x1f, 0xfc, 0x67,
    0xf, 0xfe, 0xe, 0x21, 0xee, 0xf, 0x35, 0x68,
    0x7f, 0x41, 0xf2, 0xc0, 0x83, 0xe9, 0xf, 0x3f,
    0xc9, 0xa1, 0x2c, 0x1f, 0xfc, 0x78, 0x83, 0xff,
    0x82, 0x86, 0x44, 0x3b, 0xf, 0xfe, 0xc, 0x41,
    0x23, 0xd7, 0xb8, 0x44, 0x43, 0xa0, 0x2f, 0x81,
    0x1, 0xe0, 0xe7, 0xff, 0xc8,

    /* U+8305 "茅" */
    0xf, 0x90, 0xf2, 0x1f, 0xfc, 0x16, 0x43, 0xa8,
    0x1f, 0xfc, 0x94, 0x3e, 0xfe, 0x8b, 0xf8, 0x1f,
    0xd1, 0x5c, 0x8d, 0x70, 0x2b, 0xb1, 0x7b, 0x35,
    0xe1, 0x7e, 0xf, 0x3a, 0x1d, 0xc1, 0xfd, 0xff,
    0xfc, 0x44, 0x39, 0x7f, 0xf8, 0x21, 0xfd, 0x59,
    0xeb, 0xb4, 0x74, 0x3f, 0xd6, 0x83, 0x8e, 0xf,
    0xfb, 0x8b, 0xc5, 0x87, 0xcd, 0x7b, 0x42, 0x7a,
    0xf0, 0x25, 0xfc, 0x12, 0xfe, 0x7, 0xfd, 0x6,
    0xff, 0x7, 0xf9, 0x8d, 0xf, 0x44, 0x1f, 0x50,
    0xc3, 0xe5, 0x8, 0x73, 0xa6, 0x1f, 0xe8, 0x3a,
    0x85, 0x87, 0xf3, 0xa1, 0x79, 0x5a, 0x19, 0xf,
    0xfe, 0x3, 0xc0, 0xa7, 0x83, 0xff, 0x81, 0xc1,
    0x94, 0x14, 0x1f, 0xc0,

    /* U+8377 "荷" */
    0xf, 0xfe, 0x8f, 0x83, 0xac, 0x3f, 0xfa, 0x3f,
    0xe0, 0x7f, 0x27, 0xf8, 0x5f, 0x1, 0x78, 0xb,
    0xe2, 0xbc, 0xa, 0xe4, 0xaf, 0x7, 0x75, 0x7,
    0x70, 0x7f, 0xa3, 0xea, 0xef, 0x57, 0x21, 0x91,
    0x7f, 0xf8, 0x78, 0x51, 0x1f, 0xfe, 0x8b, 0x82,
    0x44, 0x3f, 0xf8, 0xd8, 0x72, 0xfc, 0x1f, 0xa0,
    0xf5, 0x7c, 0x1f, 0x28, 0x43, 0xaf, 0x90, 0xfc,
    0x98, 0x7f, 0xf2, 0x30, 0xff, 0xf3, 0xdf, 0x21,
    0xff, 0xc4, 0x5f, 0x41, 0xff, 0xc3, 0xaf, 0x21,
    0xff, 0xc8, 0xbe, 0x84, 0x3f, 0xf9, 0x10, 0x40,

    /* U+83AB "莫" */
    0xf, 0xfe, 0x85, 0x87, 0xb8, 0x3f, 0xf8, 0x48,
    0x7f, 0xf0, 0xbf, 0x92, 0xfe, 0x1f, 0xe0, 0x2f,
    0x1, 0x7c, 0x5, 0xe0, 0x57, 0x25, 0x78, 0x6b,
    0x83, 0x2d, 0xcb, 0xeb, 0x58, 0x3d, 0x5f, 0xfc,
    0x40, 0xfd, 0xff, 0xfc, 0x0, 0xff, 0x2f, 0xff,
    0x0, 0x3f, 0xd5, 0xff, 0xc0, 0xf, 0xf7, 0xff,
    0xf0, 0x3, 0xff, 0xa9, 0xff, 0xfc, 0x0, 0xfd,
    0xff, 0x3, 0xfe, 0xf, 0xfe, 0x77, 0xff, 0x3,
    0xff, 0x80, 0xbf, 0x83, 0x2f, 0xe0, 0x57, 0xd8,
    0x6e, 0xbe, 0xf, 0x9a, 0x1e, 0x6d, 0xf, 0xca,
    0xb9, 0x58, 0x28, 0x5e, 0x90, 0x5d, 0x12, 0xe0,
    0xcf, 0x23, 0x6e, 0xd3, 0xc8, 0x7e, 0x6f, 0x4a,

    /* U+8427 "萧" */
    0xf, 0x28, 0x3c, 0xa0, 0xff, 0xe0, 0x50, 0x3d,
    0xc1, 0xf2, 0xf0, 0x17, 0xe2, 0x5e, 0x2b, 0x81,
    0x5e, 0x3, 0x5b, 0x3f, 0x81, 0xfe, 0x4f, 0xe8,
    0x3d, 0x40, 0x78, 0x1a, 0x1f, 0xcb, 0x1, 0x40,
    0x51, 0xac, 0x1e, 0xaf, 0x81, 0x5f, 0x7, 0xbf,
    0xe0, 0x7f, 0x21, 0xcb, 0xfc, 0x5, 0xe0, 0x4b,
    0x57, 0xf0, 0x2b, 0x91, 0xa3, 0xff, 0xc0, 0xfe,
    0x4f, 0x81, 0x7f, 0xc0, 0xfe, 0x43, 0xdd, 0x7c,
    0xa, 0xf8, 0x39, 0x7f, 0x1, 0x7e, 0xf, 0x78,
    0x24, 0x34, 0x13, 0xa1, 0xfd, 0xc1, 0x9c, 0x3f,
    0xf8, 0x29, 0x6, 0x84, 0x3f, 0xc9, 0x8, 0x64,
    0x83, 0xf4, 0x71, 0x7, 0xb3, 0xf, 0x28, 0x75,
    0x7, 0xd4, 0xe, 0x62, 0x18, 0x3f, 0x28, 0x39,
    0x14, 0x1e, 0xf0, 0x7f, 0xdc, 0x1f, 0xfc, 0x27,
    0x40,

    /* U+845B "葛" */
    0xf, 0x30, 0x7a, 0x43, 0xff, 0x82, 0x87, 0x9c,
    0x3c, 0xd7, 0x8a, 0xf0, 0xd7, 0x1a, 0xf0, 0x17,
    0xc0, 0x5e, 0x2f, 0xe8, 0xff, 0xf, 0xf0, 0x6f,
    0xa3, 0xfc, 0x3e, 0x83, 0xf5, 0x7f, 0xf0, 0x3,
    0xfc, 0xbf, 0xfc, 0x0, 0xff, 0x7f, 0xff, 0x0,
    0x3f, 0xdf, 0xff, 0xc0, 0xf, 0xf2, 0xff, 0xf0,
    0x3, 0xfd, 0x5f, 0xfc, 0x0, 0xfd, 0xc0, 0xff,
    0xfa, 0xf, 0x30, 0x3f, 0xff, 0x82, 0x1a, 0x82,
    0xf0, 0x17, 0xc1, 0x9d, 0x3a, 0xd8, 0x3a, 0xe4,
    0x3a, 0x20, 0x3c, 0x96, 0x87, 0xce, 0x81, 0xe3,
    0xbc, 0xda, 0x21, 0xf9, 0x5e, 0xd, 0x72, 0x1f,
    0xce, 0xff, 0xe8, 0x24, 0x3a, 0xbf, 0xf8, 0x21,
    0xfc, 0xbf, 0xf7, 0xac, 0xc3, 0xff, 0x88, 0xb1,
    0x20,

    /* U+8463 "董" */
    0xf, 0xfe, 0x85, 0x87, 0x3a, 0x1e, 0x5f, 0x85,
    0xec, 0xd7, 0x8e, 0xb8, 0x15, 0xc8, 0xd7, 0x17,
    0xf2, 0x7f, 0x47, 0xf8, 0x3e, 0xb0, 0xf4, 0xb4,
    0x1d, 0xff, 0xf5, 0x72, 0x1d, 0x5d, 0xf0, 0xff,
    0xc1, 0x5d, 0x77, 0xc3, 0xff, 0xcd, 0x7f, 0x81,
    0x5f, 0xc8, 0xbf, 0x80, 0xbf, 0xe0, 0x9f, 0xf4,
    0x3f, 0xf0, 0x7c, 0xff, 0xf, 0xf0, 0x7f, 0x3f,
    0xc3, 0xfc, 0x1f, 0xcd, 0x70, 0xd7, 0x7, 0xf9,
    0x70, 0x4b, 0xc1, 0xfc, 0xfe, 0x87, 0xf8, 0x3e,
    0x7f, 0xe1, 0xff, 0x83, 0xbf, 0xf0, 0xff, 0xc8,
    0x6a, 0xfc, 0x35, 0xf2, 0x12, 0x1f, 0xfc, 0x55,
    0x15, 0xfe, 0x1a, 0xfe, 0x0,

    /* U+848B "蒋" */
    0xf, 0xa0, 0xf4, 0x87, 0xff, 0x1, 0x60, 0xe7,
    0xf, 0xab, 0xb2, 0xbc, 0x35, 0xc8, 0xbe, 0x2,
    0xf0, 0x17, 0xb3, 0xfa, 0x2f, 0xe1, 0xfe, 0x83,
    0xcb, 0x1, 0xcb, 0xf, 0xfa, 0x60, 0xa1, 0x60,
    0xfa, 0x2, 0x83, 0x60, 0xbf, 0xc1, 0x30, 0x7b,
    0x2f, 0xe4, 0x3c, 0x87, 0x60, 0xc3, 0x28, 0x82,
    0x84, 0x2c, 0x47, 0x5, 0xd, 0x9, 0x30, 0x9a,
    0x70, 0xea, 0xc3, 0xe4, 0x29, 0x1c, 0x9e, 0xf,
    0xa8, 0x1a, 0xe5, 0x70, 0xe8, 0x72, 0xa0, 0xcf,
    0xa0, 0xff, 0x9c, 0x2d, 0x5f, 0xe8, 0xbd, 0xc,
    0x20, 0x58, 0x5f, 0xb, 0x64, 0x78, 0x14, 0x4e,
    0xb6, 0x74, 0x47, 0xf, 0x64, 0x87, 0xfa, 0xf,
    0xd9, 0x7, 0xff, 0x23, 0x43, 0xff, 0x93, 0x5c,
    0x21, 0xff, 0xc4, 0x58, 0x83, 0x0,

    /* U+84DD "蓝" */
    0xf, 0x28, 0x3c, 0x87, 0xff, 0x6, 0x81, 0xcc,
    0x87, 0x9a, 0xe0, 0x57, 0x8a, 0xf1, 0xaf, 0x1,
    0x78, 0x25, 0xe2, 0xfe, 0x7, 0xf4, 0x5f, 0xc1,
    0xf5, 0x3, 0x99, 0xf, 0xca, 0x3, 0x21, 0x5a,
    0x1f, 0xd4, 0x2, 0x61, 0x22, 0xfc, 0x1f, 0xfc,
    0x4, 0x15, 0xf0, 0x7f, 0xf0, 0x22, 0xaf, 0xe0,
    0xff, 0xa1, 0x5c, 0x87, 0xff, 0xd, 0x23, 0x28,
    0x1f, 0xfc, 0x14, 0x80, 0xea, 0xc3, 0xbc, 0x6,
    0x8e, 0x86, 0xa2, 0x1f, 0xe4, 0x3f, 0x98, 0x39,
    0xff, 0xfe, 0x20, 0x7c, 0xb8, 0x58, 0xb, 0x7,
    0xf7, 0x4c, 0xe8, 0x95, 0x21, 0xff, 0xe4, 0x68,
    0x56, 0x3a, 0x25, 0x49, 0x43, 0x42, 0x50, 0x16,
    0x2, 0xc0, 0x58,

    /* U+8521 "蔡" */
    0xf, 0x90, 0xf2, 0x83, 0xff, 0x83, 0x21, 0xd6,
    0x1f, 0x2f, 0x46, 0xbc, 0x2f, 0x81, 0x5c, 0x8d,
    0x70, 0x2b, 0xc7, 0xf8, 0xbf, 0x87, 0xfa, 0xe,
    0xa2, 0x1b, 0x56, 0x1f, 0xe5, 0xb1, 0x63, 0xc2,
    0xf0, 0x74, 0xa, 0xda, 0xab, 0xd8, 0x6c, 0x1f,
    0x47, 0x17, 0xc0, 0x82, 0xc8, 0xd2, 0x50, 0xc0,
    0x88, 0x2c, 0x56, 0x99, 0x2, 0x28, 0xc8, 0x4b,
    0x45, 0xc, 0x34, 0xb8, 0x35, 0x4a, 0xc1, 0x5d,
    0x87, 0xf9, 0x22, 0x17, 0xe9, 0xd0, 0xd6, 0x5b,
    0xff, 0x4e, 0x5a, 0x6b, 0xb, 0xff, 0xc0, 0x90,
    0x9e, 0x6b, 0xff, 0x84, 0x69, 0x3, 0xd3, 0xe8,
    0xbc, 0xfd, 0x7, 0x9e, 0x43, 0xca, 0xe4, 0x39,
    0xe2, 0xc3, 0xce, 0xab, 0x41, 0x41, 0xda, 0xc1,
    0xd6, 0x92, 0x6f, 0x1, 0x61, 0x41, 0xd6, 0xa0,

    /* U+859B "薛" */
    0xf, 0x30, 0x73, 0x7, 0xff, 0x9, 0xe, 0x90,
    0xf9, 0xaf, 0x15, 0xc0, 0xaf, 0x1a, 0xf0, 0x17,
    0x80, 0xbe, 0x2f, 0xe8, 0xbf, 0x3, 0xfc, 0x1d,
    0x64, 0x86, 0x98, 0x3f, 0xc8, 0xa0, 0xe6, 0x60,
    0xf3, 0xe0, 0x7c, 0x5f, 0x87, 0xe8, 0x35, 0x60,
    0xb4, 0xb, 0x1, 0xc3, 0x2f, 0x1, 0x86, 0xb1,
    0x21, 0xff, 0xc2, 0x42, 0xc3, 0xef, 0xc8, 0x64,
    0x32, 0x83, 0xcb, 0xe2, 0x89, 0x50, 0xd0, 0x35,
    0x78, 0x50, 0x16, 0x2, 0x83, 0x21, 0xef, 0xd1,
    0x7e, 0xd, 0x7f, 0x7, 0xff, 0x11, 0x78, 0x3f,
    0xf8, 0xb5, 0xb0, 0x7e, 0x8b, 0xf0, 0x7f, 0xd2,
    0xe1, 0x74, 0x19, 0x76, 0x6, 0xac, 0xea, 0x43,
    0x56, 0x43, 0xff, 0x8b, 0xfe, 0xf, 0xfe, 0x13,
    0x87, 0xff, 0x1c,

    /* U+865E "虞" */
    0xf, 0xf2, 0x1f, 0xfc, 0x86, 0x81, 0xff, 0xc9,
    0x7f, 0xf0, 0x7f, 0xf0, 0x6f, 0xfc, 0x1a, 0xff,
    0x45, 0xff, 0xc1, 0xd5, 0xc0, 0xaf, 0xc1, 0xf2,
    0xf0, 0x7e, 0x50, 0x87, 0xaf, 0x81, 0x4f, 0xc4,
    0xc1, 0xeb, 0xe0, 0x7a, 0xb2, 0x83, 0xff, 0x81,
    0x1f, 0xe8, 0x83, 0xfe, 0x7f, 0xf8, 0x3f, 0xbf,
    0xff, 0x82, 0x87, 0xf3, 0xff, 0xd0, 0x7f, 0xcf,
    0xff, 0x41, 0xe4, 0x2f, 0xff, 0xe0, 0xa1, 0xf5,
    0xff, 0xfc, 0x20, 0xfa, 0xbe, 0x5, 0x78, 0x39,
    0x2, 0xf8, 0x5f, 0x82, 0x4f, 0xfe, 0x1f, 0xf8,
    0x18, 0xff, 0xa0, 0x9f, 0xf0, 0x10, 0xe6, 0xe3,
    0x9f, 0x28, 0x24, 0x8f, 0xa5, 0x78, 0x78, 0xa7,
    0x95, 0x23, 0x4f, 0x41, 0xcf, 0xa8, 0xa0,

    /* U+884C "行" */
    0xf, 0xfe, 0x86, 0x87, 0xff, 0x1f, 0xd, 0xff,
    0xf0, 0x76, 0x28, 0x3f, 0xf8, 0xb8, 0xc1, 0x7f,
    0xfc, 0x16, 0x30, 0x7f, 0xf1, 0x71, 0x83, 0xff,
    0x8f, 0x40, 0x68, 0x7f, 0xf0, 0xf4, 0x11, 0x87,
    0xff, 0x19, 0x44, 0x57, 0xff, 0x4, 0x26, 0x31,
    0x7f, 0xf8, 0x41, 0x42, 0x7, 0xfe, 0x7, 0xe0,
    0x61, 0xff, 0xc8, 0xc4, 0x3f, 0xf8, 0xc9, 0x40,
    0xff, 0xe3, 0x32, 0x1f, 0xfc, 0x84, 0x3f, 0xff,
    0xe1, 0xff, 0xca, 0xbf, 0x7, 0xff, 0x29, 0xc3,
    0xff, 0x87, 0x7e, 0x83, 0x80,

    /* U+8865 "补" */
    0xf, 0xfe, 0x77, 0x7, 0xde, 0xf, 0xfe, 0x2,
    0x1f, 0xfc, 0x88, 0x83, 0xff, 0x8e, 0xd0, 0x3f,
    0xf8, 0x9f, 0xaf, 0x41, 0xff, 0xc2, 0x5e, 0x6,
    0x1f, 0xfc, 0x2a, 0xe0, 0x21, 0xff, 0xc6, 0x88,
    0x3e, 0xd0, 0xfe, 0x5c, 0x21, 0xea, 0x7, 0xe8,
    0x86, 0x43, 0x43, 0x87, 0xb0, 0x98, 0x43, 0x38,
    0x34, 0x2c, 0x2a, 0x18, 0x7d, 0xa4, 0x98, 0x81,
    0x20, 0xfe, 0xa0, 0x21, 0x80, 0x90, 0x7f, 0x9d,
    0xd8, 0x2a, 0x1a, 0x1f, 0xf3, 0x7, 0x30, 0x87,
    0xff, 0x1d, 0xc3, 0xff, 0xfe, 0x1f, 0xfe, 0x30,

    /* U+8868 "表" */
    0xf, 0xf2, 0x83, 0xff, 0x91, 0x61, 0xff, 0xd5,
    0xff, 0xe1, 0xff, 0xc8, 0x17, 0xf8, 0xb, 0xf8,
    0x2a, 0xfe, 0x1a, 0xfc, 0x87, 0xff, 0x37, 0xff,
    0xf, 0xfd, 0x6, 0x5f, 0xc0, 0x5f, 0xb0, 0xd5,
    0xf8, 0x6b, 0xe4, 0x3f, 0xf9, 0x97, 0xff, 0xf,
    0xff, 0x3a, 0xfc, 0x19, 0x7f, 0xea, 0xf6, 0x4,
    0xeb, 0x8a, 0x7, 0xd4, 0x38, 0x82, 0xb5, 0x7,
    0xda, 0x60, 0x89, 0xd2, 0x43, 0xac, 0x8, 0x4b,
    0x45, 0xa1, 0xad, 0x20, 0xf4, 0x5, 0x7, 0x69,
    0x68, 0x7d, 0xab, 0x83, 0x4e, 0x87, 0xaf, 0x14,
    0x1e, 0x46, 0xe, 0x7c, 0x88, 0x1e, 0x18, 0x3d,
    0x4, 0xdc, 0x19, 0xe8, 0x1e, 0xdb, 0x90, 0xfc,
    0xa0,

    /* U+8881 "袁" */
    0xf, 0xf9, 0xf, 0xfe, 0x45, 0x3, 0xff, 0xad,
    0x7f, 0xc9, 0xff, 0x83, 0x75, 0xf0, 0x1a, 0xf8,
    0x32, 0xff, 0x12, 0xfc, 0x15, 0x7f, 0x25, 0x7f,
    0x2f, 0xfc, 0x5, 0xfe, 0x9f, 0xff, 0xe4, 0x84,
    0xbf, 0xfc, 0x40, 0xf7, 0x5f, 0xfc, 0x30, 0xfd,
    0x7f, 0xfc, 0x1f, 0xfd, 0x4b, 0xff, 0xe0, 0xfd,
    0xaf, 0x4, 0xbf, 0x7, 0x9a, 0xb4, 0x46, 0xbb,
    0xc1, 0xfb, 0x8a, 0x8c, 0xf, 0x7, 0x9f, 0x3,
    0x46, 0x3d, 0x16, 0x15, 0xc2, 0x83, 0x98, 0x2d,
    0xc, 0x97, 0x6, 0x6d, 0xc1, 0xc8, 0x5e, 0x40,
    0x9e, 0x90, 0xb8, 0x6e, 0xe, 0x42, 0x6f, 0x4,
    0xfa, 0x20, 0xe6, 0xf4, 0x87, 0xe7, 0x0,

    /* U+88AB "被" */
    0x9, 0xf, 0xf9, 0xf, 0xcc, 0x87, 0xf5, 0x3,
    0xf2, 0x41, 0xff, 0xc8, 0x44, 0x3f, 0xf8, 0xf4,
    0x42, 0xfe, 0x4f, 0xe4, 0xfa, 0xf0, 0x65, 0x80,
    0xb0, 0x7f, 0xf0, 0x5a, 0x92, 0xa4, 0x4f, 0xa2,
    0xf, 0xfe, 0x2, 0x83, 0xa1, 0xf, 0xfe, 0x5,
    0x3, 0x24, 0x1f, 0xfc, 0x14, 0x3a, 0x15, 0x1,
    0xf9, 0x3f, 0x6, 0x82, 0x83, 0xff, 0x88, 0xa0,
    0x44, 0x6, 0x2f, 0xc1, 0x98, 0x26, 0xc, 0x98,
    0x49, 0x3, 0x30, 0xa0, 0xb1, 0x41, 0x42, 0xe,
    0xa, 0x34, 0x28, 0x84, 0x42, 0x50, 0x4d, 0x31,
    0x2, 0xd1, 0x7, 0xf2, 0xc1, 0xa2, 0x30, 0xff,
    0xe0, 0xa1, 0xff, 0xc7, 0x8c, 0xe, 0x26, 0x87,
    0xf9, 0x15, 0xc5, 0x45, 0x3, 0xf4, 0x54, 0x3a,
    0x38, 0xe8, 0x7b, 0x1c, 0xa0, 0x77, 0x8, 0x5e,
    0x1c, 0x74, 0x3e, 0x70,

    /* U+88C5 "装" */
    0xf, 0xfe, 0x83, 0xa1, 0xce, 0x1f, 0xb8, 0x3f,
    0xf9, 0xb, 0x7, 0x2e, 0xc5, 0xe0, 0xa6, 0x42,
    0xae, 0x4a, 0xf0, 0x52, 0x1a, 0xfc, 0x97, 0xe8,
    0x35, 0xc1, 0xf6, 0x21, 0xfa, 0xd0, 0xff, 0xe2,
    0xda, 0x50, 0x2f, 0xd1, 0xfc, 0x1a, 0xd0, 0xcb,
    0xfe, 0x81, 0x68, 0x7e, 0xaf, 0xc8, 0x7c, 0xe8,
    0x14, 0x1f, 0xea, 0xfe, 0x5, 0x7f, 0x22, 0xff,
    0x80, 0xbf, 0xb3, 0xfe, 0x42, 0x7f, 0xf4, 0x1f,
    0x6a, 0xd6, 0xa, 0xe0, 0xfa, 0xc6, 0x22, 0x6d,
    0x50, 0x75, 0xa0, 0x82, 0xc9, 0x5c, 0x1a, 0xd2,
    0x81, 0xec, 0x8, 0x79, 0x2d, 0xc, 0xd9, 0xa7,
    0x21, 0x79, 0xd, 0x72, 0x15, 0x8d, 0xc1, 0xe8,
    0x4b, 0xc1, 0xbd, 0x18, 0x79, 0xbc, 0x87, 0xe7,
    0x40,

    /* U+897F "西" */
    0xf, 0xfe, 0x5f, 0xff, 0xf2, 0x21, 0x7c, 0x12,
    0xc0, 0x5f, 0x65, 0x7c, 0x75, 0xd, 0x79, 0xf,
    0xff, 0x17, 0xf4, 0x7e, 0x1f, 0xe0, 0xff, 0xe8,
    0x7c, 0x9f, 0x87, 0xe8, 0x3f, 0xfd, 0x48, 0x7f,
    0xf2, 0x11, 0xe, 0x43, 0xff, 0x80, 0xc4, 0x1e,
    0xfa, 0xf, 0x98, 0xc3, 0xb5, 0xc1, 0xfe, 0xc3,
    0xea, 0xe0, 0xf9, 0xc3, 0xff, 0xbd, 0xff, 0xfc,
    0x28, 0x3f, 0xfa, 0x3f, 0xff, 0xc2, 0x83, 0xff,
    0x9a,

    /* U+8981 "要" */
    0xf, 0xfe, 0x53, 0xff, 0xfc, 0x78, 0x5f, 0x80,
    0xb0, 0x17, 0xd8, 0x2b, 0xc0, 0xac, 0x57, 0x90,
    0x97, 0x80, 0xb6, 0x4b, 0xc1, 0x35, 0xc0, 0xa9,
    0x1a, 0xd8, 0x75, 0xf0, 0x3e, 0x4f, 0xc1, 0xff,
    0xc4, 0xc3, 0xff, 0x81, 0x58, 0x15, 0x8a, 0xc1,
    0xf9, 0x60, 0x2c, 0x5, 0xc1, 0xcf, 0xf3, 0x7f,
    0xfa, 0xf, 0xe6, 0xf, 0xfe, 0x3c, 0x21, 0xff,
    0xc1, 0xff, 0x23, 0xff, 0xfc, 0x2, 0xb2, 0x6,
    0xbc, 0x15, 0x61, 0x70, 0x19, 0x7c, 0xd, 0x70,
    0x65, 0xc, 0x84, 0xe4, 0x1f, 0xcf, 0x2a, 0xf5,
    0x9, 0xf, 0xf9, 0xb4, 0x8, 0x34, 0x3f, 0x95,
    0x79, 0x1a, 0xd, 0xc8, 0x6f, 0x51, 0x1b, 0x95,
    0xe8, 0x6c, 0x25, 0x5f, 0x48, 0x79, 0xf4, 0x80,

    /* U+89C1 "见" */
    0xf, 0xfe, 0x6d, 0xff, 0xfc, 0x20, 0xff, 0xe9,
    0xff, 0xfc, 0x1f, 0xfc, 0x4a, 0x7, 0xff, 0x21,
    0x41, 0xff, 0xff, 0xf, 0xfe, 0xa2, 0x21, 0xff,
    0xdd, 0xc6, 0xf, 0xfe, 0x32, 0x4, 0x3f, 0xf8,
    0x16, 0x14, 0x21, 0xde, 0x14, 0x1f, 0x94, 0x41,
    0xfb, 0x83, 0xe6, 0x30, 0xff, 0xe2, 0xd0, 0x83,
    0xfc, 0x87, 0x3a, 0x68, 0x7f, 0xf0, 0x9e, 0x1c,
    0x32, 0x7f, 0x84, 0xa0, 0xf0, 0x74, 0x87, 0x98,
    0x9e, 0xf, 0xd7, 0xfa, 0x0,

    /* U+89C9 "觉" */
    0xf, 0xf2, 0x1f, 0xfc, 0x1b, 0xd, 0xc1, 0xcf,
    0x7, 0x64, 0x14, 0x41, 0xa3, 0xe, 0x5c, 0x4,
    0x50, 0x21, 0x41, 0xe8, 0x3a, 0x50, 0x12, 0xd,
    0x7c, 0x5f, 0x4f, 0xc0, 0xfa, 0xc, 0xbf, 0xfc,
    0x20, 0xf7, 0x5f, 0xfc, 0x30, 0xff, 0xe7, 0xd7,
    0xff, 0x9, 0x32, 0xc5, 0xff, 0xe1, 0x1a, 0x1c,
    0xff, 0xf8, 0x3f, 0xf8, 0x74, 0xf, 0xfe, 0x32,
    0x83, 0xff, 0xb9, 0x81, 0xf, 0xfe, 0x2a, 0x30,
    0x7a, 0x81, 0xac, 0x18, 0x87, 0x50, 0x50, 0x65,
    0x18, 0x20, 0xe5, 0x7, 0xcd, 0x8e, 0x1f, 0xfc,
    0x6, 0xe4, 0xa0, 0x6e, 0xb6, 0x2a, 0x41, 0x68,
    0x50, 0x17, 0xc, 0xab, 0xc8, 0x73, 0xff, 0x40,

    /* U+89E3 "解" */
    0xf, 0xfe, 0x77, 0x83, 0xff, 0x8f, 0x8, 0x73,
    0xff, 0xa0, 0xc8, 0xfd, 0x1, 0x40, 0x58, 0x3a,
    0x2a, 0x4c, 0x6c, 0xac, 0x1a, 0x5f, 0xc1, 0x62,
    0x1e, 0x51, 0x83, 0x30, 0xca, 0x9, 0x33, 0x5,
    0xe0, 0x5a, 0x64, 0xfa, 0x12, 0x85, 0xa7, 0x1e,
    0x21, 0x76, 0x1c, 0x86, 0x4d, 0xd0, 0x74, 0xf,
    0xfe, 0x14, 0xe0, 0xa0, 0x7d, 0xe4, 0xf0, 0x58,
    0x7f, 0xf0, 0x50, 0x28, 0x24, 0xf0, 0xfc, 0x1b,
    0x92, 0x80, 0x45, 0x80, 0xb0, 0x7f, 0xf0, 0x22,
    0xa1, 0xa8, 0x37, 0x93, 0xc0, 0xa0, 0x7f, 0xf0,
    0x28, 0x94, 0x7, 0xaa, 0x1a, 0x93, 0x14, 0x5,
    0x1, 0x78, 0xb, 0x61, 0xff, 0x7f, 0xf, 0xd0,
    0x87, 0xff, 0x21, 0x20, 0x56, 0xf, 0xfe, 0xc,
    0x21, 0x2c, 0x21, 0xff, 0x68, 0x77, 0xc1, 0xff,
    0xc1, 0x83, 0xff, 0x85, 0xc1, 0x80,

    /* U+89E6 "触" */
    0xd, 0x21, 0xfc, 0xc1, 0xf9, 0x41, 0xfe, 0xd0,
    0xfd, 0x1, 0x60, 0xff, 0xe1, 0xa0, 0xac, 0x1f,
    0xfc, 0x38, 0xf8, 0x3f, 0xf8, 0x91, 0x2, 0x20,
    0x3f, 0x27, 0xc8, 0xa0, 0x2c, 0x4, 0x26, 0x4,
    0x85, 0x82, 0xa0, 0x50, 0x29, 0x43, 0x5, 0x27,
    0x87, 0x43, 0xff, 0x85, 0x86, 0xcc, 0x3f, 0xf8,
    0xf9, 0x87, 0xff, 0x13, 0xc3, 0xa1, 0xff, 0xc4,
    0xa0, 0xc8, 0x6a, 0x25, 0x3, 0xca, 0x37, 0xc,
    0xa0, 0x28, 0x3f, 0xf8, 0x4f, 0xc9, 0xf2, 0x1b,
    0xc5, 0xc1, 0xfe, 0x42, 0xc6, 0x19, 0xf, 0xea,
    0x7, 0x49, 0xb8, 0x7f, 0x62, 0x4, 0x3f, 0xf8,
    0x89, 0x84, 0x87, 0x60, 0x6a, 0x4f, 0x8, 0x98,
    0x22, 0x41, 0x2c, 0x5, 0x87, 0x10, 0x3a, 0x25,
    0xfd, 0x51, 0xd8, 0x6b, 0xd0, 0x87, 0xea, 0x0,

    /* U+8A00 "言" */
    0xf, 0xf2, 0x1f, 0xfc, 0x8a, 0x83, 0xff, 0x8f,
    0x8, 0x7f, 0xab, 0xfc, 0xa, 0xfe, 0x5f, 0xf8,
    0xb, 0xfc, 0x7f, 0xff, 0x25, 0xf, 0xfe, 0x6d,
    0x7f, 0xf0, 0xd0, 0xf2, 0xff, 0xf0, 0xf0, 0xf7,
    0xff, 0xf0, 0xe0, 0xff, 0xe8, 0x7f, 0xff, 0xe,
    0xf, 0x2f, 0xff, 0xf, 0xf, 0x57, 0xff, 0xd,
    0xf, 0x57, 0xff, 0x10, 0x39, 0x7f, 0xf8, 0xa1,
    0xf5, 0xff, 0xfc, 0x0, 0xff, 0xf4, 0xd7, 0xff,
    0x4, 0x3f, 0xcb, 0xff, 0xc0, 0xf, 0xeb, 0xff,
    0xf8, 0x1, 0xff, 0xd1, 0x74, 0x3f, 0xf8, 0x1e,
    0x8,

    /* U+8BA1 "计" */
    0x2, 0x83, 0xfa, 0xc3, 0xfa, 0x88, 0x7f, 0xf1,
    0xf2, 0xf, 0xfe, 0x44, 0x61, 0xff, 0xc7, 0x51,
    0x7, 0xff, 0x1e, 0x60, 0xff, 0xe4, 0x41, 0xff,
    0xc4, 0x5e, 0xf, 0xfe, 0x2f, 0x58, 0x1f, 0xe4,
    0xff, 0x1d, 0x3, 0x21, 0xff, 0xc2, 0x58, 0x35,
    0xfc, 0x9f, 0xe0, 0xff, 0xff, 0x87, 0xff, 0x25,
    0x83, 0xff, 0x8e, 0xc8, 0x7f, 0xf1, 0xa8, 0x41,
    0xff, 0xc6, 0x4d, 0xf, 0xfe, 0x33, 0x87, 0xff,
    0x1e, 0x81, 0xff, 0xc7, 0xd0, 0xff, 0xe2, 0x80,

    /* U+8BA2 "订" */
    0xf, 0xfe, 0x67, 0x7, 0xff, 0x25, 0x41, 0x57,
    0xff, 0x5, 0x6, 0x41, 0x2f, 0xff, 0x4, 0x32,
    0x60, 0xff, 0x40, 0xfc, 0x85, 0x1, 0xf, 0x90,
    0xff, 0xb5, 0x7, 0xff, 0x22, 0xf, 0xfe, 0xd5,
    0xf8, 0x3f, 0xf8, 0xba, 0x83, 0xff, 0x8e, 0xd0,
    0x3f, 0xff, 0xe1, 0xff, 0xdb, 0x90, 0xff, 0xe3,
    0xee, 0x1f, 0xfc, 0x6c, 0x60, 0xff, 0xe3, 0xd0,
    0x3c, 0x87, 0xff, 0x3, 0x42, 0xbe, 0x84, 0x3f,
    0x58, 0x7f, 0x98, 0x38,

    /* U+8BA4 "认" */
    0xf, 0xfe, 0xa, 0x83, 0xfb, 0x83, 0xfa, 0x81,
    0xfc, 0xa8, 0x3f, 0xf8, 0xf0, 0xa0, 0xff, 0xe3,
    0xe4, 0x87, 0xff, 0x1f, 0x30, 0xff, 0xe4, 0x70,
    0x7f, 0xf6, 0x5f, 0xc1, 0xfe, 0x43, 0xff, 0x8c,
    0x87, 0xf3, 0xe0, 0xfe, 0xc1, 0x87, 0xff, 0x19,
    0x2, 0x1f, 0xfc, 0x88, 0x43, 0xff, 0x88, 0x8a,
    0x30, 0xff, 0xe2, 0x44, 0x4, 0x3f, 0xf8, 0x18,
    0x11, 0x4, 0x41, 0xfe, 0xc4, 0x8c, 0x8, 0x87,
    0xf6, 0x4c, 0x28, 0x28, 0xc3, 0xfa, 0x58, 0x83,
    0x20, 0x83, 0xe9, 0x22, 0xf, 0x63, 0x6, 0x65,
    0x64, 0x87, 0xd0, 0xa0, 0xa4, 0x29, 0xf, 0xcc,
    0x21, 0xe6, 0x43, 0xfc, 0xe0,

    /* U+8BA9 "让" */
    0xf, 0xfe, 0xa, 0x1f, 0xeb, 0xf, 0xcc, 0x87,
    0xfd, 0x7, 0xff, 0x1e, 0x14, 0x1f, 0xfc, 0x7c,
    0x83, 0xff, 0x91, 0x10, 0x7f, 0xf1, 0xda, 0x7,
    0xff, 0x21, 0xf, 0xd5, 0xe4, 0x6b, 0x7, 0xf9,
    0x7b, 0x35, 0xc1, 0xfc, 0xff, 0x45, 0xe0, 0xff,
    0xb0, 0xff, 0xff, 0x87, 0xff, 0x3d, 0xf, 0xfe,
    0x43, 0x7, 0xff, 0x1e, 0x81, 0xff, 0xc8, 0x56,
    0x1f, 0xfc, 0x76, 0xbe, 0x2b, 0xe4, 0x35, 0x5,
    0xe0, 0x97, 0xc1, 0xb4, 0x1f, 0xff, 0xc2, 0x40,

    /* U+8BAE "议" */
    0xf, 0xfe, 0x65, 0x3, 0xe7, 0x43, 0xfc, 0xa0,
    0xf9, 0x20, 0xff, 0x66, 0x14, 0x81, 0x10, 0xac,
    0x3a, 0x21, 0x58, 0x22, 0x9, 0xf, 0x21, 0x21,
    0xf2, 0x12, 0x1e, 0xe0, 0x90, 0xa1, 0x13, 0xf,
    0xf2, 0x20, 0x70, 0x62, 0x6, 0xb0, 0x51, 0x87,
    0x90, 0xda, 0xc1, 0xe4, 0x3e, 0x42, 0xbc, 0x1e,
    0x88, 0x34, 0x61, 0xff, 0xc0, 0x44, 0x32, 0x21,
    0xff, 0xc1, 0x88, 0x11, 0x7, 0xff, 0x9, 0x17,
    0x8, 0x7f, 0xf0, 0xf2, 0x84, 0x1f, 0xfc, 0x4,
    0x32, 0x5, 0x7, 0xfd, 0x40, 0xc8, 0x10, 0xff,
    0x3a, 0x1b, 0x2, 0x61, 0xff, 0x38, 0xe3, 0xc9,
    0xa1, 0xc8, 0x18, 0xe2, 0x80, 0x92, 0x81, 0xea,
    0xb0, 0x68, 0x6a, 0xe, 0x81, 0xd1, 0x1c, 0x3e,
    0x74, 0x43, 0xde, 0x83, 0xfd, 0x60,

    /* U+8BB0 "记" */
    0xf, 0xfe, 0x64, 0x87, 0xff, 0x21, 0x90, 0xdf,
    0xfe, 0x83, 0x44, 0x12, 0x1f, 0xe4, 0x32, 0x8c,
    0xf, 0xff, 0x7, 0xd0, 0x10, 0xff, 0xe3, 0xf2,
    0x1f, 0xfc, 0x84, 0x3f, 0xf8, 0xab, 0x83, 0xff,
    0x8b, 0x5c, 0x1f, 0xfc, 0x5e, 0x81, 0xef, 0xfe,
    0xc, 0xb0, 0x7f, 0xf1, 0x10, 0xff, 0xe0, 0xff,
    0xe8, 0x3f, 0xfe, 0xaa, 0xf, 0xfe, 0x47, 0x7,
    0xd6, 0x1f, 0xfc, 0x79, 0xf, 0xfe, 0x42, 0xb0,
    0xff, 0x90, 0xc8, 0x18, 0x9, 0xff, 0x83, 0x95,
    0x40, 0xa4, 0x3f, 0xa0, 0xd2, 0x1d, 0x7f, 0xf2,
    0x0,

    /* U+8BB2 "讲" */
    0xf, 0xf3, 0x6, 0x64, 0x3b, 0xc1, 0xe9, 0xe,
    0x43, 0xd1, 0x87, 0xff, 0x1d, 0x44, 0x1f, 0xfc,
    0x78, 0x40, 0xa0, 0x4b, 0x66, 0xa0, 0xef, 0xd,
    0x0, 0xd4, 0x8d, 0x10, 0xf9, 0xf0, 0x3f, 0x45,
    0xe5, 0x56, 0xf, 0xfe, 0x2e, 0xb0, 0x7f, 0xf1,
    0xaf, 0x7, 0xff, 0xeb, 0xe0, 0x7e, 0x8b, 0xe0,
    0xf9, 0x60, 0x2e, 0x9, 0x60, 0xfa, 0xa0, 0x57,
    0x15, 0x83, 0xe4, 0x3f, 0xf9, 0x1c, 0x22, 0x1f,
    0xfc, 0x27, 0x13, 0x30, 0xff, 0xe2, 0x51, 0x42,
    0x1f, 0xfc, 0x4, 0x12, 0x44, 0x1f, 0xfc, 0x15,
    0x69, 0x8a, 0xf, 0xfe, 0x14, 0x1d, 0x7, 0xff,
    0x1f, 0xc1, 0xf3, 0xa1, 0x0,

    /* U+8BB8 "许" */
    0xf, 0xf9, 0xf, 0xfe, 0x6, 0x87, 0x99, 0xf,
    0xfe, 0x4, 0x87, 0x42, 0x1f, 0xf4, 0x41, 0xff,
    0xc7, 0x51, 0x85, 0x3, 0xff, 0x83, 0x41, 0xc8,
    0x7f, 0x90, 0xef, 0x2, 0x1f, 0x87, 0xf4, 0x1f,
    0xc9, 0x7, 0xfc, 0xfd, 0x2, 0x20, 0xff, 0xe0,
    0x61, 0x21, 0x90, 0xff, 0xe0, 0x5e, 0xd, 0x61,
    0xff, 0xde, 0xff, 0x87, 0xfc, 0x1f, 0xfc, 0x94,
    0x3e, 0xff, 0x87, 0xfa, 0xf, 0xfe, 0x8c, 0x1f,
    0xfc, 0x8d, 0x41, 0xff, 0xc6, 0xc0, 0x87, 0xff,
    0x1d, 0xc3, 0xff, 0x88, 0x82, 0x81, 0xff, 0xc5,
    0x4d, 0xf, 0xfe, 0x3e, 0x1f, 0xfc, 0x60,

    /* U+8BBA "论" */
    0x3, 0x7, 0xf7, 0x90, 0xfd, 0x28, 0x3e, 0x81,
    0x7, 0xec, 0x83, 0xca, 0x22, 0xf, 0xd1, 0x87,
    0x46, 0x8a, 0xf, 0x94, 0x21, 0x64, 0xc, 0x90,
    0xfa, 0xd0, 0x62, 0x82, 0x89, 0xf, 0xf6, 0x30,
    0x66, 0x28, 0x35, 0x87, 0x18, 0x3c, 0xc3, 0x6b,
    0x82, 0xb8, 0x3e, 0x73, 0xbc, 0x13, 0xb2, 0x1c,
    0xe9, 0xa1, 0xff, 0xc3, 0xe3, 0xf, 0xfe, 0x25,
    0x83, 0x83, 0xff, 0x85, 0x69, 0x61, 0xff, 0xc4,
    0x4b, 0x43, 0xff, 0x8b, 0x68, 0x64, 0x3f, 0xc8,
    0x48, 0x7a, 0xc3, 0xf7, 0x7, 0xff, 0x1f, 0x20,
    0xff, 0xe4, 0x68, 0x87, 0xff, 0x9, 0x6, 0x16,
    0x7a, 0x9f, 0x8, 0x66, 0xc3, 0x28, 0xa, 0x9,
    0x80,

    /* U+8BBE "设" */
    0x3, 0x7, 0xff, 0x22, 0x50, 0x6b, 0xff, 0x7,
    0xb2, 0x43, 0x97, 0x83, 0xfa, 0x20, 0xee, 0xb0,
    0x7f, 0x28, 0x43, 0x21, 0xff, 0xc2, 0xb4, 0x8,
    0x7e, 0x43, 0xfe, 0xc8, 0x39, 0x2f, 0xd, 0x48,
    0x32, 0x43, 0xa5, 0xc6, 0xb6, 0xa, 0x21, 0xf5,
    0x62, 0xf0, 0x67, 0xaf, 0xf0, 0x7f, 0xcb, 0xff,
    0xc0, 0xf, 0xf2, 0x5f, 0xe0, 0x21, 0xfe, 0x88,
    0x39, 0x10, 0xff, 0xe0, 0x44, 0x1a, 0x20, 0xff,
    0xe0, 0x2d, 0x3, 0x20, 0xff, 0x58, 0x25, 0x59,
    0x21, 0xf9, 0x90, 0xd0, 0x8a, 0xf, 0xf2, 0xb0,
    0xa0, 0x94, 0x1f, 0x20, 0xa0, 0x2d, 0x38, 0xb4,
    0x3e, 0x95, 0xe4, 0xb1, 0xd2, 0xe0, 0x9d, 0x30,
    0x5a, 0x1a, 0xe1, 0xf, 0xa9, 0xa1, 0xf9, 0xf0,

    /* U+8BC1 "证" */
    0x4, 0x87, 0xff, 0x21, 0x82, 0x7f, 0xff, 0x82,
    0x14, 0x60, 0xc3, 0xff, 0x88, 0xa2, 0x2f, 0xf0,
    0x3f, 0x83, 0x42, 0x1f, 0xfc, 0x8f, 0x7, 0xff,
    0x69, 0xa9, 0xd, 0xc1, 0xff, 0xc0, 0x5b, 0xf,
    0xfe, 0x2b, 0xe0, 0xff, 0xe0, 0xd6, 0x43, 0xff,
    0x8a, 0xbb, 0xf, 0xfe, 0x2f, 0xe8, 0x3f, 0xff,
    0xb8, 0x7f, 0xf1, 0xdc, 0x43, 0xff, 0x90, 0xa0,
    0xff, 0xe2, 0x20, 0x61, 0xf, 0xfe, 0x2b, 0x7a,
    0x1f, 0x81, 0xfc, 0x81, 0xa0, 0xbf, 0xfc, 0x30,

    /* U+8BD5 "试" */
    0xf, 0xfe, 0x13, 0x7, 0xed, 0xf, 0xf6, 0x96,
    0x19, 0x20, 0xff, 0xe0, 0xe6, 0x13, 0x18, 0x7f,
    0xf0, 0x18, 0xc2, 0x51, 0x7, 0xff, 0x1, 0xb0,
    0xd0, 0x5f, 0xf2, 0x7d, 0x68, 0x6e, 0xf, 0xfe,
    0x5f, 0xfd, 0x17, 0xe4, 0xa9, 0xf, 0xfe, 0x2a,
    0xec, 0x3f, 0xf8, 0xaf, 0x83, 0x57, 0xc8, 0x7f,
    0xf0, 0x97, 0xe0, 0x61, 0xff, 0xc0, 0xf4, 0x5e,
    0xf, 0xfe, 0x2a, 0x1f, 0xfd, 0x4, 0x3f, 0xfa,
    0xb0, 0x7e, 0x43, 0x48, 0x72, 0xa0, 0xfb, 0x10,
    0x30, 0x66, 0x20, 0xe4, 0x4c, 0x24, 0x3d, 0x8c,
    0x5c, 0x81, 0xb, 0x2, 0xc, 0xe4, 0x25, 0x9,
    0x41, 0xd, 0x4, 0xdf, 0x40, 0x85, 0x6, 0x64,
    0x1c, 0x87, 0xd0, 0x20,

    /* U+8BDD "话" */
    0x4, 0x1f, 0xfc, 0x85, 0x61, 0xf2, 0xd5, 0x7d,
    0x1, 0x44, 0x7, 0xea, 0x96, 0x3, 0x85, 0xa,
    0x17, 0x50, 0x17, 0xd2, 0x1b, 0x30, 0x54, 0xb0,
    0x87, 0xfa, 0x81, 0xff, 0xc8, 0x43, 0xfc, 0x87,
    0xff, 0x7, 0xfc, 0x97, 0xf5, 0x3e, 0x83, 0xff,
    0x8b, 0xa8, 0x37, 0xf9, 0x3f, 0xd3, 0x40, 0xff,
    0xf2, 0xbf, 0x93, 0xf4, 0x1f, 0xfc, 0x94, 0x3f,
    0xf8, 0xf, 0xfc, 0x1f, 0xfd, 0x37, 0x43, 0xff,
    0x8c, 0xc1, 0xff, 0xca, 0x90, 0x35, 0xf0, 0x7a,
    0x4, 0x86, 0x5f, 0x83, 0xd1, 0xa1, 0x9f, 0xf8,
    0x3e, 0xc3, 0xff, 0x8c,

    /* U+8BE5 "该" */
    0xf, 0xfe, 0x62, 0x1f, 0xcf, 0x7, 0xf5, 0x87,
    0xe4, 0x43, 0xf9, 0x20, 0xfc, 0x88, 0x7e, 0x85,
    0x1f, 0xe4, 0xbf, 0xa0, 0xb2, 0x17, 0x4, 0xbf,
    0x61, 0xa8, 0x56, 0x7, 0x5f, 0x21, 0x94, 0x1b,
    0x20, 0xde, 0xf, 0xfe, 0x4, 0x28, 0x28, 0x82,
    0x7e, 0x82, 0x92, 0x9, 0x70, 0x65, 0x7, 0x20,
    0xfd, 0x10, 0x66, 0x81, 0xfe, 0x41, 0x7, 0xff,
    0x7, 0xf9, 0x24, 0xb0, 0xff, 0xe1, 0x64, 0x8b,
    0x7, 0xff, 0x1, 0xc9, 0x18, 0x83, 0xfe, 0xa1,
    0x23, 0x18, 0x7f, 0x4e, 0xad, 0x18, 0x83, 0xfb,
    0x51, 0x40, 0x31, 0x21, 0xf9, 0x13, 0x41, 0xc0,
    0x90, 0xf2, 0x6, 0x9, 0xc7, 0x8a, 0x7, 0x63,
    0x1, 0xe2, 0x83, 0x8e, 0x1a, 0xa0, 0x70, 0xe8,
    0x6d, 0x34, 0x24, 0x25, 0x70, 0x7d, 0x45, 0x7,
    0xd4, 0xf, 0xf3, 0x0,

    /* U+8BED "语" */
    0x4, 0x87, 0xff, 0x21, 0x82, 0xff, 0xfe, 0xc,
    0x14, 0x60, 0x5c, 0x5, 0xfb, 0x9, 0x44, 0x56,
    0x5, 0x7c, 0x86, 0x9c, 0x3c, 0x87, 0xff, 0x6,
    0x47, 0xe1, 0xff, 0x7, 0xfc, 0xa0, 0x2f, 0x7,
    0x35, 0x20, 0x68, 0x95, 0xc1, 0xe5, 0xb0, 0xe4,
    0x3f, 0xe7, 0xc1, 0xff, 0xcd, 0xfc, 0xf, 0xe0,
    0x79, 0xf, 0x2f, 0xff, 0x10, 0x3d, 0x5f, 0xfc,
    0x30, 0xfe, 0x6b, 0xfc, 0x87, 0xfb, 0x5f, 0xf6,
    0x1f, 0x90, 0xbf, 0xf0, 0x7f, 0x32, 0x1f, 0xfc,
    0x66, 0x10, 0xff, 0xe4, 0x61, 0x57, 0xe0, 0xf4,
    0xc, 0x32, 0xfe, 0xf, 0x4e, 0x1d, 0xff, 0x83,
    0xe8, 0x3f, 0xf8, 0xc0,

    /* U+8BF4 "说" */
    0xf, 0xe4, 0x3f, 0xf8, 0x5a, 0x1d, 0x40, 0xf7,
    0x83, 0xd0, 0x72, 0xc1, 0xa2, 0xe, 0x8c, 0x34,
    0x41, 0x2e, 0xe, 0x51, 0x6, 0x84, 0x11, 0x7,
    0xd0, 0x6a, 0x6f, 0x60, 0xa8, 0x3d, 0xc0, 0x5f,
    0x4, 0xb0, 0x7f, 0xcf, 0xfe, 0xc, 0xd4, 0x87,
    0xff, 0x19, 0x6c, 0x3f, 0xf8, 0xaf, 0x83, 0xff,
    0xcc, 0xff, 0xe0, 0xff, 0xe5, 0xa1, 0xfe, 0xf2,
    0x5e, 0x1f, 0x41, 0xff, 0xc2, 0x43, 0xff, 0x87,
    0x20, 0x43, 0xfa, 0x43, 0xa7, 0x9, 0xf, 0xce,
    0x19, 0x68, 0x8c, 0x3f, 0xf8, 0x8, 0x18, 0x91,
    0xc, 0x87, 0xf5, 0x9, 0x30, 0xf7, 0xc1, 0x9d,
    0x34, 0xc3, 0xa0, 0xe8, 0x3d, 0xb8, 0x79, 0xfe,
    0x0,

    /* U+8BF7 "请" */
    0xf, 0xfe, 0x6a, 0x1f, 0xd6, 0x1f, 0xdc, 0x12,
    0xfc, 0x2f, 0x82, 0x8c, 0x1d, 0x70, 0x2b, 0xc1,
    0x28, 0x4b, 0xf9, 0x3f, 0xc1, 0xa2, 0x2, 0xf8,
    0x5f, 0x7, 0x58, 0x2b, 0x81, 0x5d, 0x87, 0x21,
    0x7f, 0x27, 0xf4, 0xa, 0x91, 0xaf, 0x25, 0x7c,
    0xbb, 0xf, 0xca, 0xf, 0x9f, 0x4, 0xd7, 0xff,
    0xc, 0x3f, 0x2f, 0xff, 0x0, 0x3f, 0xd5, 0xff,
    0xc0, 0xf, 0xfe, 0x7, 0xfe, 0x43, 0xff, 0x82,
    0xbf, 0xc1, 0xff, 0xc1, 0xaf, 0xc1, 0xff, 0xc2,
    0xff, 0xc8, 0x7f, 0x61, 0x2f, 0xf0, 0x7c, 0xe1,
    0xab, 0xf0, 0x7f, 0xb0, 0xbf, 0xf2, 0x1d, 0x3,
    0xf, 0xe5, 0xc1, 0xd4, 0xc3, 0xfd, 0x51, 0x7,
    0x21, 0xbc, 0x1d, 0xf9, 0x0,

    /* U+8BFB "读" */
    0xf, 0xfe, 0x12, 0x1f, 0xe8, 0x3f, 0xcc, 0x87,
    0xf3, 0x87, 0xff, 0x26, 0x30, 0xbf, 0xa2, 0xfe,
    0xc, 0xa2, 0x5, 0x72, 0x35, 0xc1, 0xd0, 0x81,
    0x7b, 0x35, 0xe0, 0xf7, 0x80, 0xbd, 0x81, 0x78,
    0x3f, 0xba, 0xe4, 0xaf, 0x81, 0x52, 0xf, 0x5f,
    0xfd, 0x18, 0xbb, 0xd, 0x40, 0xd2, 0xc, 0x47,
    0xc1, 0xe5, 0x70, 0x1c, 0x8, 0x7f, 0xcd, 0xc8,
    0x7a, 0x81, 0xfc, 0xda, 0xb1, 0x30, 0x28, 0x3f,
    0x9d, 0xb0, 0xff, 0xe4, 0x5a, 0x1f, 0xfc, 0x6a,
    0xc5, 0x47, 0x5c, 0x1f, 0x2f, 0xe0, 0x2f, 0x83,
    0xf7, 0xfa, 0x1f, 0xf0, 0x7b, 0x90, 0xcc, 0x30,
    0x7f, 0x91, 0x41, 0x50, 0x95, 0xc1, 0xe4, 0x14,
    0x1b, 0x4d, 0xb5, 0x70, 0x64, 0x93, 0x95, 0x61,
    0xad, 0x58, 0x6d, 0x3, 0x72, 0x1f, 0x5e, 0x0,

    /* U+8C01 "谁" */
    0xf, 0xf2, 0x83, 0xff, 0x82, 0xe1, 0xea, 0x1,
    0xc3, 0xfa, 0x20, 0xc8, 0x81, 0x20, 0xfd, 0x8a,
    0xb, 0x30, 0xc8, 0x7f, 0x64, 0x12, 0x75, 0x3,
    0xa9, 0xe, 0x84, 0x40, 0xb8, 0x25, 0xb0, 0xe7,
    0x48, 0x7f, 0xf, 0xe8, 0x3f, 0x21, 0xff, 0xc3,
    0x6a, 0x41, 0x7, 0xff, 0x11, 0x6c, 0x84, 0x6b,
    0xd, 0x60, 0x3e, 0xe, 0x80, 0xb8, 0xb, 0xc1,
    0xf5, 0x81, 0xfc, 0x3f, 0x90, 0xff, 0xf6, 0xbf,
    0x87, 0xf2, 0x1f, 0xfc, 0x5, 0xc0, 0x5e, 0xf,
    0xb4, 0xd, 0x61, 0xac, 0x1e, 0x70, 0xff, 0xe5,
    0xa8, 0x3f, 0xf8, 0xa8, 0x28, 0x13, 0xf8, 0x7f,
    0x83, 0xa4, 0x39, 0x7f, 0xe0, 0x9d, 0xe, 0x6b,
    0xfe, 0xf, 0xfe, 0x60,

    /* U+8C03 "调" */
    0x4, 0x1f, 0xfc, 0x75, 0x41, 0x7f, 0xff, 0x6,
    0x17, 0x6, 0x5f, 0xf0, 0x68, 0x82, 0x6b, 0x1d,
    0x60, 0xe8, 0x43, 0xe4, 0x3f, 0xce, 0x86, 0x54,
    0x6a, 0xf, 0xfe, 0x15, 0x11, 0xa2, 0x15, 0x60,
    0xf7, 0xc5, 0xe4, 0x32, 0xc1, 0xff, 0xc5, 0xb4,
    0x3d, 0x7c, 0x5f, 0x7, 0xff, 0x3, 0x5f, 0xc1,
    0xff, 0xc0, 0x6b, 0xf0, 0x7f, 0xf0, 0x5f, 0xe8,
    0x3f, 0xf8, 0x8d, 0x3, 0xff, 0x8d, 0x28, 0x3f,
    0xce, 0xc, 0x3f, 0xf8, 0x92, 0x83, 0x96, 0xf,
    0xf3, 0x62, 0x15, 0x41, 0xf9, 0x21, 0x9, 0xfe,
    0x83, 0xde, 0x11, 0xf, 0xaa, 0xcc, 0x3b, 0x30,
    0xf9, 0x61, 0x41, 0xd4, 0x43, 0xef, 0xd0,

    /* U+8C08 "谈" */
    0xf, 0xfe, 0xa, 0x1f, 0xec, 0x3f, 0xd6, 0x1f,
    0x93, 0xd, 0x7, 0xfa, 0x9, 0x44, 0x9, 0x83,
    0xf4, 0xa0, 0xa1, 0x44, 0xa8, 0x3d, 0x32, 0x1b,
    0x30, 0x4a, 0x9, 0x25, 0x83, 0xdc, 0x15, 0x8,
    0x4a, 0x83, 0xff, 0x82, 0xb0, 0x39, 0xc, 0xfd,
    0x7, 0x50, 0xf0, 0xe8, 0x7f, 0xd6, 0x98, 0x38,
    0xb4, 0x7c, 0x13, 0xa5, 0x94, 0x1d, 0x24, 0x3c,
    0xab, 0x40, 0xa0, 0xad, 0x41, 0xf5, 0x87, 0xfb,
    0x83, 0xf2, 0xa0, 0xfd, 0x87, 0xf9, 0x68, 0x3d,
    0x10, 0x7f, 0xa5, 0x8, 0x16, 0x90, 0xfc, 0x82,
    0x84, 0x9, 0x90, 0xfc, 0xc1, 0x30, 0xc4, 0x87,
    0xe6, 0xd, 0x24, 0xb4, 0x1e, 0x40, 0xe3, 0xa6,
    0x8, 0x70, 0xec, 0x62, 0x83, 0x86, 0xd3, 0x82,
    0xa8, 0xd2, 0x81, 0xea, 0xa, 0x9, 0x5, 0x34,
    0x3f, 0x3c, 0x80,

    /* U+8C22 "谢" */
    0xf, 0xf2, 0x1f, 0x90, 0x9c, 0x3d, 0x40, 0xfa,
    0x81, 0x26, 0x1c, 0xa0, 0xff, 0xe0, 0xa4, 0xf,
    0xf, 0xa0, 0xff, 0x42, 0x19, 0x60, 0xff, 0xe0,
    0xf0, 0x55, 0x83, 0xc8, 0x7c, 0x85, 0x87, 0x5f,
    0x3, 0x83, 0xf3, 0xf0, 0x35, 0x80, 0xf7, 0xc1,
    0x9a, 0x80, 0xd4, 0x92, 0x1f, 0xb5, 0x83, 0xfd,
    0x68, 0x75, 0x60, 0x58, 0x7f, 0xf0, 0xd6, 0x6,
    0x1f, 0xfc, 0x3b, 0xe0, 0x24, 0x1f, 0xfc, 0x85,
    0x7, 0xf9, 0xcb, 0xe0, 0xa1, 0xf, 0xf2, 0xe0,
    0xf2, 0x1f, 0xf5, 0x40, 0xc3, 0x48, 0x7e, 0xa0,
    0x26, 0xf, 0xfe, 0x1b, 0x12, 0xc1, 0xff, 0xc1,
    0x49, 0xd5, 0x7, 0xe4, 0x39, 0xdc, 0xad, 0x85,
    0xf0, 0x7a, 0x3, 0x22, 0x81, 0x7, 0x60,

    /* U+8C61 "象" */
    0xf, 0xfe, 0x8f, 0x90, 0xff, 0xe3, 0x61, 0x2f,
    0xc1, 0xfe, 0xc2, 0xaf, 0xc1, 0xf9, 0xc7, 0xfe,
    0x4, 0x1f, 0x50, 0x60, 0xe7, 0x24, 0x3d, 0xa0,
    0x7f, 0xd0, 0x2f, 0xc1, 0x50, 0x7f, 0xa2, 0xfe,
    0xe, 0x50, 0x7d, 0x8, 0x7f, 0xf0, 0x57, 0xa0,
    0x2f, 0x83, 0xfa, 0xb2, 0xa, 0xf0, 0x7d, 0xfa,
    0x3, 0xff, 0x38, 0x7c, 0xf0, 0xa8, 0x33, 0xb0,
    0x66, 0xe1, 0xe1, 0x3, 0xc5, 0x2, 0xe4, 0xb9,
    0xc1, 0xe8, 0x74, 0x33, 0x79, 0x5c, 0x68, 0x21,
    0xf, 0x48, 0xf1, 0x62, 0x2a, 0x10, 0xe7, 0xd1,
    0x6a, 0xc3, 0x24, 0x1d, 0x8f, 0x95, 0xc6, 0x20,
    0xcc, 0x35, 0xc3, 0xc5, 0x87, 0xa3, 0xc, 0xdc,
    0x5a, 0x22, 0x13, 0x1a, 0xb9, 0x5f, 0x53, 0x8c,
    0x33, 0x8b, 0x5c, 0x5, 0x81, 0x21, 0xec,

    /* U+8D1D "贝" */
    0xb, 0xff, 0xf8, 0x70, 0x7f, 0xf4, 0x3f, 0xfe,
    0x83, 0xff, 0x84, 0xa0, 0xff, 0xe3, 0xd0, 0x3f,
    0xff, 0xe1, 0xff, 0xfb, 0x43, 0xff, 0x8c, 0x87,
    0xff, 0x9, 0xe, 0xc4, 0x3d, 0x87, 0x58, 0x4a,
    0x7, 0x1, 0xd0, 0xfe, 0x62, 0x83, 0xa1, 0xff,
    0x50, 0x95, 0xa5, 0x3, 0xf5, 0xa4, 0x85, 0x41,
    0xd0, 0x9f, 0x23, 0xa1, 0xce, 0x96, 0x8, 0xf,
    0x7, 0xf5, 0x86, 0xa7, 0x7, 0xff, 0x7, 0x80,

    /* U+8D23 "责" */
    0xf, 0xfe, 0xa7, 0x7, 0xff, 0x1d, 0x10, 0xff,
    0xbf, 0xf4, 0xf, 0xfc, 0x83, 0xaf, 0xc0, 0xaf,
    0xc8, 0x4b, 0xf0, 0x4b, 0xf8, 0x37, 0xfd, 0x3,
    0xfe, 0x43, 0x7f, 0xd0, 0x3f, 0xe4, 0x3f, 0xe4,
    0x3f, 0xf8, 0x17, 0xff, 0x3, 0xff, 0x9e, 0xbf,
    0xf9, 0xb, 0xff, 0xca, 0xd, 0xff, 0xfc, 0x38,
    0x3f, 0x2f, 0xff, 0x0, 0x3f, 0xd5, 0xc0, 0xad,
    0x87, 0xff, 0xd, 0xf, 0xfe, 0x42, 0x1f, 0xfc,
    0x9c, 0x3f, 0xf8, 0x74, 0xa, 0x47, 0xc8, 0xd0,
    0x3c, 0xa1, 0xd3, 0xc9, 0x70, 0x79, 0x57, 0xa1,
    0xc1, 0x70, 0xdc, 0x15, 0x11, 0xb8, 0x39, 0xf2,
    0x28, 0x14, 0xf4, 0x87, 0xfa, 0xe4,

    /* U+8D25 "败" */
    0xf, 0xfe, 0x12, 0x1f, 0xfc, 0x8a, 0x7, 0xeb,
    0xfe, 0x82, 0x43, 0xfe, 0x5e, 0xc, 0x90, 0x7f,
    0xab, 0x83, 0x67, 0x5e, 0x43, 0xa4, 0x39, 0x17,
    0xe0, 0xf2, 0x1d, 0x17, 0xe1, 0xd0, 0xff, 0x91,
    0xf, 0xfe, 0x34, 0x4, 0x24, 0xc3, 0xfe, 0x50,
    0x30, 0xb1, 0xf, 0xfe, 0xc, 0x21, 0x21, 0xff,
    0xc1, 0x76, 0xe, 0x43, 0xff, 0x86, 0x90, 0x98,
    0x7f, 0xf1, 0x52, 0x10, 0xff, 0xe2, 0x44, 0x21,
    0xf9, 0xf, 0xc8, 0x90, 0x75, 0x99, 0x1c, 0x19,
    0xf, 0xf2, 0x81, 0x87, 0x28, 0x10, 0x7d, 0x1c,
    0x41, 0x31, 0x8c, 0x1d, 0x90, 0xb4, 0x50, 0xcc,
    0x60, 0x39, 0x20, 0xab, 0x4c, 0x2c, 0x73, 0x24,
    0x33, 0x8e, 0x1d, 0xa5, 0x34, 0x3d, 0xb0, 0x7d,
    0x50,

    /* U+8D28 "质" */
    0xf, 0xfe, 0x1a, 0xd4, 0x43, 0x57, 0x7f, 0xd5,
    0x2b, 0xc, 0xbc, 0x19, 0x6a, 0xbd, 0x7, 0xbf,
    0xe1, 0x96, 0xf, 0xc8, 0x7f, 0xf2, 0xeb, 0xc9,
    0x5f, 0x21, 0xcb, 0xf0, 0x17, 0xec, 0x39, 0xff,
    0x27, 0xfd, 0x7, 0xff, 0x46, 0xb9, 0x2b, 0x90,
    0xfe, 0x5e, 0x2, 0xf6, 0x1f, 0xe7, 0xf5, 0xf8,
    0x3f, 0xf8, 0x94, 0xf, 0xf2, 0x1f, 0xfc, 0xbc,
    0x3e, 0x43, 0xfe, 0xc3, 0xfc, 0x87, 0xf9, 0x10,
    0x38, 0x31, 0x82, 0x70, 0xe4, 0x29, 0x20, 0x9e,
    0x24, 0x28, 0xc3, 0x5a, 0xbd, 0xf, 0x21, 0x22,
    0x5e, 0x4a, 0x1, 0xf2, 0xad, 0x44, 0x4, 0x6d,
    0xf, 0x5a, 0x7, 0x41, 0xe9, 0xf, 0xf5, 0xa0,

    /* U+8D3A "贺" */
    0xc, 0x87, 0xff, 0x26, 0x81, 0xff, 0xd0, 0x6b,
    0xe0, 0xbe, 0x1f, 0xd1, 0xaf, 0xc1, 0x2c, 0x2e,
    0xe, 0xfd, 0x6, 0xa6, 0x75, 0x7, 0xff, 0x12,
    0x10, 0xff, 0xe3, 0x22, 0x12, 0x61, 0x2e, 0xc3,
    0x31, 0x4f, 0x42, 0x15, 0x64, 0x26, 0x33, 0x5a,
    0x5, 0xff, 0x1, 0x58, 0x1a, 0x90, 0xff, 0xe0,
    0xc3, 0x5f, 0xfc, 0x24, 0x3d, 0xaf, 0xff, 0xb,
    0xf, 0xdf, 0xff, 0xc0, 0xf, 0xfe, 0x1d, 0x87,
    0xff, 0x21, 0xf, 0xfe, 0xf4, 0x4, 0x3f, 0xf8,
    0x16, 0x14, 0x82, 0xe0, 0x70, 0x7f, 0x5a, 0xbd,
    0xf, 0x90, 0xf3, 0x79, 0x28, 0x7, 0xc9, 0x70,
    0x5c, 0x8f, 0x90, 0xf5, 0xc3, 0x82, 0x9e, 0x83,
    0xfe, 0x7a, 0x0,

    /* U+8D3E "贾" */
    0xf, 0xfe, 0x57, 0xff, 0xf2, 0x5, 0xf0, 0x17,
    0x1, 0x7a, 0x2b, 0xc9, 0x56, 0x57, 0x90, 0x2f,
    0x89, 0x59, 0xaf, 0x5, 0x5c, 0x6, 0x88, 0xd7,
    0x6, 0x7e, 0x4f, 0xa2, 0xf8, 0x3f, 0xf9, 0xeb,
    0xc2, 0xd9, 0xac, 0x1f, 0x54, 0xa, 0x91, 0xa8,
    0x3b, 0xff, 0xf8, 0xc1, 0xff, 0xcd, 0xbf, 0xff,
    0x84, 0x87, 0xcb, 0xff, 0xc0, 0xf, 0xea, 0xe4,
    0xad, 0x87, 0xff, 0x5, 0xf, 0xfe, 0x46, 0x61,
    0xff, 0xc5, 0x92, 0xd0, 0xff, 0x58, 0xe9, 0x25,
    0xc6, 0x87, 0x37, 0xe, 0xdc, 0xab, 0x90, 0x7a,
    0x4b, 0x83, 0x37, 0xd, 0x8a, 0xbc, 0x87, 0xf3,
    0xe6,

    /* U+8D70 "走" */
    0xf, 0xf9, 0xf, 0xfe, 0x45, 0x3, 0xff, 0xdb,
    0xff, 0x27, 0xfd, 0x7, 0x2f, 0xc0, 0x5f, 0xb0,
    0xea, 0xf9, 0x2b, 0xe4, 0x3f, 0xfc, 0x7f, 0xfc,
    0x9f, 0xfc, 0x87, 0xff, 0x2f, 0xff, 0xa2, 0xff,
    0xc8, 0x65, 0x7, 0xff, 0x23, 0x83, 0xff, 0x90,
    0x87, 0xd5, 0xf2, 0x1f, 0xfc, 0x35, 0xf6, 0x1c,
    0x87, 0xeb, 0xfd, 0x7, 0x60, 0x83, 0xff, 0x8c,
    0x8a, 0x83, 0xff, 0x89, 0x14, 0x1d, 0xf, 0xfe,
    0xc, 0x89, 0xa5, 0xa, 0xff, 0x9, 0x85, 0x44,
    0x25, 0xfc, 0x6, 0xe, 0x6f, 0xff, 0xa2, 0x43,
    0xff, 0x8e,

    /* U+8D77 "起" */
    0xf, 0xfe, 0x7f, 0x7, 0xff, 0x3e, 0xbf, 0x7,
    0xff, 0x5, 0x7f, 0x82, 0xfc, 0x3f, 0x2b, 0xfc,
    0x86, 0x96, 0x2, 0xe0, 0xff, 0xe0, 0x35, 0xd,
    0x41, 0xff, 0xe2, 0xaf, 0x21, 0x5f, 0x87, 0xf0,
    0xbe, 0xd, 0xaf, 0x1, 0x60, 0x3f, 0xe0, 0x35,
    0xc5, 0x60, 0xff, 0xe0, 0xe8, 0x7f, 0xf6, 0x6c,
    0x3f, 0x5e, 0x83, 0xff, 0x80, 0x87, 0xfc, 0x87,
    0x21, 0xd8, 0x57, 0xa1, 0x3d, 0x78, 0x41, 0x88,
    0x7e, 0x90, 0x20, 0x60, 0xed, 0xf, 0xaf, 0xe8,
    0x25, 0x64, 0x1f, 0xfc, 0x44, 0xc8, 0x17, 0xab,
    0xfe, 0x71, 0x1e, 0x40, 0xbf, 0xf1, 0x40, 0xcd,
    0xff, 0xfc, 0x14,

    /* U+8D85 "超" */
    0xf, 0xfe, 0x7e, 0x87, 0xff, 0x3b, 0xff, 0xa0,
    0xfb, 0xc, 0xa0, 0x2e, 0xd, 0x7c, 0x3e, 0x8a,
    0x25, 0x60, 0xda, 0xc0, 0x56, 0x12, 0x83, 0xf3,
    0x51, 0x52, 0x8, 0xc3, 0xff, 0x8c, 0xba, 0xac,
    0xc0, 0xb8, 0xd7, 0x4c, 0x5, 0xa, 0x1a, 0xc3,
    0x53, 0x40, 0x5f, 0x40, 0x6b, 0x25, 0x42, 0x1f,
    0xf2, 0xec, 0x58, 0xbf, 0xf2, 0x17, 0x7, 0xf2,
    0xf8, 0x3f, 0xf8, 0x95, 0xe0, 0xff, 0x7c, 0x1f,
    0xfc, 0x85, 0x7, 0xff, 0xd, 0xb, 0xa0, 0x55,
    0xe0, 0xc8, 0x10, 0xfc, 0xbe, 0xd, 0x82, 0xc3,
    0xaf, 0xfc, 0x81, 0x31, 0xf, 0xfe, 0x22, 0x24,
    0xf, 0x57, 0xff, 0x4, 0x10, 0xf0, 0x17, 0xff,
    0x80, 0x30, 0x67, 0xff, 0xf8, 0x50,

    /* U+8DB3 "足" */
    0xf, 0xfe, 0x6f, 0xff, 0xf1, 0x3, 0xf2, 0xff,
    0xf0, 0x3, 0xfd, 0x5f, 0xfc, 0x4, 0x3f, 0xff,
    0xff, 0xff, 0xc0, 0x43, 0xff, 0xa3, 0xff, 0x27,
    0xfc, 0x1f, 0x21, 0xff, 0xc9, 0xa0, 0x7f, 0xf7,
    0x53, 0xf, 0x7f, 0xe0, 0xec, 0x3f, 0x2f, 0xe0,
    0xe4, 0x83, 0xd5, 0xf8, 0x3f, 0x21, 0xff, 0xc5,
    0x88, 0x90, 0xff, 0xe2, 0x23, 0x96, 0xa0, 0xff,
    0xe0, 0x64, 0xd, 0x20, 0x7f, 0xf2, 0x80, 0x85,
    0x72, 0xff, 0xf0, 0x6c, 0x3c, 0xd7, 0xfc, 0x0,

    /* U+8DD1 "跑" */
    0xf, 0xfe, 0x2, 0x1f, 0xfc, 0x86, 0x81, 0xfc,
    0xff, 0x41, 0x44, 0x1f, 0xfc, 0x34, 0x3a, 0xbe,
    0xe, 0xf9, 0xa, 0x2, 0xfe, 0xf, 0xf9, 0x3f,
    0xe0, 0xff, 0xe0, 0x64, 0x1f, 0xfc, 0x14, 0x8,
    0x81, 0xf, 0xfe, 0xd, 0xe0, 0x60, 0xfe, 0x44,
    0x33, 0x44, 0x6a, 0x2, 0xc1, 0xfc, 0xac, 0x91,
    0x2b, 0x7, 0xe6, 0xf, 0xfe, 0x46, 0x87, 0xff,
    0x37, 0xc8, 0x2b, 0x7, 0xff, 0x5, 0x41, 0x96,
    0xf, 0xfe, 0xd, 0x10, 0x3f, 0x93, 0x10, 0xff,
    0xe0, 0x61, 0x7c, 0x87, 0xff, 0x1a, 0x55, 0xe8,
    0x3e, 0x42, 0xc2, 0x68, 0x87, 0xa8, 0x72, 0x1f,
    0xfc, 0xd, 0x42, 0x34, 0x40, 0xf5, 0xec, 0xd,
    0xf4, 0xa0, 0x60, 0x5f, 0xa,

    /* U+8DEF "路" */
    0xf, 0xfe, 0xa, 0x1f, 0xfc, 0x8a, 0x21, 0xf9,
    0xff, 0x41, 0x22, 0x1f, 0xf2, 0xc1, 0xa0, 0x7f,
    0x90, 0xdd, 0x41, 0x28, 0x5e, 0x2, 0x1f, 0xf4,
    0xa, 0xe1, 0xf, 0xfb, 0x12, 0xb, 0x20, 0xea,
    0xc0, 0xb9, 0x63, 0x20, 0xf2, 0xe0, 0x20, 0x8b,
    0x24, 0x33, 0xf0, 0xf0, 0x64, 0x24, 0x3f, 0xf8,
    0x76, 0xb1, 0xc8, 0x4e, 0x1e, 0xb4, 0xab, 0x55,
    0xa1, 0xf2, 0x87, 0xc8, 0x57, 0x28, 0x3c, 0xd5,
    0xd7, 0xe2, 0xf, 0x9f, 0x1a, 0xfe, 0x83, 0xff,
    0x85, 0xfe, 0xf, 0xff, 0x5b, 0x7, 0xff, 0xb,
    0x2c, 0x64, 0x2a, 0xf0, 0x65, 0x8, 0x1a, 0x4,
    0xbe, 0xc, 0xd3, 0xe9, 0x41, 0x7f, 0x83, 0x94,
    0x1f, 0xfc, 0x70,

    /* U+8DF3 "跳" */
    0xf, 0xfe, 0xb7, 0x16, 0x1e, 0x7f, 0xc1, 0xff,
    0xc5, 0x58, 0x3f, 0xf8, 0xf5, 0x23, 0x87, 0xf5,
    0x87, 0xf2, 0x21, 0xf9, 0x83, 0xfe, 0x83, 0xe8,
    0x43, 0x54, 0x82, 0xf, 0x95, 0x7, 0x2c, 0x12,
    0x41, 0xd0, 0x84, 0xf9, 0x3c, 0xa, 0x7, 0x50,
    0x3e, 0xc3, 0x90, 0xf2, 0x83, 0x58, 0x7e, 0x43,
    0xb0, 0xff, 0x70, 0x28, 0x1e, 0xd0, 0xfe, 0x6d,
    0x41, 0xd9, 0x40, 0xfb, 0xc9, 0x40, 0xf6, 0xa0,
    0xfe, 0xb5, 0x18, 0x75, 0x87, 0xf2, 0xc, 0x43,
    0xc8, 0x7f, 0xf0, 0x10, 0xfd, 0x21, 0xe5, 0x2,
    0x20, 0xff, 0xe0, 0x50, 0xa2, 0xc2, 0x1f, 0xd2,
    0x23, 0x64, 0x61, 0x67, 0x60, 0xa7, 0xd2, 0x44,
    0x19, 0x2, 0x28, 0x43, 0xd6, 0x87, 0x7e, 0x80,

    /* U+8DF5 "践" */
    0xf, 0xfe, 0x2, 0x83, 0xff, 0x91, 0x42, 0xc3,
    0xcf, 0xfa, 0xf, 0x46, 0x1f, 0x96, 0xe, 0x42,
    0xcc, 0x3d, 0xd4, 0x1f, 0xee, 0xf, 0xfe, 0x2a,
    0xaa, 0xe0, 0xff, 0x3e, 0x4a, 0x28, 0x70, 0xff,
    0xe0, 0x20, 0xbf, 0x48, 0x6f, 0xc0, 0x7a, 0x7,
    0xf9, 0x70, 0x1c, 0x24, 0x39, 0x50, 0x55, 0xc,
    0x84, 0x97, 0xd4, 0x40, 0xc1, 0xeb, 0xd0, 0x4a,
    0xa6, 0x12, 0x1e, 0xda, 0xf, 0x47, 0xf, 0xcf,
    0x99, 0x70, 0x52, 0x1f, 0xca, 0xf, 0xd3, 0x7,
    0xe6, 0x81, 0xb1, 0xd6, 0xf, 0xfe, 0x1a, 0x43,
    0x10, 0x7f, 0xf0, 0xa0, 0x50, 0xc, 0x1f, 0xf3,
    0xa0, 0x43, 0x61, 0x91, 0xf1, 0xc3, 0x10, 0x11,
    0x51, 0xc1, 0x20, 0x79, 0x71, 0x6, 0x55, 0xf4,
    0x70, 0x51, 0x64, 0x3d, 0x10, 0xff, 0xb4, 0x50,

    /* U+8EAB "身" */
    0xf, 0xe5, 0x7, 0xff, 0x22, 0x81, 0xff, 0xc7,
    0x44, 0x3f, 0xf8, 0x7f, 0xa1, 0xff, 0x83, 0xfc,
    0xbf, 0xe0, 0xff, 0x9a, 0xff, 0x21, 0xfe, 0x5f,
    0xfe, 0x0, 0x7f, 0xd5, 0xfe, 0xf, 0xf9, 0xff,
    0xf2, 0x1f, 0xfd, 0x47, 0xff, 0xc8, 0x5a, 0x1e,
    0x5f, 0xf0, 0x1c, 0x3e, 0x6b, 0xfc, 0x91, 0x21,
    0xff, 0xc7, 0x91, 0xf8, 0x7f, 0xfc, 0x92, 0x5,
    0xff, 0xe0, 0x87, 0x21, 0xab, 0xfd, 0xa0, 0xd0,
    0xff, 0xe0, 0xb7, 0x16, 0x1f, 0xfc, 0x6, 0xe5,
    0x79, 0xf, 0xe6, 0xf4, 0x97, 0x7, 0x21, 0xd4,
    0x46, 0xf2, 0xf, 0xe0, 0xf4, 0xdc, 0x87, 0xfd,
    0x86,

    /* U+8F66 "车" */
    0xf, 0xe4, 0x3f, 0xf9, 0x14, 0x43, 0xff, 0x8e,
    0x88, 0x7f, 0xf1, 0x91, 0xf, 0xfe, 0xb, 0xfd,
    0xf, 0xff, 0xc1, 0x2e, 0x9, 0x7f, 0xf8, 0x0,
    0x6b, 0x3, 0xaf, 0xfe, 0x0, 0x79, 0x10, 0xa4,
    0x3f, 0xf8, 0x51, 0x4, 0xe1, 0xff, 0xc1, 0x84,
    0x3f, 0xf8, 0xe9, 0x7, 0xff, 0x1a, 0x7, 0xf0,
    0xff, 0xa0, 0xec, 0x3f, 0xf8, 0x78, 0x73, 0xff,
    0xf, 0xf9, 0xf, 0xff, 0x62, 0x1f, 0xfc, 0xf,
    0xfe, 0x87, 0xff, 0x42, 0xff, 0x80, 0xbf, 0xb2,
    0xbf, 0xc3, 0x5f, 0x90, 0xff, 0xfb, 0x0,

    /* U+8F6E "轮" */
    0xd, 0x40, 0xfc, 0xa0, 0xff, 0x28, 0x3f, 0x51,
    0xf, 0xf2, 0x1f, 0x40, 0x83, 0xf2, 0x1f, 0x94,
    0x22, 0x1d, 0xe8, 0x7e, 0x81, 0x14, 0x20, 0xe5,
    0x1, 0x76, 0x42, 0x88, 0x83, 0x50, 0x6b, 0x2c,
    0x40, 0x46, 0xc, 0x9e, 0x80, 0xc6, 0x1b, 0x14,
    0x14, 0x22, 0x31, 0x7, 0xa2, 0x42, 0x43, 0xd4,
    0xc3, 0x98, 0x28, 0xc3, 0x3a, 0x1e, 0xe6, 0x44,
    0xb0, 0x79, 0xe, 0x71, 0x10, 0x21, 0xff, 0xc0,
    0xa1, 0x61, 0xaf, 0x81, 0xe4, 0x2d, 0x34, 0x3f,
    0xf8, 0xd6, 0x1f, 0xfc, 0x15, 0x82, 0xd0, 0xfc,
    0xd3, 0x5, 0x30, 0xfd, 0x60, 0x65, 0x4, 0xd0,
    0x3f, 0xf8, 0xa, 0xbc, 0x9, 0xf, 0xfe, 0x14,
    0x87, 0xff, 0xd, 0xf, 0xfe, 0x12, 0x7f, 0x7,
    0xff, 0xe, 0xf, 0xb0, 0xff, 0xe1, 0x7f, 0xc1,
    0x0,

    /* U+8F7B "轻" */
    0xf, 0xfe, 0x6b, 0xa1, 0xff, 0xc7, 0xc4, 0x35,
    0x7f, 0x21, 0xc8, 0x79, 0x7f, 0x82, 0xbc, 0xf,
    0xc7, 0xfa, 0x2, 0xd, 0x9, 0x70, 0x7d, 0x10,
    0x4c, 0x9d, 0x60, 0xf6, 0x28, 0x39, 0x6d, 0xf,
    0xb0, 0x41, 0xc9, 0x87, 0xe7, 0xb, 0xe, 0xc4,
    0x3e, 0xe2, 0xd3, 0x82, 0x43, 0xeb, 0x6, 0x96,
    0x3a, 0x81, 0xc5, 0xc0, 0xb0, 0xee, 0x14, 0x1f,
    0x76, 0x87, 0xce, 0xf, 0xa2, 0xd3, 0xff, 0xc1,
    0xff, 0xd6, 0xfc, 0xf, 0xc1, 0xce, 0x5e, 0xf,
    0xfe, 0xd, 0xe9, 0xf, 0xfe, 0x3a, 0xc5, 0xe0,
    0xff, 0xe0, 0xdd, 0x30, 0xff, 0xe6, 0xdf, 0xc0,
    0xfe, 0x43, 0xf6, 0xbf, 0xfc, 0x0, 0xfe, 0x6b,
    0xff, 0x80, 0x80,

    /* U+8F7D "载" */
    0xe, 0x60, 0xf4, 0x87, 0xff, 0x5, 0xe, 0x56,
    0x48, 0x7f, 0xc8, 0x64, 0x26, 0x43, 0x5f, 0x45,
    0xf4, 0x1b, 0x28, 0x17, 0x52, 0x35, 0x61, 0xd8,
    0x84, 0xbb, 0x25, 0xc1, 0xef, 0x1, 0xae, 0x2b,
    0xc3, 0x5e, 0x35, 0xc0, 0x5f, 0x1, 0x7c, 0x5f,
    0x9f, 0xf8, 0x1f, 0xe0, 0xe9, 0x41, 0xff, 0x21,
    0xaa, 0x4e, 0xb8, 0x43, 0x58, 0x17, 0x1, 0x7c,
    0x1c, 0x88, 0x1f, 0x3, 0xfe, 0x31, 0x32, 0xd,
    0x99, 0x61, 0xf6, 0xb0, 0x64, 0x14, 0x4a, 0x91,
    0x4, 0x41, 0xf2, 0x80, 0xb4, 0x12, 0x21, 0xcf,
    0xe4, 0xfc, 0x4, 0x10, 0xc1, 0xff, 0xc3, 0x44,
    0x1a, 0x35, 0x79, 0x3f, 0x18, 0x10, 0xed, 0x60,
    0xcb, 0x58, 0x86, 0x41, 0x57, 0xc9, 0x58, 0x14,
    0x24, 0x40, 0xa0, 0xfa, 0x1c, 0x46, 0x30, 0xff,
    0xa6, 0xb, 0x2, 0x80,

    /* U+8F83 "较" */
    0xf, 0xfe, 0x77, 0x7, 0xcf, 0x7, 0xf2, 0x61,
    0xf2, 0x21, 0xfd, 0x88, 0x7e, 0x44, 0x39, 0xf2,
    0x7e, 0x7f, 0x25, 0xf8, 0x50, 0x4b, 0xc1, 0xff,
    0xc1, 0xa1, 0xd6, 0x3f, 0xfe, 0xa, 0x4, 0x87,
    0x70, 0x3c, 0x1f, 0x23, 0x86, 0xcc, 0x9, 0x6,
    0x4c, 0x3c, 0x8a, 0x4, 0xa8, 0x28, 0x43, 0xd1,
    0x6, 0x85, 0x6, 0xb1, 0xa6, 0x30, 0x6a, 0x10,
    0x64, 0x24, 0x61, 0x9, 0x44, 0x83, 0xf0, 0xf4,
    0x72, 0x4, 0x2a, 0xf, 0xfe, 0x2, 0x22, 0x41,
    0xff, 0xc4, 0x8a, 0x8, 0x7e, 0x47, 0xc8, 0x16,
    0x20, 0xe7, 0xe8, 0x32, 0x1f, 0xfc, 0xc, 0x54,
    0x3e, 0xa, 0x41, 0x40, 0xd7, 0x44, 0x3d, 0xab,
    0xc3, 0x7, 0xff, 0x2, 0xc6, 0x6, 0x3c, 0x1f,
    0xda, 0x50, 0x37, 0xa, 0xf, 0xd3, 0xa1, 0xe7,
    0x50,

    /* U+8F93 "输" */
    0xf, 0xfe, 0x6d, 0x87, 0xeb, 0x83, 0xf9, 0xf,
    0xd2, 0x28, 0x3f, 0x90, 0xf2, 0x8c, 0x90, 0xd7,
    0x87, 0xe0, 0x31, 0x99, 0x21, 0x68, 0x17, 0xc,
    0x61, 0x64, 0x81, 0x86, 0xbc, 0x35, 0xc9, 0x40,
    0xd8, 0x52, 0xb5, 0xfb, 0x50, 0x11, 0xa1, 0x71,
    0xff, 0x1e, 0x6, 0x4, 0x26, 0xb8, 0x33, 0x4,
    0xa0, 0xe9, 0x78, 0x1a, 0x19, 0x4, 0x32, 0xf,
    0x83, 0xfe, 0x50, 0x1c, 0x3f, 0xf8, 0x4f, 0xc3,
    0xc0, 0xf8, 0x3f, 0xf8, 0xeb, 0x7, 0xff, 0x1e,
    0xa0, 0xff, 0x98, 0x7c, 0x5, 0x83, 0xfb, 0xd2,
    0x14, 0xa, 0x83, 0xf9, 0x54, 0x1d, 0x7, 0xa0,
    0x94, 0x1a, 0x8a, 0xf, 0xc8, 0x50, 0x7f, 0xf1,
    0x2c, 0x2a, 0x83, 0xff, 0x84, 0x88, 0x14, 0x21,
    0xfe, 0xf1, 0xe8, 0x1f, 0x40,

    /* U+8FB9 "边" */
    0xf, 0xfe, 0xad, 0xa1, 0xfc, 0xf0, 0x7f, 0x21,
    0xfc, 0x8a, 0xf, 0xfe, 0x3e, 0x48, 0x7c, 0x87,
    0xfd, 0x10, 0xfc, 0x97, 0xf8, 0x39, 0x50, 0x16,
    0x9, 0x70, 0x7e, 0x91, 0xa8, 0x1d, 0x60, 0xff,
    0xe7, 0x5f, 0x83, 0xff, 0x8b, 0x87, 0xfc, 0x87,
    0xf3, 0xe0, 0xfa, 0x30, 0xff, 0xe3, 0xa2, 0x1e,
    0x43, 0xfe, 0x44, 0x3f, 0xf8, 0xf1, 0x7, 0x21,
    0xff, 0xc0, 0xc4, 0x3d, 0x98, 0x7f, 0x60, 0x81,
    0xf9, 0x10, 0xfe, 0x4c, 0x24, 0xa, 0xc3, 0xb0,
    0x65, 0x86, 0xbd, 0x40, 0xec, 0x51, 0xc1, 0xff,
    0xc2, 0x81, 0x44, 0x7f, 0xff, 0x83, 0x66, 0xb,
    0x43, 0xff, 0x83, 0xb8, 0x75, 0xff, 0xfc, 0x14,

    /* U+8FBE "达" */
    0xf, 0xfe, 0xc, 0x87, 0xe7, 0xf, 0xe5, 0x61,
    0xfe, 0xc3, 0xff, 0x8e, 0xa3, 0xf, 0xfe, 0x3c,
    0x8, 0x3f, 0xf8, 0xf8, 0x95, 0xe1, 0xae, 0x43,
    0xbc, 0x2f, 0x4, 0xbd, 0x87, 0xef, 0xe4, 0xbf,
    0xa0, 0xff, 0xe1, 0xa1, 0xf5, 0xf8, 0x3e, 0x43,
    0xfb, 0x50, 0x7f, 0xc8, 0x7c, 0xd0, 0x3f, 0x40,
    0x90, 0xff, 0xe2, 0xa4, 0x48, 0x7f, 0xf0, 0xf1,
    0x59, 0x21, 0xff, 0xc1, 0x81, 0x2, 0x24, 0x3f,
    0xe9, 0x30, 0x98, 0x90, 0xfe, 0xd3, 0xe, 0x62,
    0xf, 0x94, 0xc, 0x3e, 0x51, 0x5, 0x82, 0x6c,
    0x3f, 0xaa, 0x6, 0x8, 0xc3, 0xff, 0x80, 0x82,
    0x6, 0xc5, 0xff, 0xfc, 0x17, 0x30, 0x3a, 0x1f,
    0xfc, 0x15, 0x61, 0xd7, 0xff, 0xf0, 0x40,

    /* U+8FC7 "过" */
    0xf, 0xfe, 0x22, 0x1f, 0x21, 0xff, 0xc1, 0xa0,
    0x7a, 0xc3, 0xff, 0x90, 0x90, 0x7f, 0xf1, 0xe1,
    0x41, 0xff, 0xc7, 0xc8, 0xff, 0xe1, 0xf8, 0x3a,
    0x82, 0xfe, 0x9, 0x60, 0xe5, 0x15, 0xfb, 0x1a,
    0x83, 0xfa, 0x81, 0xff, 0xc0, 0xbf, 0x6, 0x60,
    0xff, 0xb5, 0x7, 0x42, 0x83, 0xfc, 0xd1, 0xe,
    0xc8, 0x3f, 0xf9, 0x11, 0x87, 0xff, 0x1d, 0x58,
    0x7f, 0xf2, 0x20, 0xff, 0xe6, 0xa1, 0xff, 0xc5,
    0xa7, 0xa0, 0xfe, 0x44, 0x39, 0x41, 0x30, 0x7b,
    0x4, 0x1d, 0xfd, 0x7, 0xb1, 0x8d, 0xf, 0xfe,
    0x14, 0x33, 0x17, 0xff, 0xf0, 0x4d, 0x80, 0xe8,
    0x7f, 0xf0, 0x98, 0x3a, 0xff, 0xfe, 0x8,

    /* U+8FCE "迎" */
    0xf, 0xfe, 0x64, 0x1f, 0xa8, 0x1f, 0xe9, 0x83,
    0x5e, 0x5a, 0xbc, 0x82, 0x14, 0x12, 0xb, 0xcb,
    0xec, 0x2c, 0x83, 0x3a, 0x17, 0xe0, 0xf4, 0x41,
    0xff, 0xc7, 0x54, 0x1f, 0xfc, 0x88, 0x3f, 0xfb,
    0x6f, 0xe0, 0xff, 0xe3, 0x28, 0x3f, 0xf8, 0xed,
    0x3, 0xff, 0xd1, 0x21, 0xff, 0xc6, 0x77, 0xe,
    0x83, 0xfd, 0x5, 0x40, 0xbc, 0x98, 0x7f, 0x9d,
    0xc, 0xb4, 0x87, 0xeb, 0x83, 0xd5, 0x21, 0xb0,
    0x61, 0xff, 0xc5, 0xc6, 0x34, 0x3a, 0xc3, 0xe8,
    0x66, 0x2f, 0x57, 0xfc, 0xc4, 0x7, 0x40, 0xbf,
    0xf6, 0x61, 0xd7, 0xff, 0xf0, 0x60,

    /* U+8FD0 "运" */
    0x4, 0x1f, 0xfc, 0x85, 0x61, 0xab, 0xff, 0x80,
    0x12, 0x8c, 0x25, 0xff, 0xe0, 0x6, 0x81, 0x3,
    0xff, 0xf8, 0x1, 0xd8, 0x87, 0xff, 0x22, 0xc3,
    0xff, 0x90, 0x81, 0x7f, 0xf8, 0x41, 0xf3, 0x5f,
    0xfc, 0x22, 0xfc, 0x35, 0x80, 0xd7, 0xc6, 0xa0,
    0xcb, 0x81, 0x2f, 0xc3, 0x40, 0xfb, 0x20, 0x3a,
    0x1f, 0xfc, 0x14, 0x8, 0x12, 0xf, 0xfe, 0xc,
    0x61, 0xa2, 0xf, 0xfb, 0x10, 0xe4, 0x43, 0xfc,
    0x85, 0x4f, 0xc0, 0x83, 0xfb, 0x2, 0xc1, 0xe4,
    0x3e, 0x4a, 0xdf, 0xf4, 0x41, 0x40, 0x80, 0xb0,
    0x7c, 0xd0, 0x12, 0x47, 0x7, 0xfc, 0x82, 0x4d,
    0x87, 0xff, 0xf8, 0x26, 0x60, 0x79, 0xf, 0xfe,
    0xb, 0x87, 0x37, 0xff, 0xf0, 0x0,

    /* U+8FD4 "返" */
    0x2, 0x1f, 0xfc, 0x15, 0x51, 0xa, 0xc3, 0x37,
    0xfa, 0x8a, 0xd, 0x18, 0x5a, 0x1c, 0xaa, 0x68,
    0x4a, 0x20, 0xdf, 0xd4, 0x50, 0x7a, 0x10, 0xff,
    0xe4, 0x58, 0x7f, 0xf2, 0x10, 0xef, 0xff, 0x7,
    0xff, 0x1, 0x7f, 0x6, 0xbf, 0x7, 0x57, 0xd8,
    0x83, 0x50, 0x72, 0x3a, 0x1a, 0x20, 0x34, 0x43,
    0xc9, 0x20, 0x44, 0x3f, 0xf8, 0x59, 0x46, 0x20,
    0xff, 0x22, 0xc, 0x63, 0xf, 0xfb, 0x30, 0xa0,
    0xff, 0xe1, 0xa2, 0x6, 0xb, 0xf, 0xf4, 0x20,
    0xa1, 0x69, 0x87, 0x91, 0x45, 0x34, 0xd2, 0x4c,
    0x34, 0xa, 0x84, 0xb0, 0xd2, 0x20, 0x92, 0x2c,
    0xf2, 0x1e, 0xa2, 0x49, 0xb0, 0xff, 0xfd, 0x6e,
    0x60, 0x74, 0x3f, 0xf8, 0x4e, 0x1d, 0x7f, 0xff,
    0x5,

    /* U+8FD8 "还" */
    0xf, 0xfe, 0x66, 0x87, 0xff, 0x26, 0xa, 0xbf,
    0xf8, 0x41, 0x46, 0x12, 0xff, 0xf0, 0x42, 0x51,
    0x17, 0xf2, 0x3f, 0xc1, 0xa1, 0xf, 0x92, 0xf,
    0xf5, 0x3, 0xd0, 0x87, 0xfc, 0xa0, 0xf2, 0x1f,
    0xfc, 0x8c, 0x3f, 0xd7, 0xe0, 0xe8, 0x35, 0x87,
    0x6a, 0xf, 0x28, 0x81, 0x98, 0x66, 0x88, 0x74,
    0x48, 0x18, 0xc3, 0xfe, 0xc5, 0x6, 0x63, 0xf,
    0xec, 0x60, 0xf3, 0x18, 0x7d, 0x8c, 0x1f, 0x94,
    0x21, 0xea, 0x83, 0xfd, 0x44, 0x3c, 0xa0, 0xff,
    0xe0, 0x21, 0x92, 0xf, 0xfe, 0x36, 0x5, 0x7,
    0x9c, 0x3f, 0x63, 0x94, 0xe, 0x90, 0xfa, 0x18,
    0xc7, 0xff, 0xf8, 0x2c, 0x41, 0x72, 0x1f, 0xfc,
    0x2c, 0x39, 0xbf, 0xff, 0x80, 0x80,

    /* U+8FD9 "这" */
    0xf, 0xfe, 0xa, 0x1f, 0xe8, 0x3f, 0xb8, 0x3f,
    0xa6, 0xf, 0xc9, 0x7, 0xe8, 0x50, 0x7d, 0x8,
    0x7f, 0x64, 0xa, 0xf0, 0x3a, 0xe0, 0xc9, 0xb,
    0xe0, 0x97, 0x83, 0x4c, 0x7f, 0xf4, 0x5e, 0xe,
    0x83, 0xfe, 0x84, 0x3f, 0xef, 0x21, 0xe4, 0x35,
    0xf8, 0x28, 0x90, 0xa3, 0xd, 0xa8, 0x39, 0x89,
    0x14, 0x21, 0x9a, 0x7, 0x9c, 0xa8, 0xc3, 0xff,
    0x89, 0x88, 0x87, 0xff, 0x25, 0xf, 0xfe, 0x2e,
    0x4, 0xc3, 0xff, 0x84, 0xe3, 0xc9, 0x87, 0xfc,
    0xf1, 0x40, 0x49, 0xa1, 0xf2, 0xa1, 0xd0, 0xd4,
    0x20, 0xd8, 0x25, 0x50, 0x3e, 0x64, 0x2c, 0x63,
    0xc8, 0x7f, 0x30, 0x21, 0x98, 0xbf, 0xff, 0x82,
    0xcc, 0x7, 0x83, 0xff, 0x87, 0x7, 0x3f, 0xff,
    0xc1, 0x40,

    /* U+8FDB "进" */
    0xf, 0xfe, 0x62, 0x1f, 0x78, 0x35, 0x87, 0x34,
    0xf, 0xfe, 0x3a, 0x28, 0x3f, 0xf8, 0xf9, 0x4,
    0xa0, 0x2e, 0x2, 0xc1, 0xa3, 0x1a, 0x2, 0xb2,
    0x54, 0x19, 0x50, 0xd0, 0x15, 0x80, 0xd0, 0x3a,
    0x40, 0xa0, 0x2f, 0x12, 0x83, 0xff, 0x96, 0xfe,
    0xf, 0xfe, 0xdb, 0xe0, 0xdf, 0x3, 0xf2, 0x7d,
    0x7, 0xff, 0x47, 0xe1, 0xfc, 0x9f, 0x41, 0xff,
    0xd3, 0x8c, 0x3f, 0xf8, 0xe8, 0x87, 0xff, 0x1b,
    0x20, 0xff, 0xe0, 0xe0, 0xc2, 0x50, 0x7f, 0xf0,
    0x30, 0x46, 0xf0, 0x7a, 0xc3, 0x40, 0xd8, 0xbf,
    0xff, 0x83, 0x43, 0x3, 0xa1, 0xff, 0xc1, 0xcc,
    0x3a, 0xff, 0xfe, 0xa,

    /* U+8FDC "远" */
    0x2, 0x1f, 0xfc, 0x86, 0xc3, 0x7f, 0xfd, 0x4,
    0x81, 0xf, 0xfe, 0x3e, 0x41, 0x7f, 0xfd, 0x7,
    0x46, 0x1f, 0xfc, 0x75, 0x61, 0xff, 0xc8, 0x83,
    0xff, 0x97, 0x7f, 0xff, 0x8, 0xbf, 0x1a, 0xc0,
    0x50, 0x17, 0x8c, 0x39, 0xa8, 0x6a, 0x3a, 0xc3,
    0xe4, 0x3e, 0xc3, 0xff, 0x8e, 0x87, 0xf2, 0x83,
    0xfd, 0x87, 0xf7, 0x7, 0xf9, 0x10, 0xff, 0xe3,
    0x42, 0x1f, 0xfc, 0x69, 0x20, 0xea, 0x90, 0xe4,
    0xa, 0x30, 0xca, 0x14, 0x41, 0x60, 0xdb, 0xf,
    0x5f, 0x90, 0x62, 0x8c, 0x3f, 0xf8, 0x70, 0x2a,
    0x2f, 0xd5, 0xfc, 0xe6, 0x7, 0x83, 0x2f, 0xf0,
    0xe1, 0xcf, 0xff, 0xf0, 0x50,

    /* U+8FDE "连" */
    0xf, 0xfe, 0x2, 0x1f, 0xf4, 0x1f, 0xa8, 0x87,
    0xf2, 0xb0, 0xf9, 0x10, 0xfe, 0x51, 0x2, 0xb0,
    0x2b, 0xf0, 0x50, 0xbf, 0x1, 0x7f, 0x6, 0xcd,
    0xf4, 0x3f, 0xfc, 0x1d, 0xc1, 0x44, 0x58, 0x7f,
    0xf0, 0xd1, 0xf, 0xfe, 0x2, 0xe0, 0xa2, 0xf,
    0xf9, 0xac, 0x4, 0x15, 0x25, 0x70, 0x1a, 0x7,
    0xcb, 0x1, 0x78, 0x25, 0x6, 0x7f, 0x93, 0xf8,
    0x3f, 0xfd, 0x15, 0xf2, 0x57, 0x83, 0xe5, 0xf8,
    0xb, 0xe0, 0xfb, 0xfe, 0x4f, 0xf0, 0x7f, 0xf3,
    0x70, 0x61, 0xff, 0xc5, 0xc5, 0x1a, 0x1d, 0x61,
    0xf4, 0x34, 0x4b, 0xea, 0xff, 0x11, 0x2, 0xd0,
    0x97, 0xfc, 0xc, 0x3a, 0xff, 0xfe, 0x8,

    /* U+8FF0 "述" */
    0xf, 0xfe, 0x62, 0x1f, 0xcf, 0x12, 0x1e, 0xb0,
    0xff, 0xe0, 0x32, 0x1c, 0x90, 0x7f, 0xd9, 0x21,
    0xa1, 0x41, 0xff, 0x6a, 0xe, 0xcc, 0xae, 0xc6,
    0xa2, 0x81, 0xdc, 0x2f, 0x80, 0xbe, 0xf, 0xdf,
    0xc0, 0x7f, 0xc1, 0xff, 0xc0, 0x83, 0xfc, 0xfe,
    0xf, 0x20, 0x43, 0xf2, 0x83, 0xe8, 0x41, 0xa1,
    0xcd, 0x3, 0xcb, 0x62, 0x50, 0x3f, 0xf8, 0x31,
    0x5, 0x8e, 0x1f, 0xf6, 0x41, 0xda, 0x68, 0x7e,
    0xc5, 0x7, 0xa8, 0x41, 0xf6, 0x30, 0x7e, 0x74,
    0x3e, 0x98, 0x3f, 0xe8, 0x3e, 0x60, 0xff, 0xe2,
    0x60, 0xc3, 0xff, 0x8b, 0x8c, 0x70, 0x67, 0x83,
    0xe8, 0x13, 0xf, 0xff, 0xf0, 0x58, 0xc0, 0xf2,
    0x1f, 0xfc, 0x2c, 0x39, 0xbf, 0xff, 0x80, 0x80,

    /* U+9001 "送" */
    0xf, 0xe4, 0x3e, 0x43, 0xc8, 0x73, 0x40, 0xf5,
    0x3, 0x54, 0x19, 0x70, 0x6c, 0x83, 0x42, 0x83,
    0x44, 0x14, 0x41, 0xec, 0x83, 0xb8, 0xb, 0x83,
    0xe8, 0x8b, 0xeb, 0xd0, 0xfd, 0x6, 0x54, 0x6b,
    0xc0, 0x5e, 0xc3, 0xa0, 0x35, 0xb1, 0xae, 0x43,
    0xff, 0x96, 0xfe, 0xf, 0xfe, 0x2a, 0xc1, 0x35,
    0xe1, 0xaf, 0x2, 0x81, 0x6b, 0xc1, 0x2f, 0x83,
    0xeb, 0xf9, 0x2f, 0xf0, 0x7f, 0xf0, 0x52, 0xf,
    0xfe, 0x36, 0x16, 0x87, 0xff, 0xe, 0x7, 0x14,
    0xf, 0xfe, 0x3, 0xa6, 0x38, 0xe1, 0xfe, 0xe1,
    0xc3, 0x69, 0x86, 0xc1, 0x85, 0xc1, 0xe9, 0xd,
    0xa, 0x37, 0xf, 0xeb, 0x4, 0x94, 0x47, 0xff,
    0xf8, 0x2c, 0x60, 0xb4, 0x3f, 0xf8, 0x78, 0x75,
    0xff, 0xfc, 0x14,

    /* U+9002 "适" */
    0x4, 0x1f, 0xfc, 0x25, 0x41, 0x2a, 0x9, 0xad,
    0xfd, 0x44, 0x24, 0x50, 0x25, 0xc1, 0x55, 0xe0,
    0xd9, 0x27, 0xf8, 0x5c, 0x1f, 0x44, 0x1f, 0xfc,
    0x75, 0x41, 0xe4, 0x3f, 0xf8, 0x33, 0x7f, 0x43,
    0xfe, 0xf, 0xb5, 0xf0, 0x17, 0xc3, 0xf8, 0x6b,
    0xc3, 0x5e, 0xf, 0xfe, 0x5b, 0xe4, 0x37, 0xf0,
    0xfe, 0x43, 0xff, 0x80, 0xbf, 0x7, 0xff, 0xe,
    0xbf, 0x7, 0xff, 0xbb, 0xfe, 0x83, 0xe4, 0x40,
    0xbf, 0xf0, 0x76, 0x8, 0x15, 0xff, 0x21, 0x43,
    0x1a, 0x1f, 0xfc, 0x25, 0x13, 0x17, 0xff, 0xf0,
    0x54, 0x60, 0x74, 0x3f, 0xf8, 0x29, 0x87, 0x5f,
    0xff, 0xc1, 0x0,

    /* U+9009 "选" */
    0xf, 0xfe, 0xa, 0x83, 0xf9, 0xf, 0x21, 0x58,
    0x7e, 0xa2, 0x19, 0xa0, 0x7f, 0xf0, 0x22, 0xd,
    0x98, 0x7f, 0xf0, 0x63, 0x9, 0x3a, 0xd, 0x70,
    0x66, 0x21, 0x2, 0xc0, 0x5e, 0xe, 0x54, 0x47,
    0xe1, 0xfe, 0xf, 0x41, 0x21, 0xff, 0xc8, 0xa0,
    0x7f, 0xf0, 0x6f, 0xc5, 0xd7, 0xd, 0x78, 0xe8,
    0x12, 0xfc, 0x5, 0xf0, 0xb0, 0x5f, 0x81, 0xe8,
    0xfe, 0xf, 0xfe, 0xb2, 0x1f, 0x30, 0x7f, 0x93,
    0xf, 0xb4, 0x3f, 0xd0, 0x87, 0xff, 0x1a, 0x20,
    0xe4, 0x8, 0x7f, 0x6b, 0x4, 0x97, 0x84, 0x2c,
    0x10, 0x28, 0x1d, 0x2d, 0x40, 0x42, 0xdc, 0x87,
    0x9a, 0x90, 0x28, 0xa2, 0x5e, 0xaf, 0xf8, 0x2c,
    0x14, 0x40, 0xbf, 0xf0, 0xe1, 0x9b, 0xff, 0xf8,
    0x20,

    /* U+901A "通" */
    0xf, 0xfe, 0x66, 0x84, 0xbf, 0xfc, 0x10, 0xe8,
    0x2e, 0xbf, 0xf8, 0x1, 0x92, 0x5, 0xe3, 0xf9,
    0x4, 0x1a, 0x10, 0xc9, 0xa0, 0xd5, 0xa1, 0xd1,
    0x4, 0xe5, 0xe2, 0x81, 0xf3, 0x40, 0x2d, 0x4,
    0x8b, 0x7, 0x90, 0x57, 0x4, 0xd6, 0x9, 0x60,
    0xef, 0xc3, 0xf2, 0x15, 0x70, 0x7f, 0xf0, 0x70,
    0xaa, 0xf, 0x7e, 0x1f, 0xa0, 0xca, 0xf, 0x2e,
    0x2, 0xc1, 0xff, 0xc1, 0xac, 0x35, 0x83, 0xff,
    0x86, 0x87, 0x61, 0xff, 0xc0, 0xfa, 0x1f, 0x90,
    0xff, 0xe0, 0x7d, 0xf, 0xc8, 0x7f, 0xf0, 0xd0,
    0xff, 0xe6, 0xac, 0x1d, 0x8a, 0xf, 0xf5, 0x4,
    0x2c, 0x9a, 0xb0, 0xdc, 0x7d, 0x2, 0x15, 0x2b,
    0xd5, 0xff, 0xc0, 0x62, 0x5, 0x11, 0x7f, 0xf8,
    0x0, 0xc3, 0x37, 0xff, 0xf0, 0x50,

    /* U+901F "速" */
    0xf, 0xfe, 0x62, 0x1f, 0xee, 0xf, 0xd5, 0x7,
    0xff, 0x1e, 0x10, 0x3f, 0xe1, 0xff, 0x5, 0x18,
    0x7f, 0xf1, 0xd0, 0x2b, 0xfc, 0x3f, 0xe0, 0xd8,
    0x87, 0xff, 0x23, 0x5, 0xfc, 0x3f, 0xc1, 0xff,
    0x34, 0x41, 0x50, 0x6b, 0xf0, 0x69, 0x50, 0xbc,
    0x16, 0xa0, 0xff, 0xe3, 0xb4, 0xf, 0x74, 0xc6,
    0xa4, 0x3f, 0xd8, 0x14, 0x12, 0xc1, 0xff, 0x3f,
    0x41, 0x7f, 0x7, 0xff, 0x1, 0x82, 0xe0, 0xff,
    0xe1, 0x51, 0xc0, 0xad, 0xf, 0xf3, 0xaa, 0x3,
    0x42, 0xd0, 0xfa, 0x85, 0x3, 0x9d, 0x30, 0xa0,
    0x73, 0xa1, 0xfa, 0xe0, 0x48, 0x9e, 0xe, 0x70,
    0xf9, 0x47, 0x25, 0xfc, 0xdf, 0xe5, 0x18, 0x2d,
    0xf, 0xfe, 0x1e, 0x1d, 0x7f, 0xff, 0x5,

    /* U+904D "遍" */
    0xf, 0xfe, 0xa, 0x1f, 0xe4, 0x3f, 0x99, 0xf,
    0xcd, 0x2, 0x5e, 0x4, 0xbc, 0x12, 0xe0, 0x57,
    0x81, 0x5c, 0x1a, 0x20, 0x9f, 0xfe, 0x43, 0xc8,
    0x87, 0xff, 0x1e, 0x50, 0x1f, 0xfe, 0x43, 0xe8,
    0x35, 0x7f, 0xc1, 0x2c, 0x19, 0x7f, 0xf8, 0x0,
    0x6b, 0x7, 0xff, 0x15, 0x60, 0xe7, 0xff, 0xe4,
    0x14, 0xe, 0x4f, 0xf, 0x1c, 0x1f, 0xc9, 0x86,
    0xc3, 0x21, 0xfd, 0x84, 0xa3, 0x71, 0x41, 0xfc,
    0xa0, 0x50, 0x64, 0xa0, 0x7e, 0x48, 0x1e, 0x2e,
    0x3c, 0x1f, 0xa0, 0xff, 0xe4, 0xf0, 0x7f, 0xc8,
    0x76, 0x2c, 0x1d, 0x23, 0x70, 0x83, 0x12, 0x83,
    0x1, 0x9, 0xf8, 0x10, 0xd8, 0xfd, 0x5f, 0xf3,
    0x90, 0x39, 0x17, 0xff, 0x80, 0x38, 0x66, 0xff,
    0xfe, 0xa,

    /* U+9053 "道" */
    0xf, 0xe5, 0x7, 0x28, 0x39, 0x83, 0xd4, 0xe,
    0xa0, 0x74, 0xa0, 0xec, 0xc2, 0x88, 0x3b, 0x20,
    0x56, 0x5, 0x49, 0xd4, 0x14, 0x62, 0xe0, 0x2c,
    0x5, 0xe0, 0x20, 0x7f, 0xc0, 0xff, 0x90, 0xb9,
    0xf, 0xfe, 0x42, 0x7, 0xf0, 0x3f, 0x90, 0xff,
    0x9a, 0xf9, 0xc, 0xfe, 0xe, 0x5f, 0xb0, 0xe5,
    0x7, 0x9f, 0xfa, 0xc, 0xd0, 0x3c, 0xd7, 0xc8,
    0x7f, 0xf0, 0x97, 0xec, 0x3f, 0xf8, 0x4b, 0xf6,
    0x1f, 0xfc, 0x16, 0xbe, 0x43, 0xff, 0x82, 0xff,
    0xd0, 0x7f, 0xf0, 0x97, 0xec, 0x3f, 0xf8, 0x2d,
    0x7c, 0x87, 0xb0, 0x63, 0xff, 0xf2, 0x16, 0x28,
    0xd0, 0xff, 0xe1, 0x40, 0xa2, 0x5e, 0xaf, 0xf9,
    0x8c, 0x14, 0x40, 0xbf, 0xfc, 0x3, 0xc, 0xdf,
    0xff, 0xc1, 0x0,

    /* U+90A3 "那" */
    0xf, 0xfe, 0x53, 0xff, 0xe0, 0x7f, 0xe1, 0x60,
    0x96, 0xf, 0x2e, 0xd, 0x44, 0xea, 0xf, 0x56,
    0x10, 0xff, 0xe3, 0xc6, 0x1f, 0xfc, 0x74, 0x41,
    0x44, 0xac, 0x21, 0xf9, 0x2, 0xc0, 0x5c, 0x1f,
    0xa2, 0x3, 0xe4, 0xfc, 0x1f, 0x90, 0xff, 0xef,
    0xe6, 0x6, 0x89, 0x58, 0x3f, 0xa2, 0x2, 0x80,
    0xb8, 0x3f, 0x91, 0x1f, 0x3, 0xf0, 0x7f, 0x90,
    0xf2, 0x1f, 0xfc, 0x74, 0x3f, 0xf8, 0x88, 0x6c,
    0xc3, 0xfc, 0xd3, 0xe, 0x44, 0x3f, 0xe5, 0x3,
    0x2, 0x21, 0xa0, 0xf3, 0x4f, 0x5, 0x13, 0xf2,
    0x61, 0xca, 0xd, 0x8, 0xbd, 0x21, 0xff, 0x4c,
    0xa, 0xc8, 0x7f, 0xf0, 0x0,

    /* U+90AC "邬" */
    0xf, 0x21, 0xff, 0xc8, 0xe0, 0xff, 0xe3, 0xa2,
    0x1e, 0xbf, 0xe0, 0xbd, 0xf, 0xe0, 0xff, 0xe1,
    0xaf, 0x7, 0xbf, 0x21, 0xcd, 0x70, 0x87, 0xe5,
    0x7, 0xff, 0x1d, 0x30, 0xff, 0xe3, 0xc2, 0x1e,
    0xbe, 0x20, 0xfc, 0x87, 0xda, 0xd0, 0x7c, 0x98,
    0x7c, 0xd4, 0x87, 0xf6, 0x1c, 0xd7, 0xc1, 0xe5,
    0xc1, 0xcb, 0xf0, 0x7d, 0x10, 0x5f, 0xf4, 0x1f,
    0xc8, 0x7f, 0xf2, 0x71, 0xc, 0xd3, 0x43, 0xff,
    0x82, 0xfd, 0x28, 0x3f, 0xf8, 0x18, 0x11, 0x57,
    0xc8, 0x7d, 0x79, 0x13, 0xa2, 0x1b, 0xf, 0x21,
    0x61, 0xfe, 0x43, 0xdf, 0x83, 0xd5, 0xb2, 0xf,
    0xfe, 0x22, 0xc2, 0x83, 0xff, 0x87, 0x7e, 0x83,
    0xff, 0x80,

    /* U+90B1 "邱" */
    0xf, 0xcd, 0xa1, 0xff, 0xc1, 0x55, 0xe9, 0x32,
    0xff, 0x82, 0xe8, 0x81, 0xb8, 0x43, 0xff, 0x81,
    0x7d, 0x21, 0xdf, 0x84, 0x39, 0xf, 0xfe, 0xc,
    0x61, 0xff, 0xc7, 0x44, 0x3f, 0xf8, 0xc8, 0x87,
    0xab, 0xf0, 0x76, 0x61, 0xe5, 0xfc, 0x1c, 0x88,
    0x7b, 0xf0, 0xf8, 0x3e, 0x43, 0xff, 0x8f, 0x90,
    0x7f, 0xf2, 0x22, 0xf, 0xfe, 0x3a, 0x21, 0xff,
    0xc8, 0x43, 0xff, 0xbe, 0x87, 0xf2, 0x34, 0x42,
    0xa6, 0x19, 0x7, 0xd0, 0x14, 0x19, 0x40, 0xca,
    0x7, 0x9a, 0x68, 0x5f, 0x81, 0xaa, 0xfd, 0x28,
    0x3f, 0xe6, 0x88, 0x7f, 0xf7, 0x0,

    /* U+90B5 "邵" */
    0x3f, 0xfc, 0xb, 0xfe, 0xf, 0xfe, 0x67, 0xc3,
    0xf2, 0x1d, 0xf8, 0x3c, 0x98, 0x48, 0x7f, 0xa0,
    0xd8, 0x87, 0xff, 0x2, 0x10, 0xc8, 0x7f, 0xf0,
    0x90, 0xe4, 0x42, 0x44, 0x3c, 0x90, 0x68, 0x9f,
    0x46, 0x1e, 0xc4, 0x2c, 0x85, 0xd2, 0x1f, 0x90,
    0xa8, 0x82, 0xa4, 0x3e, 0x88, 0x27, 0xaf, 0x90,
    0xfb, 0x20, 0x97, 0xf4, 0x1f, 0x94, 0x19, 0xfe,
    0xf, 0xf6, 0x21, 0xff, 0xc7, 0x43, 0xff, 0x92,
    0x87, 0xff, 0x19, 0x54, 0x10, 0xff, 0xe1, 0xb4,
    0x48, 0x33, 0xfc, 0x1e, 0x69, 0xe4, 0x39, 0x7e,
    0xe, 0x50, 0x7c, 0xd7, 0xc1, 0xff, 0xc1, 0xe0,
    0xff, 0xe3, 0x0,

    /* U+90B9 "邹" */
    0xc, 0xa0, 0xff, 0xe4, 0x50, 0x3f, 0xf8, 0xf1,
    0x7, 0xcd, 0x7c, 0x19, 0x2f, 0xd0, 0x35, 0xf8,
    0x2c, 0x5c, 0x1f, 0x7e, 0xc, 0x8d, 0x60, 0x41,
    0xf2, 0x43, 0x10, 0x51, 0x7, 0xec, 0x44, 0xc3,
    0x2c, 0x1f, 0x94, 0x13, 0x5b, 0x5, 0x3, 0xc9,
    0x84, 0xbc, 0x5, 0x83, 0xd8, 0x85, 0xff, 0x90,
    0xfe, 0x43, 0xff, 0x8f, 0x10, 0x7f, 0xf2, 0x22,
    0xf, 0xfe, 0x3a, 0x20, 0x7f, 0xe4, 0x3f, 0x90,
    0xcb, 0xf0, 0x7f, 0xb0, 0x9a, 0xf9, 0xf, 0xec,
    0x3f, 0xf8, 0xca, 0x90, 0xff, 0xe3, 0x51, 0x20,
    0x7f, 0xe4, 0x3d, 0x4f, 0x20, 0x5f, 0xc1, 0xf2,
    0x83, 0xab, 0xf2, 0x1f, 0xfc, 0x9b, 0xf, 0xf8,

    /* U+90CE "郎" */
    0xf, 0xfe, 0x6f, 0x83, 0xff, 0x8e, 0x88, 0x77,
    0xfd, 0x2, 0xa4, 0xac, 0x1f, 0xc8, 0x16, 0x9,
    0x60, 0x9f, 0xc2, 0x13, 0xfc, 0x87, 0xe8, 0xc3,
    0xff, 0x8c, 0x88, 0x4d, 0x72, 0x1f, 0xc8, 0x72,
    0xf0, 0x7e, 0x88, 0x33, 0xfc, 0x87, 0xc8, 0x7f,
    0xf7, 0x73, 0xc, 0xff, 0x21, 0xf9, 0x10, 0xcb,
    0xf0, 0x7d, 0x10, 0x4d, 0x47, 0x40, 0xfc, 0x87,
    0xe6, 0xf, 0xfe, 0x3c, 0x41, 0xff, 0xc8, 0x43,
    0xf2, 0x83, 0xcf, 0x3, 0xc, 0xfa, 0x21, 0x1e,
    0x1d, 0x10, 0x96, 0xb4, 0xc2, 0x78, 0x8c, 0x35,
    0x10, 0xa2, 0xe0, 0xdc, 0x1f, 0xf6, 0x87, 0xff,
    0x18,

    /* U+90DD "郝" */
    0xf, 0x50, 0x3f, 0xf9, 0xa, 0xf, 0x57, 0xc1,
    0xff, 0xc3, 0x5f, 0x80, 0xfe, 0x7, 0xe0, 0x9f,
    0x90, 0x97, 0x80, 0xb8, 0x3e, 0x50, 0x55, 0x81,
    0x58, 0x3c, 0x98, 0x7f, 0xf1, 0xf1, 0xf, 0xfe,
    0x3a, 0x82, 0xfe, 0x7, 0xf0, 0x64, 0xc2, 0x58,
    0xa, 0x2, 0xc1, 0xb0, 0xea, 0x92, 0x83, 0x50,
    0x68, 0x83, 0x68, 0x79, 0xc3, 0xd1, 0x1, 0xf,
    0xfe, 0x22, 0x20, 0xc4, 0x3c, 0x88, 0x7a, 0x11,
    0xf, 0xf6, 0x1f, 0xf4, 0x21, 0xe5, 0x7, 0xf4,
    0x20, 0x43, 0xb1, 0xc, 0xc0, 0x91, 0x30, 0xe7,
    0x41, 0xe8, 0x9, 0x10, 0x87, 0xfa, 0x55, 0x85,
    0x10, 0x7f, 0xcd, 0x10, 0xa5, 0xde, 0xf, 0xfe,
    0x23, 0x7, 0x41, 0xff, 0xc1, 0xa0, 0x1f, 0x83,
    0xb8, 0x3c,

    /* U+90E8 "部" */
    0xf, 0xfe, 0x7f, 0x83, 0xff, 0xa1, 0x7f, 0xc0,
    0xac, 0xe, 0xa4, 0x3f, 0xe5, 0xc1, 0x2c, 0x1b,
    0xf0, 0x83, 0x4f, 0xc3, 0xa1, 0xe4, 0xc2, 0xc4,
    0x36, 0x1f, 0xb1, 0x9, 0x30, 0x21, 0xfe, 0x43,
    0xe4, 0x18, 0x87, 0xf4, 0xa, 0x81, 0x44, 0xa8,
    0x3a, 0x10, 0x2c, 0x5, 0x1, 0x60, 0xff, 0x7f,
    0xff, 0x0, 0x3a, 0x30, 0xff, 0xe4, 0x42, 0x6,
    0xbf, 0x83, 0xe4, 0x82, 0x5f, 0xc1, 0xfc, 0x87,
    0x7f, 0x83, 0xff, 0xd2, 0xa0, 0xff, 0xe3, 0x7a,
    0x20, 0xdf, 0xe0, 0xf9, 0x56, 0x86, 0x5f, 0xb0,
    0xea, 0x21, 0xea, 0xf9, 0xf, 0xfe, 0x3, 0x87,
    0xff, 0x1c,

    /* U+90ED "郭" */
    0xf, 0x21, 0xff, 0xc9, 0xa0, 0x7f, 0xf2, 0x50,
    0xe7, 0xfe, 0x7, 0xf0, 0x3f, 0x41, 0xfe, 0x5f,
    0xfb, 0x5, 0xf2, 0x15, 0x7f, 0xc8, 0x79, 0x41,
    0x7f, 0xf2, 0x1e, 0x4c, 0x3a, 0xb9, 0xf, 0xd8,
    0x87, 0x2f, 0x61, 0xf9, 0x41, 0xef, 0xe8, 0x3e,
    0x4c, 0x35, 0x7f, 0x21, 0xd9, 0x86, 0x5f, 0xe0,
    0xf4, 0xb0, 0x1f, 0xff, 0x7, 0xa2, 0x2, 0xfe,
    0x2, 0x1f, 0x22, 0xa, 0xed, 0x28, 0x1f, 0x46,
    0x1e, 0xa3, 0xa1, 0xff, 0xc4, 0x50, 0x29, 0xa1,
    0xfc, 0xfe, 0x80, 0xb0, 0x7c, 0xe6, 0xba, 0x80,
    0xfc, 0x85, 0xe8, 0x9, 0x52, 0x83, 0xfd, 0x34,
    0xc2, 0x6a, 0xf, 0xf3, 0x28, 0x39, 0x63, 0xf,
    0xfe, 0x23, 0xf8, 0x3f, 0xf8, 0x60,

    /* U+90FD "都" */
    0xe, 0x43, 0xff, 0x93, 0x40, 0xff, 0xe7, 0x40,
    0xff, 0x80, 0xd4, 0x34, 0x5c, 0x12, 0xc1, 0xcb,
    0x1, 0x5c, 0x20, 0x6a, 0x42, 0x7e, 0x1f, 0x2,
    0xf, 0x94, 0x1f, 0xe4, 0x43, 0xc9, 0x87, 0xf6,
    0x61, 0xf6, 0x23, 0xf8, 0x70, 0x7c, 0x1c, 0x84,
    0xbe, 0x2, 0xf0, 0x64, 0x82, 0xac, 0x8d, 0x70,
    0x7b, 0xf, 0x63, 0x7, 0xf2, 0x21, 0xac, 0xf,
    0xe0, 0xfb, 0x20, 0x68, 0xbc, 0x1f, 0xe5, 0x8,
    0x9d, 0x70, 0x7f, 0x62, 0xb8, 0x3d, 0x87, 0xf2,
    0x61, 0xaf, 0xc8, 0x7f, 0xf1, 0x1a, 0xc8, 0x7e,
    0x73, 0xd, 0xae, 0xc3, 0xde, 0x80, 0x86, 0xd7,
    0x61, 0xe9, 0x56, 0x1c, 0xd6, 0x43, 0xcd, 0x10,
    0xf5, 0xfe, 0xf, 0xfe, 0x16, 0x87, 0xf7, 0x7,
    0x80,

    /* U+914D "配" */
    0x7f, 0xfd, 0x1f, 0xf4, 0x2e, 0x2, 0x5, 0x7,
    0xff, 0x2, 0xa5, 0x43, 0x51, 0xfe, 0xf, 0xfe,
    0x73, 0x45, 0x43, 0x40, 0xff, 0xe0, 0x6a, 0x2,
    0x5, 0x83, 0xff, 0x83, 0xab, 0x2c, 0x3f, 0xf9,
    0xad, 0x70, 0x7f, 0xf1, 0x25, 0xe0, 0xf9, 0xc3,
    0xfb, 0xfa, 0xc, 0x88, 0xd8, 0x7f, 0xf0, 0xe4,
    0x15, 0x7, 0xff, 0xf, 0x82, 0x50, 0x7f, 0xf0,
    0xeb, 0xe0, 0xff, 0x70, 0x4b, 0xf0, 0x7f, 0xf0,
    0xff, 0xe0, 0xff, 0xec, 0xd7, 0xc1, 0x21, 0xc9,
    0x84, 0xbf, 0x7, 0x7e, 0x84, 0x2f, 0xfc, 0x90,
    0x79, 0xf, 0xfe, 0x1f, 0xfa, 0x0,

    /* U+91C7 "采" */
    0xf, 0xfe, 0x32, 0x83, 0xf2, 0xea, 0xbf, 0xa8,
    0x15, 0xfa, 0xb2, 0xc1, 0x2a, 0x81, 0x6b, 0xab,
    0xbf, 0xa8, 0x21, 0x37, 0xa5, 0xb8, 0x3d, 0x44,
    0x3a, 0x81, 0xa3, 0xe, 0x44, 0x39, 0x20, 0xc8,
    0x85, 0x90, 0x7a, 0x14, 0x14, 0x60, 0x85, 0x7,
    0xd9, 0x6, 0xe0, 0x24, 0x1f, 0xd6, 0x17, 0x82,
    0xe0, 0xff, 0x21, 0xfe, 0x43, 0xdf, 0xfc, 0xf,
    0xfe, 0x2, 0xfe, 0xc, 0xbf, 0x81, 0x5f, 0x7,
    0xab, 0xe0, 0xfd, 0x28, 0xa, 0x83, 0xff, 0x83,
    0xaa, 0x4, 0xac, 0x3f, 0xce, 0x30, 0x69, 0x34,
    0x3e, 0xa0, 0xc1, 0xea, 0x14, 0xd, 0x69, 0x40,
    0xfc, 0xe3, 0xc2, 0x87, 0x43, 0xfe, 0xd1, 0x77,
    0x7, 0xff, 0xa, 0xd4, 0x41, 0xff, 0xc6, 0x80,

    /* U+91CC "里" */
    0xf, 0xfe, 0x65, 0xff, 0xfc, 0x40, 0xf9, 0x7c,
    0x5, 0xe0, 0xfe, 0xaf, 0xd, 0x72, 0x1f, 0xfd,
    0x2a, 0xf0, 0xd7, 0x21, 0xf9, 0x7c, 0x5, 0xe0,
    0xfe, 0xff, 0xf, 0xf2, 0x1f, 0xfe, 0x8f, 0xf0,
    0xff, 0x21, 0xed, 0x7c, 0x12, 0xfc, 0x1c, 0xd7,
    0xb1, 0xaf, 0x83, 0xff, 0x9f, 0x5f, 0x86, 0xbe,
    0x43, 0x2f, 0xe0, 0x2f, 0xd8, 0x6f, 0xfc, 0x3f,
    0xf4, 0x1f, 0xfe, 0x2f, 0xff, 0xf, 0xff, 0x32,
    0xff, 0xf2, 0x40,

    /* U+91CD "重" */
    0xf, 0xf2, 0xfa, 0xb0, 0x6b, 0xfe, 0xaf, 0x2e,
    0xd, 0xb5, 0xe0, 0x5f, 0xf0, 0x66, 0x5f, 0x84,
    0x3f, 0xdf, 0xfc, 0x9f, 0xfd, 0x15, 0xfc, 0x6,
    0xbf, 0x62, 0xff, 0x89, 0x7f, 0x82, 0xff, 0x93,
    0xfe, 0x43, 0xea, 0xe0, 0x57, 0x21, 0xfc, 0xbe,
    0x17, 0xb0, 0xfe, 0xfe, 0x4f, 0xe8, 0x3f, 0xab,
    0x81, 0x5c, 0x87, 0xf2, 0xf8, 0x5e, 0xc3, 0xfb,
    0xf9, 0x3f, 0xa0, 0xfa, 0xbe, 0x5, 0x7c, 0x87,
    0x2f, 0xe1, 0x7e, 0xe, 0x5f, 0xe2, 0x5f, 0x83,
    0x75, 0xf0, 0x1a, 0xf8, 0x35, 0xff, 0x27, 0xfe,
    0x9, 0x7f, 0xc2, 0xff, 0x8a, 0xfe, 0x5, 0x7f,
    0x60,

    /* U+91CF "量" */
    0x9, 0x7f, 0xf8, 0x61, 0xe6, 0xbf, 0xf8, 0x78,
    0x7c, 0xff, 0xff, 0x0, 0x3f, 0x9f, 0xff, 0xe0,
    0x7, 0xf5, 0xff, 0xfc, 0x0, 0xfe, 0xbf, 0xff,
    0x80, 0x1f, 0x3f, 0xff, 0xc4, 0x9, 0x7f, 0xf9,
    0x25, 0x7f, 0xf2, 0x5f, 0xff, 0xe4, 0xa0, 0x7f,
    0xff, 0x88, 0x1f, 0x5f, 0xc3, 0xfc, 0x1f, 0xd7,
    0xf0, 0xff, 0x7, 0xf3, 0x5c, 0x35, 0xc1, 0xfe,
    0x5c, 0x12, 0xf0, 0x7f, 0x3f, 0xa1, 0xfe, 0xf,
    0x9f, 0xf8, 0x7f, 0xe0, 0xef, 0xfc, 0x3f, 0xf4,
    0x1a, 0xbf, 0xd, 0x7e, 0x9, 0xf, 0xfe, 0x2a,
    0x8a, 0xff, 0xd, 0x7f, 0x0,

    /* U+91D1 "金" */
    0xf, 0xfe, 0xa7, 0xa0, 0xff, 0xe3, 0x60, 0x50,
    0x7f, 0xf1, 0x32, 0xc9, 0xf, 0xfe, 0xb, 0x92,
    0x65, 0x3, 0xfe, 0xa1, 0x21, 0x63, 0x87, 0xe7,
    0x4d, 0xe, 0xd3, 0x83, 0x3c, 0x38, 0x7e, 0xa0,
    0xf0, 0x21, 0x9f, 0xff, 0x54, 0x30, 0xf2, 0xf8,
    0xb, 0xc3, 0xd0, 0x82, 0xae, 0x4a, 0xe4, 0x8,
    0x7f, 0xf3, 0x6b, 0xf2, 0x57, 0xe0, 0xcb, 0xf8,
    0xb, 0xf8, 0x37, 0xaf, 0xe4, 0xfe, 0xbc, 0x1e,
    0xb0, 0xff, 0x54, 0x1f, 0x24, 0x1f, 0x94, 0x41,
    0xf4, 0xb0, 0x7d, 0x18, 0x7f, 0x44, 0x1e, 0x88,
    0x3f, 0xef, 0x7, 0xa8, 0x87, 0xbf, 0xf9, 0x3e,
    0xbf, 0x91, 0x7f, 0xf9, 0x0,

    /* U+949F "钟" */
    0xf, 0xfe, 0x67, 0x7, 0xf7, 0x7, 0xc9, 0x87,
    0xf9, 0xf, 0xa1, 0xf, 0xfe, 0x47, 0xe4, 0x3f,
    0xf8, 0x30, 0xd6, 0x7f, 0x81, 0xfc, 0x2a, 0x5c,
    0x12, 0xc0, 0x58, 0x11, 0x7, 0xea, 0x81, 0x52,
    0x15, 0x72, 0x1f, 0xfc, 0x1a, 0x2f, 0x61, 0xff,
    0xc2, 0x74, 0xf4, 0x1f, 0xfd, 0x94, 0x3f, 0xf8,
    0xaf, 0x81, 0xf0, 0x55, 0x2, 0xa4, 0x68, 0xa,
    0x82, 0x58, 0xb, 0x4, 0xb0, 0xb1, 0xfc, 0xf,
    0xe0, 0xff, 0xf2, 0x38, 0x7f, 0xf1, 0xa8, 0x1f,
    0xfc, 0x54, 0x56, 0x1f, 0xfc, 0x34, 0x14, 0xf,
    0xfe, 0x23, 0x68, 0x7f, 0xf0, 0xc0,

    /* U+94B1 "钱" */
    0xd, 0x7, 0x98, 0x3f, 0xf8, 0x12, 0x1e, 0xd0,
    0x68, 0x7e, 0x50, 0x7f, 0x9a, 0x7, 0xa0, 0x54,
    0x16, 0x24, 0xb0, 0x72, 0x2e, 0xf, 0xd4, 0x43,
    0x45, 0xf8, 0x3b, 0xa7, 0x79, 0x2, 0x21, 0xde,
    0x85, 0x80, 0xb1, 0x10, 0x7c, 0xa1, 0xfd, 0x40,
    0x65, 0xfc, 0x74, 0xf, 0xf3, 0xa0, 0x58, 0x3f,
    0xcd, 0x2, 0xa1, 0x50, 0x48, 0xfe, 0x94, 0x1f,
    0xcf, 0xa0, 0xca, 0xbc, 0x1b, 0xc, 0xb4, 0x9e,
    0xa0, 0x82, 0xf2, 0x7c, 0x51, 0xc3, 0x34, 0x6,
    0xa0, 0x2c, 0x1e, 0x46, 0x30, 0x35, 0x15, 0x6,
    0x4e, 0x86, 0x1f, 0xfc, 0x55, 0xb1, 0xc3, 0xf2,
    0x1a, 0x3, 0x7, 0xf9, 0xe1, 0xb5, 0x8, 0x50,
    0x76, 0x44, 0x4a, 0xe8, 0x62, 0x21, 0x91, 0xd2,
    0xe0, 0x28, 0xe2, 0xd, 0x70, 0x48, 0x74, 0x82,
    0x0,

    /* U+94FE "链" */
    0xd, 0xa1, 0xfe, 0x83, 0xf9, 0xc, 0xe1, 0xd2,
    0x1f, 0xd8, 0x81, 0x10, 0xc8, 0x7f, 0x92, 0xa0,
    0x45, 0x40, 0xae, 0x9, 0x2, 0xc4, 0x12, 0x80,
    0xb8, 0x34, 0x7e, 0x12, 0x9a, 0x7f, 0x40, 0x88,
    0x3d, 0x40, 0x28, 0x43, 0xc8, 0x87, 0x90, 0xd9,
    0x21, 0xd1, 0xfa, 0xe, 0x84, 0x3f, 0x30, 0x75,
    0xe4, 0x43, 0xfe, 0x72, 0xe0, 0xb0, 0xbc, 0x5e,
    0x43, 0xfa, 0xc2, 0x58, 0x25, 0x7, 0xff, 0xe,
    0xac, 0xa9, 0x5, 0xe2, 0xf0, 0x7f, 0xf1, 0x35,
    0x1, 0x41, 0xf9, 0xf, 0x9a, 0x15, 0x6, 0xbe,
    0x8b, 0xe0, 0xff, 0xe0, 0xeb, 0x85, 0xc1, 0xff,
    0xc1, 0x6b, 0x1d, 0x41, 0xf3, 0x90, 0x87, 0xff,
    0x12, 0x8c, 0xa3, 0x43, 0xff, 0x80, 0x82, 0xd2,
    0x85, 0xe9, 0xea, 0xf, 0x68, 0x31, 0xd0, 0x2f,
    0x83, 0x38, 0x1c, 0x35, 0xff, 0x80,

    /* U+9501 "锁" */
    0xf, 0xfe, 0x12, 0x83, 0xfd, 0xe0, 0xfe, 0xa0,
    0x7f, 0xc8, 0x4e, 0x87, 0xeb, 0xd, 0x2, 0xa4,
    0x83, 0xe5, 0x83, 0x22, 0xe3, 0x30, 0xe6, 0x20,
    0x92, 0xfc, 0x8, 0x83, 0x46, 0x1a, 0x50, 0x79,
    0xa0, 0x6f, 0x6, 0x48, 0x3c, 0xa1, 0x40, 0x5e,
    0x2, 0x7f, 0x25, 0x70, 0x2b, 0x61, 0x48, 0x16,
    0xa, 0xbf, 0x7, 0x30, 0xd0, 0x32, 0xd8, 0xb0,
    0x7f, 0xf1, 0x98, 0x3f, 0x50, 0x6a, 0xf, 0xfe,
    0x1a, 0xc0, 0x58, 0x3f, 0xf8, 0x6f, 0x87, 0xe0,
    0xf9, 0xf, 0xfe, 0x42, 0x1f, 0xfc, 0xac, 0x43,
    0xff, 0x82, 0xa3, 0xc0, 0x41, 0xa7, 0x7, 0x9a,
    0x83, 0x65, 0xa, 0x7, 0xf2, 0xb0, 0x58, 0xb6,
    0x3a, 0x19, 0x5, 0xb, 0x4a, 0x5, 0xa5, 0x2,
    0x56, 0x92, 0x3a, 0x1d, 0x41, 0xd, 0x5, 0x4e,
    0xf, 0xcf, 0x80,

    /* U+9519 "错" */
    0x9, 0xf, 0xfe, 0x4d, 0x3, 0xde, 0xd, 0xc1,
    0xc9, 0x87, 0xff, 0x1e, 0x10, 0xff, 0x90, 0xfe,
    0xfc, 0xf8, 0x1f, 0x43, 0xe4, 0x85, 0xf5, 0x1,
    0x58, 0x14, 0x46, 0xbc, 0x28, 0xb, 0x85, 0x84,
    0x43, 0xff, 0x8e, 0x9f, 0xc5, 0x40, 0xac, 0x35,
    0x10, 0x79, 0x60, 0x2e, 0x2, 0xc3, 0x83, 0xc7,
    0xff, 0xf0, 0x83, 0xff, 0xa6, 0xd7, 0xf9, 0x1f,
    0x3, 0xe3, 0x5f, 0xf0, 0x16, 0x2, 0xc1, 0x7f,
    0xd0, 0x6a, 0x2, 0xa0, 0xff, 0xe6, 0xff, 0xd0,
    0x7f, 0xf0, 0x97, 0xf0, 0x7f, 0x58, 0x55, 0xf6,
    0x1f, 0xb4, 0x3f, 0xf9, 0x36, 0x17, 0xfd, 0x7,
    0xce, 0x86, 0x5f, 0xc1, 0xee, 0xf, 0x57, 0xd8,
    0x7f, 0xf0, 0x2c, 0x3e, 0x74,

    /* U+952E "键" */
    0x9, 0xf, 0xf9, 0xf, 0xd4, 0xf, 0xfa, 0x81,
    0xf2, 0x1a, 0xb0, 0x7f, 0xf0, 0x90, 0x97, 0xbe,
    0x1f, 0x90, 0x43, 0xe7, 0xc8, 0xfc, 0x3c, 0x19,
    0x55, 0x20, 0x50, 0x7c, 0x84, 0x92, 0xc0, 0x89,
    0xf8, 0x7c, 0x54, 0x1f, 0x30, 0xd4, 0x32, 0x3c,
    0x7e, 0x31, 0x2, 0xc0, 0x63, 0x54, 0x5, 0x5,
    0xe1, 0x60, 0x30, 0x65, 0x14, 0xf, 0x54, 0x32,
    0x1f, 0xef, 0x40, 0xf8, 0x7e, 0x45, 0x85, 0xa3,
    0x2, 0xc0, 0x5c, 0x70, 0x29, 0xa1, 0xaa, 0x1a,
    0xb2, 0xd3, 0xd0, 0xb1, 0xf0, 0xfd, 0x7, 0xe6,
    0x30, 0xff, 0xe3, 0x60, 0x6f, 0x87, 0xf0, 0x7e,
    0x42, 0xea, 0x1a, 0xc1, 0xed, 0x81, 0x2e, 0x2,
    0xe0, 0xec, 0xa, 0x9d, 0x5, 0x87, 0xc8, 0xf1,
    0x31, 0x7a, 0x9f, 0x90, 0x34, 0x48, 0xf, 0x2f,
    0xf0, 0x24, 0x74, 0x33, 0x5f, 0x80,

    /* U+957F "长" */
    0xf, 0xfe, 0x77, 0x83, 0xfe, 0x43, 0xff, 0x91,
    0x50, 0x7f, 0xf1, 0x5d, 0x30, 0xff, 0xe1, 0xbc,
    0x3a, 0x1f, 0xfc, 0x1b, 0x87, 0x83, 0xff, 0x83,
    0x68, 0xf0, 0x7f, 0xf0, 0xd1, 0xe0, 0xff, 0xe2,
    0xdc, 0x1f, 0xfc, 0x74, 0x3f, 0xf8, 0x37, 0xc0,
    0xff, 0xfe, 0x18, 0x7f, 0xf2, 0xef, 0x81, 0xf9,
    0x2f, 0xfc, 0x1f, 0xf4, 0x41, 0xff, 0xc8, 0x48,
    0x3f, 0xf8, 0xf0, 0xa0, 0xff, 0xe3, 0xe4, 0x87,
    0xff, 0x1e, 0x24, 0x3f, 0xf8, 0x4f, 0xc, 0x58,
    0x7f, 0xd7, 0x18, 0x1c, 0x1c, 0x1f, 0xb4, 0xb4,
    0x37, 0xe, 0x19, 0x3, 0x68, 0x7c, 0xf4, 0xc,
    0xae, 0x43, 0xfe, 0x50,

    /* U+95E8 "门" */
    0x2, 0x1f, 0xfc, 0x66, 0x81, 0xff, 0xc7, 0x50,
    0x2b, 0xff, 0x80, 0x6, 0x24, 0x5f, 0xfe, 0x0,
    0x4a, 0x23, 0xff, 0xc8, 0x74, 0xc1, 0xff, 0xc3,
    0xa1, 0x21, 0xff, 0xc3, 0x50, 0x7f, 0xff, 0xc3,
    0xff, 0xfe, 0x1f, 0xff, 0xf0, 0xfe, 0x43, 0xff,
    0xac, 0xfe, 0xf, 0xfe, 0x4c, 0x1f, 0xfc, 0x17,
    0xf9, 0x0,

    /* U+95ED "闭" */
    0xf, 0xfe, 0x57, 0x7, 0xff, 0x1d, 0x81, 0xff,
    0xfc, 0x8, 0x18, 0xc1, 0xff, 0xc1, 0x42, 0xc5,
    0x7f, 0xfc, 0x1e, 0xd4, 0x1d, 0xc1, 0xf7, 0x2,
    0xf, 0x90, 0xff, 0xe9, 0x3f, 0xf0, 0x3e, 0xf,
    0xcb, 0xc1, 0x96, 0xf, 0x9a, 0xe0, 0xd5, 0x7,
    0xff, 0x1, 0x10, 0xff, 0xe2, 0x33, 0x7, 0xff,
    0x12, 0x20, 0xff, 0xe1, 0xb9, 0x87, 0xff, 0xd,
    0x88, 0x3f, 0xf8, 0x74, 0x24, 0x3f, 0xf8, 0x4a,
    0x24, 0x3f, 0xf8, 0x6a, 0xd0, 0xc8, 0x87, 0xfa,
    0x3, 0xf4, 0x61, 0xc8, 0x7c, 0xbd, 0x1f, 0x83,
    0xfd, 0x59, 0x41, 0x98, 0x3f, 0xf8, 0x5f, 0xa0,

    /* U+95EE "问" */
    0xf, 0xfe, 0x4b, 0x87, 0xff, 0x1b, 0x30, 0xaf,
    0xff, 0xa2, 0x4c, 0x8, 0x7f, 0xf0, 0xa0, 0x67,
    0xff, 0xc1, 0xd9, 0x7, 0xff, 0xf, 0x8d, 0xf,
    0xfe, 0x45, 0x7e, 0x43, 0xfe, 0x5f, 0xd8, 0x7f,
    0xf0, 0x1f, 0xe0, 0xff, 0xff, 0x87, 0xff, 0x6d,
    0xfe, 0xf, 0xfe, 0xaf, 0xfe, 0x83, 0xff, 0xbc,
    0x87, 0xff, 0xf, 0xf4, 0x61, 0xff, 0xc6, 0x50,
    0x7f, 0xf0, 0x7f, 0xa0,

    /* U+95F4 "间" */
    0xf, 0xfe, 0x4b, 0xa1, 0xff, 0xc7, 0x90, 0x7f,
    0xff, 0x2, 0x18, 0x90, 0xff, 0xe2, 0x28, 0x8f,
    0xff, 0x83, 0xa5, 0x7, 0xff, 0xe, 0x4a, 0x7,
    0xff, 0xd, 0xc2, 0xff, 0xd0, 0x7f, 0xf0, 0x57,
    0x83, 0xff, 0x84, 0xd7, 0x7, 0xff, 0xa9, 0xfe,
    0xf, 0xfe, 0x1a, 0xf0, 0x7f, 0xf0, 0x9a, 0xe0,
    0xff, 0xf5, 0x3f, 0xc1, 0xff, 0xc1, 0x5f, 0xc1,
    0xff, 0xc0, 0xaf, 0xe0, 0x21, 0xff, 0xc3, 0x7e,
    0x8c, 0x3f, 0xf8, 0xca, 0xf, 0xfe, 0xb, 0xfa,
    0x0,

    /* U+95F5 "闵" */
    0xf, 0xfe, 0x4b, 0xa1, 0xff, 0xc7, 0x90, 0x57,
    0xff, 0x4, 0x72, 0x82, 0xff, 0xf0, 0x3, 0x61,
    0x7f, 0xfc, 0x17, 0x1c, 0x17, 0x83, 0xff, 0x8c,
    0x87, 0xff, 0x1f, 0x10, 0xff, 0xe0, 0x7f, 0x45,
    0xfc, 0x1f, 0x2f, 0xf0, 0x18, 0x3e, 0xaf, 0xd8,
    0xc8, 0x7e, 0x78, 0x34, 0x41, 0xfe, 0x47, 0x2,
    0x21, 0xff, 0xc0, 0xd3, 0x62, 0xf, 0xfe, 0xd,
    0x8, 0xc3, 0xff, 0x8f, 0x7, 0xff, 0xa, 0x84,
    0x30, 0x7f, 0xce, 0x9b, 0x8e, 0x1f, 0xdc, 0x38,
    0x5a, 0x21, 0xfc, 0xf0, 0x75, 0x11, 0xf, 0x70,
    0x7c, 0xde, 0x83, 0xff, 0x86, 0x86, 0x60,

    /* U+9605 "阅" */
    0xf, 0xfe, 0x4e, 0x1f, 0xfc, 0x8c, 0x26, 0xbf,
    0xf8, 0x9, 0x18, 0x35, 0xff, 0xe0, 0x63, 0x11,
    0x7f, 0xfc, 0x19, 0x59, 0xa1, 0xb4, 0x3d, 0x64,
    0x82, 0xa, 0xf, 0xfe, 0x16, 0x22, 0xa4, 0x3f,
    0xd7, 0x8b, 0x8b, 0xc1, 0xff, 0x57, 0xc1, 0xff,
    0xc1, 0x5f, 0xc1, 0xff, 0xd4, 0x43, 0xff, 0x8f,
    0x7f, 0x90, 0xff, 0x5e, 0x1d, 0x2f, 0x7, 0xff,
    0x7, 0x31, 0x2, 0x1f, 0xe4, 0x43, 0xd2, 0x1f,
    0xd0, 0x7f, 0xf1, 0xb2, 0xd, 0x50, 0x7e, 0xb1,
    0x40, 0x45, 0xe0, 0xf6, 0x30, 0x6f, 0xd0, 0x58,
    0x4f, 0x7, 0xcd, 0x58, 0x7f, 0xf1, 0x16, 0x14,

    /* U+961F "队" */
    0xf, 0xfe, 0xaf, 0x7, 0xd7, 0xfc, 0x1f, 0xfd,
    0x8f, 0xc2, 0x1f, 0xfc, 0x68, 0x83, 0xff, 0x8c,
    0x87, 0xff, 0x1d, 0x20, 0xc8, 0x87, 0xfd, 0x88,
    0x7f, 0xf1, 0x90, 0xff, 0xe4, 0x66, 0x1b, 0x2,
    0x1f, 0xf2, 0x21, 0x20, 0xc3, 0xfe, 0x88, 0x3c,
    0x87, 0xff, 0x11, 0x24, 0x43, 0xfe, 0x42, 0x86,
    0x30, 0xff, 0x90, 0x21, 0xc8, 0x7c, 0xfc, 0x24,
    0x40, 0x8c, 0x3c, 0xba, 0x88, 0x10, 0x20, 0x43,
    0xd5, 0x24, 0x61, 0xa2, 0x43, 0xfb, 0x20, 0xe5,
    0x10, 0x7e, 0xc5, 0x7, 0xa0, 0x61, 0xec, 0x10,
    0x7e, 0xc0, 0x87, 0x66, 0x1f, 0xed, 0x56, 0x1b,
    0xf, 0xfe, 0x4, 0x0,

    /* U+962E "阮" */
    0xf, 0xfe, 0x4f, 0xfc, 0x35, 0xfe, 0xc, 0xb0,
    0x5a, 0xff, 0x83, 0x54, 0x25, 0xff, 0xe0, 0xf2,
    0x61, 0xff, 0xc6, 0xc4, 0x3f, 0xf8, 0xc8, 0x7f,
    0xf2, 0x60, 0xff, 0xe3, 0x22, 0x7f, 0xff, 0x5,
    0x9, 0x31, 0xf, 0xfe, 0x2c, 0x37, 0x87, 0xc9,
    0xf9, 0xc, 0x98, 0x7f, 0xf1, 0xd4, 0x1f, 0xfc,
    0xb4, 0xc3, 0xff, 0x84, 0x87, 0xff, 0x6, 0xa,
    0xf0, 0x83, 0x10, 0xf9, 0x40, 0xc0, 0xc0, 0x43,
    0xff, 0x82, 0xfa, 0x2, 0x21, 0xff, 0xc6, 0x88,
    0x3e, 0x43, 0xf3, 0x90, 0x6c, 0xe8, 0x21, 0xe8,
    0x50, 0x65, 0x8, 0x87, 0xd3, 0x7, 0xaf, 0xa0,

    /* U+9633 "阳" */
    0x17, 0xc1, 0xff, 0xc1, 0xaf, 0x92, 0xbf, 0xc1,
    0x2c, 0x19, 0x7f, 0xc1, 0x54, 0x88, 0x1f, 0xf2,
    0x1f, 0x28, 0x3f, 0xf8, 0xa9, 0x87, 0xff, 0x17,
    0x10, 0xff, 0xe2, 0xa1, 0xff, 0xc8, 0x43, 0xff,
    0x8c, 0xb0, 0x4f, 0xf9, 0xf, 0x44, 0x1f, 0xfc,
    0x64, 0x33, 0xfe, 0x43, 0xec, 0x43, 0xff, 0x8f,
    0x87, 0xff, 0x67, 0x30, 0xff, 0xe1, 0x5e, 0x44,
    0x3f, 0xf8, 0x58, 0x1c, 0x3f, 0xf8, 0x6f, 0xa0,
    0xcf, 0xf9, 0xf, 0xfe, 0xa, 0xf8, 0x3f, 0xf8,
    0x2d, 0x79, 0xf, 0xfe, 0x50,

    /* U+963B "阻" */
    0xf, 0xfe, 0x4d, 0xfe, 0x7, 0xff, 0x41, 0xca,
    0xf, 0x2f, 0x83, 0xdd, 0x3, 0x9a, 0xf0, 0x7f,
    0x90, 0xff, 0xe3, 0x24, 0x1f, 0xfc, 0x6c, 0x3f,
    0xf9, 0xa, 0xc, 0xff, 0x83, 0xe4, 0xc3, 0x97,
    0xc1, 0xf2, 0x41, 0x9a, 0xf0, 0x7e, 0x84, 0x3f,
    0xf8, 0xc9, 0x87, 0xff, 0x1d, 0x41, 0xff, 0xcc,
    0x7f, 0xc1, 0xff, 0xc3, 0x5f, 0x7, 0xe5, 0x6,
    0x6b, 0xc1, 0xe7, 0x84, 0x3f, 0xf8, 0x8b, 0x50,
    0x3f, 0xf8, 0xb4, 0x43, 0xff, 0x93, 0xf0, 0xff,
    0x87, 0x83, 0xcb, 0xff, 0xc2, 0xc3, 0xd5, 0xff,
    0xc2, 0x40,

    /* U+964D "降" */
    0xf, 0xf9, 0xf, 0xfe, 0x45, 0x87, 0xe7, 0xfa,
    0xa, 0x20, 0xfd, 0x87, 0xe5, 0x17, 0xf8, 0x37,
    0xc1, 0x31, 0x5e, 0xf, 0xc9, 0x30, 0x35, 0xd1,
    0x87, 0xb0, 0x44, 0xa8, 0x19, 0x7, 0xca, 0x19,
    0x95, 0x64, 0x87, 0x93, 0x24, 0x10, 0x8a, 0xf,
    0xb1, 0x9, 0xb1, 0x1e, 0xf, 0xf5, 0xca, 0xee,
    0x1f, 0x21, 0x44, 0x2a, 0xe2, 0x8f, 0xa4, 0x39,
    0x47, 0x21, 0x28, 0x26, 0x43, 0x43, 0x7f, 0x3,
    0xf8, 0x3f, 0x75, 0xc0, 0xae, 0xf, 0xb6, 0x8b,
    0x1, 0x78, 0x33, 0x1a, 0x41, 0xff, 0xc1, 0x64,
    0x73, 0xa8, 0x15, 0xc1, 0x34, 0xc2, 0x5c, 0x5,
    0xe0, 0xca, 0x5, 0xfc, 0xf, 0xe0, 0xff, 0xfa,
    0x58, 0x7f, 0xde, 0xf, 0x0,

    /* U+9650 "限" */
    0xf, 0xfe, 0x4d, 0xfe, 0x2f, 0xfe, 0x83, 0x2c,
    0x1c, 0xbf, 0x7, 0xaa, 0x10, 0xab, 0xe0, 0xfc,
    0x98, 0x7f, 0xf1, 0xb1, 0xa, 0xbe, 0xf, 0xca,
    0xc, 0xbf, 0x7, 0xc9, 0x86, 0xff, 0x83, 0xff,
    0xa0, 0x98, 0x7f, 0xf1, 0xd4, 0x1b, 0xfe, 0xf,
    0xd1, 0x4, 0xa0, 0x2e, 0xc3, 0xff, 0x81, 0x44,
    0xad, 0x87, 0xca, 0xe, 0xc4, 0x1b, 0x7, 0x90,
    0xf2, 0x4e, 0x50, 0x26, 0x82, 0x1e, 0x88, 0xd0,
    0xda, 0x88, 0x3c, 0x82, 0xf, 0x5f, 0x7, 0xcc,
    0x48, 0x7f, 0xf0, 0x9e, 0x62, 0x81, 0xff, 0xc0,
    0xe2, 0x18, 0x74, 0x3f, 0x20, 0x74, 0xe, 0x88,
    0x7f, 0x3c, 0x1e, 0xb2, 0xc3, 0xdc, 0x1f, 0xf0,

    /* U+9662 "院" */
    0xf, 0xfe, 0xa, 0x1f, 0xfc, 0x76, 0x43, 0xd7,
    0xf4, 0x1c, 0x90, 0x7e, 0x58, 0xd, 0x70, 0x2b,
    0x82, 0xa8, 0xf2, 0xf0, 0x17, 0x83, 0x91, 0x7,
    0xff, 0x21, 0xec, 0x3f, 0xf8, 0x38, 0x79, 0x47,
    0x7, 0xf3, 0x7, 0xb1, 0x5f, 0xfd, 0x21, 0x91,
    0x9, 0x7f, 0x83, 0xc8, 0x85, 0x5f, 0xe0, 0xf3,
    0x7, 0xff, 0x1f, 0x15, 0x5f, 0xfc, 0x4, 0x32,
    0x79, 0x7f, 0xf8, 0x1, 0xfa, 0xf2, 0x7a, 0x2f,
    0x90, 0xf2, 0x12, 0x1c, 0x87, 0xe8, 0x43, 0xff,
    0x89, 0x69, 0x86, 0x43, 0xeb, 0x4, 0xa9, 0x4,
    0x61, 0xf9, 0xa, 0x88, 0x24, 0x43, 0x20, 0x43,
    0xf4, 0x98, 0x75, 0x30, 0xfd, 0xa4, 0x19, 0x42,
    0x8, 0x3f, 0x68, 0x75, 0xf8, 0xb0, 0xde, 0xf,
    0xfe, 0x8,

    /* U+9664 "除" */
    0xf, 0xfe, 0x7, 0xa0, 0xf3, 0x5c, 0x86, 0x40,
    0x87, 0xb5, 0xec, 0x34, 0x66, 0x1f, 0x7c, 0x1d,
    0x19, 0x10, 0x7e, 0x48, 0x12, 0x80, 0xb4, 0x1f,
    0x61, 0x4a, 0x82, 0x95, 0x87, 0x94, 0x49, 0x7,
    0x49, 0x86, 0x4e, 0x51, 0xff, 0x8, 0x85, 0x8c,
    0xcb, 0x1, 0x6e, 0x88, 0x58, 0x91, 0x58, 0xa9,
    0x10, 0xc9, 0x7, 0xff, 0x1e, 0x5, 0x78, 0xeb,
    0x83, 0x91, 0x7c, 0x12, 0xf0, 0x7d, 0xfe, 0x8f,
    0xf0, 0x7f, 0x38, 0x7b, 0xf, 0xc8, 0x50, 0x7e,
    0xc3, 0xae, 0x24, 0x83, 0xd1, 0x6, 0x95, 0x90,
    0x87, 0x97, 0x6, 0xa1, 0x98, 0x58, 0x68, 0x83,
    0xf4, 0x54, 0x87, 0x61, 0xfb, 0x40, 0xa1, 0xe,
    0xc3, 0xfd, 0x7d, 0x7, 0xc0,

    /* U+9676 "陶" */
    0xf, 0xe5, 0x7, 0xff, 0x1a, 0x81, 0xfd, 0x7f,
    0x22, 0x21, 0xff, 0x51, 0xa, 0x1f, 0xfd, 0x1,
    0x40, 0x50, 0x17, 0xf0, 0x79, 0x4, 0x57, 0xf0,
    0x7d, 0x42, 0x98, 0x7f, 0xf0, 0x11, 0xa2, 0xa,
    0xe0, 0xfb, 0x9, 0x80, 0xbc, 0x1f, 0x21, 0x2a,
    0xc7, 0xe0, 0xfa, 0xe, 0x43, 0xff, 0x82, 0x90,
    0xe1, 0xff, 0xc3, 0x51, 0xf8, 0x7f, 0x7, 0xd8,
    0xbc, 0x5, 0xc1, 0xf2, 0xa, 0xc3, 0x58, 0x3e,
    0x40, 0xe1, 0xce, 0x1f, 0x30, 0x87, 0xff, 0xe,
    0x81, 0xff, 0xc6, 0xab, 0xb, 0xc3, 0xc1, 0xb0,
    0x94, 0x5, 0xfe, 0x10, 0xff, 0x57, 0x60, 0xa0,
    0x7f, 0xf0, 0xf5, 0x85, 0x7, 0xff, 0x6, 0xfd,
    0x0,

    /* U+9694 "隔" */
    0xf, 0xfe, 0x4d, 0xfc, 0x5f, 0xff, 0xc0, 0x40,
    0xb0, 0x3a, 0xff, 0xe0, 0x20, 0xa0, 0x4b, 0xff,
    0xc1, 0xe, 0x50, 0x2f, 0xfe, 0x83, 0xec, 0x35,
    0x7c, 0x1f, 0x22, 0x19, 0x7e, 0xf, 0xb0, 0xf2,
    0xfc, 0x1f, 0x28, 0x3a, 0xbe, 0xf, 0x94, 0x15,
    0xff, 0xd0, 0x74, 0x43, 0x5f, 0xf2, 0x1c, 0xa3,
    0x5f, 0xfa, 0xe, 0xc3, 0x7a, 0xfa, 0xf2, 0x1e,
    0x44, 0x26, 0xa, 0x43, 0xff, 0x84, 0x91, 0x88,
    0x7e, 0x84, 0x26, 0xe2, 0x43, 0xd6, 0x86, 0x6a,
    0x4a, 0x21, 0xd5, 0x61, 0x3e, 0x8b, 0xc8, 0x79,
    0x41, 0xfc, 0x87, 0xff, 0x25, 0x70, 0x7f, 0xf1,
    0x7a, 0x10, 0x7e, 0xb0, 0x9c, 0xbe, 0x40,

    /* U+96BE "难" */
    0xf, 0xf9, 0xf, 0xfe, 0x43, 0x20, 0xe0, 0xff,
    0xe1, 0xe2, 0x5, 0x7, 0xbf, 0xe0, 0x21, 0xb1,
    0xe, 0x5e, 0x9, 0x5, 0x59, 0x59, 0x2b, 0x84,
    0xc0, 0xb8, 0xb, 0x1, 0x41, 0xb5, 0x1f, 0x93,
    0xf2, 0x50, 0x8, 0x20, 0xff, 0xe1, 0x42, 0x61,
    0xff, 0xc5, 0x48, 0x4c, 0x4a, 0xc9, 0x58, 0x28,
    0x87, 0x80, 0xb8, 0xb, 0x82, 0x44, 0xd4, 0xf,
    0xc9, 0xf8, 0x34, 0x4, 0x3f, 0xf8, 0xc8, 0x7f,
    0xf2, 0x60, 0x21, 0xbf, 0x27, 0xe0, 0xc8, 0x20,
    0xcb, 0x80, 0xb8, 0x28, 0xa0, 0x85, 0x59, 0x2b,
    0x4, 0x8a, 0x20, 0xff, 0xe1, 0xc4, 0x4, 0x3f,
    0xf8, 0x6a, 0x10, 0x44, 0xa, 0xc9, 0x59, 0x4,
    0x1b, 0x80, 0xb8, 0xb, 0xb6, 0x43, 0xf7, 0xff,
    0xa1, 0xf, 0xfe, 0x40,

    /* U+96C4 "雄" */
    0xf, 0xfe, 0x75, 0x87, 0xb8, 0x50, 0x7f, 0x21,
    0xe8, 0x8e, 0xf, 0xf2, 0x1c, 0x85, 0x88, 0x72,
    0xc0, 0x58, 0x24, 0x9, 0x86, 0x6a, 0x1a, 0x88,
    0x7e, 0x1f, 0x95, 0x40, 0x56, 0x11, 0x60, 0x2f,
    0xa, 0x17, 0xa0, 0x56, 0x2b, 0x4, 0x98, 0x64,
    0x3f, 0xf8, 0x58, 0xd9, 0x5, 0x58, 0xac, 0x12,
    0x84, 0xb, 0xb, 0x1, 0x70, 0x13, 0x2, 0x70,
    0x3e, 0x8f, 0xc0, 0x86, 0x20, 0xff, 0xe1, 0xc4,
    0x21, 0xff, 0xc7, 0x51, 0x30, 0x6a, 0xc5, 0x62,
    0xc8, 0x74, 0x32, 0xc0, 0x5c, 0x12, 0x26, 0x1d,
    0xf4, 0x7e, 0xa, 0x21, 0x10, 0xff, 0xe1, 0x22,
    0x4, 0x83, 0xff, 0x85, 0x8f, 0xa0, 0xea, 0xc7,
    0x52, 0x6b, 0x54, 0x20, 0x58, 0x25, 0xb1, 0xa9,
    0x60, 0xdf, 0xfd, 0x7, 0xed, 0xf, 0xfe, 0x0,

    /* U+96C6 "集" */
    0xe, 0x90, 0xca, 0xf, 0xfe, 0xa, 0xb0, 0xd4,
    0xf, 0xfe, 0xc, 0x41, 0xa1, 0xf, 0xfa, 0x7,
    0xf4, 0x5f, 0xe4, 0x32, 0x57, 0x81, 0x5f, 0x21,
    0x60, 0x5f, 0x85, 0xf8, 0x2c, 0x2f, 0xf2, 0x7f,
    0xc0, 0x89, 0x2b, 0xc9, 0x5f, 0x3, 0x50, 0x17,
    0xc0, 0x5f, 0x80, 0xc1, 0x7f, 0x93, 0xfe, 0xf,
    0xab, 0xc9, 0x5f, 0x7, 0xcb, 0xe0, 0x2f, 0xc1,
    0xf7, 0xf9, 0x3f, 0xf0, 0x6a, 0xff, 0xe3, 0x7,
    0x2f, 0xbc, 0xbf, 0xc0, 0xaf, 0xe5, 0x57, 0xf0,
    0x17, 0xf8, 0xb, 0xfc, 0xf, 0xfa, 0xd, 0x7f,
    0xc1, 0xf3, 0xc8, 0x1b, 0x43, 0xfc, 0xf1, 0x40,
    0x50, 0xb8, 0x39, 0xb8, 0x74, 0x33, 0xc3, 0xe8,
    0x65, 0x5c, 0x1f, 0x9e, 0x45, 0xae, 0x43, 0xff,
    0x80, 0xdc, 0x80,

    /* U+96F7 "雷" */
    0x17, 0xff, 0x8c, 0xa, 0xff, 0xe3, 0x3, 0xff,
    0x3, 0xff, 0x7, 0xff, 0x27, 0xff, 0x81, 0xff,
    0xc0, 0xff, 0x81, 0xff, 0x7, 0xff, 0x21, 0xd,
    0x7e, 0xd, 0x7e, 0x9, 0x45, 0xf8, 0x35, 0xf8,
    0xd, 0xb, 0xf0, 0x6b, 0xf1, 0x40, 0xaf, 0xc2,
    0x8b, 0xf0, 0x72, 0xfd, 0xe5, 0xf8, 0x35, 0x7f,
    0xf1, 0x10, 0xcf, 0xf0, 0x3f, 0xa0, 0xff, 0xe7,
    0x35, 0xc0, 0xae, 0xc3, 0xe5, 0xe0, 0x2f, 0x83,
    0xcf, 0xf0, 0x3f, 0xa0, 0xff, 0xe7, 0x3f, 0xc0,
    0xfe, 0x83, 0xea, 0xff, 0xe0, 0x21, 0xe5, 0xff,
    0xe0, 0xe1, 0x0,

    /* U+970D "霍" */
    0x2, 0xff, 0xf1, 0x83, 0x57, 0xff, 0x18, 0x37,
    0xfe, 0x7, 0xfe, 0x9, 0x7f, 0x80, 0xbf, 0xc0,
    0xeb, 0xf0, 0x2b, 0xf6, 0x1b, 0xfe, 0x7, 0xfc,
    0x1f, 0x5f, 0x83, 0x7e, 0x83, 0xf5, 0xf8, 0x37,
    0xe8, 0x3a, 0xcb, 0xf1, 0xe3, 0xf4, 0x70, 0x7a,
    0xf8, 0x1d, 0xfa, 0xf, 0xcc, 0x1e, 0x43, 0xff,
    0x81, 0x83, 0xf8, 0x1f, 0xf4, 0x14, 0xf, 0xf2,
    0x7f, 0xd0, 0x24, 0xb, 0xe0, 0x2f, 0xc0, 0x91,
    0x2b, 0xc9, 0x5f, 0x3, 0x30, 0x7f, 0x93, 0xfe,
    0x3, 0x84, 0xbe, 0x2, 0xfc, 0x1f, 0x57, 0x92,
    0xbe, 0xf, 0xbf, 0xc9, 0xff, 0x7, 0xdf, 0xe4,
    0xff, 0xc8, 0x75, 0x7f, 0xf1, 0x10, 0xe5, 0xff,
    0xe2, 0x0,

    /* U+9752 "青" */
    0xf, 0xfe, 0xa5, 0x87, 0xff, 0x1, 0x7f, 0x85,
    0xfe, 0x3, 0x5f, 0x81, 0x5f, 0xc0, 0x7f, 0xf2,
    0x7f, 0xf0, 0x65, 0xfc, 0x2f, 0xe0, 0xcd, 0x7c,
    0xa, 0xfc, 0x19, 0xff, 0x93, 0xff, 0x4, 0xbf,
    0xe2, 0x5f, 0xf5, 0x7f, 0x1, 0xaf, 0xdb, 0xff,
    0xfc, 0x88, 0x32, 0xff, 0xf0, 0xc3, 0xd5, 0xff,
    0xc4, 0xf, 0xdf, 0xff, 0xc0, 0x43, 0xf9, 0x7f,
    0xf8, 0x21, 0xfd, 0x5f, 0xfc, 0x0, 0xff, 0x7f,
    0xff, 0x1, 0xf, 0xe5, 0xff, 0xe0, 0x87, 0xf5,
    0x7f, 0xf0, 0x3, 0xfd, 0xff, 0xfc, 0x0, 0xff,
    0xe3, 0x2d, 0x7, 0xff, 0x1a, 0xa4, 0x83, 0xd6,
    0x1f, 0xbf, 0x90, 0x80,

    /* U+9759 "静" */
    0xe, 0x43, 0xe5, 0x7, 0xfd, 0x40, 0xfa, 0xc3,
    0xf2, 0xc0, 0x58, 0x28, 0x15, 0x21, 0xaa, 0x4a,
    0xb0, 0x22, 0xe8, 0x37, 0xc9, 0xf8, 0x8f, 0xa2,
    0xe, 0x50, 0x16, 0x15, 0x5, 0x8, 0x6a, 0x92,
    0xa3, 0x10, 0x44, 0x1d, 0x79, 0x3e, 0x23, 0xe4,
    0xbc, 0x81, 0x60, 0x2e, 0x2a, 0x4a, 0x82, 0xac,
    0x95, 0x85, 0x80, 0xb0, 0x57, 0xff, 0x7, 0xff,
    0x5, 0xff, 0x47, 0xe4, 0xf8, 0xa0, 0x4b, 0x84,
    0x96, 0x2, 0xc3, 0x85, 0x59, 0x3, 0x52, 0x54,
    0x68, 0x5f, 0x90, 0xff, 0xe2, 0xd6, 0x40, 0xfc,
    0x9f, 0x7, 0x97, 0x6, 0x58, 0xb, 0xc1, 0xbf,
    0x20, 0x6a, 0x4a, 0xc1, 0xd5, 0x90, 0xff, 0xe2,
    0xae, 0xf, 0xfe, 0x45, 0x10, 0xaa, 0x43, 0xff,
    0x80, 0xa2, 0x2, 0xc4, 0x1f, 0x38, 0x3e, 0x41,
    0xf9, 0xf, 0x0,

    /* U+975E "非" */
    0xf, 0xa8, 0x1b, 0x83, 0xff, 0x84, 0xa0, 0xff,
    0xec, 0x57, 0x83, 0xe6, 0xbc, 0x5, 0xf0, 0x7e,
    0x5f, 0x3, 0xfc, 0x1f, 0x3f, 0xe0, 0xff, 0xfc,
    0x5f, 0xc1, 0xf3, 0xfc, 0x87, 0xff, 0x27, 0x5,
    0xfc, 0x1f, 0x3f, 0xd0, 0x7f, 0xfd, 0xef, 0xf0,
    0x7c, 0xff, 0xa0, 0xff, 0xe5, 0x5f, 0xe0, 0xf9,
    0xff, 0x41, 0xff, 0xfd, 0x43, 0xff, 0x84,

    /* U+9762 "面" */
    0xf, 0xfe, 0x55, 0xff, 0xfc, 0x83, 0x5f, 0xc1,
    0x2f, 0xf0, 0xd7, 0xe0, 0x75, 0xfc, 0x1f, 0xfc,
    0xda, 0xf6, 0xa, 0xfe, 0xc, 0xbe, 0x9, 0x7f,
    0x83, 0x9f, 0x45, 0xf8, 0x1f, 0x7, 0xd8, 0x7f,
    0xf9, 0x2f, 0xc1, 0xff, 0xc5, 0x5e, 0xf, 0xfe,
    0x2f, 0x58, 0x3f, 0xfb, 0x77, 0xe0, 0xff, 0xe3,
    0x2e, 0xf, 0xfe, 0x2d, 0x70, 0x7f, 0xf5, 0xaa,
    0xce, 0xb0, 0x2a, 0xf, 0xcb, 0xb, 0xc0, 0x58,
    0x3e, 0xbf, 0xff, 0x84, 0x1f, 0xfc, 0xe0,

    /* U+9769 "革" */
    0xf, 0x21, 0xf9, 0xf, 0xfa, 0x81, 0xf5, 0x3,
    0xff, 0xa1, 0x7e, 0x4f, 0xf9, 0x3f, 0x8d, 0x70,
    0x17, 0xe0, 0x2e, 0x86, 0xb2, 0x57, 0xc9, 0x59,
    0xf, 0xd2, 0xfc, 0x1f, 0xfc, 0x26, 0xbc, 0x1f,
    0xfc, 0x1b, 0xf0, 0xfe, 0xf, 0xfe, 0x93, 0xff,
    0xf, 0xfc, 0x1f, 0x2f, 0x80, 0xbc, 0x1f, 0xdd,
    0x70, 0xd7, 0x7, 0xff, 0x4e, 0xfe, 0x1f, 0xe0,
    0xf9, 0x7f, 0x1, 0x7d, 0x7, 0xab, 0xe1, 0xaf,
    0x21, 0x35, 0xfc, 0x35, 0xfc, 0x6b, 0xfc, 0x5,
    0xfe, 0x2f, 0xfe, 0x1f, 0xfe, 0xf, 0xff, 0xb8,

    /* U+97E6 "韦" */
    0xf, 0xe7, 0x43, 0xff, 0xa9, 0x5f, 0x8a, 0xff,
    0xb, 0xf8, 0x25, 0xfe, 0x1f, 0xf9, 0x2f, 0xfe,
    0xf, 0xec, 0x3f, 0xfa, 0xff, 0xe8, 0xbf, 0xe8,
    0x3f, 0xf9, 0xbf, 0xe8, 0xbf, 0xe8, 0x3f, 0xfa,
    0x78, 0x7f, 0xf0, 0x3f, 0xf2, 0x5f, 0xf9, 0x17,
    0xf0, 0x4b, 0xe0, 0xd5, 0xfc, 0x57, 0xc8, 0x7f,
    0xf2, 0x90, 0xff, 0xe3, 0x21, 0xff, 0xc3, 0xad,
    0x87, 0xff, 0x15, 0x61, 0xc3, 0xff, 0x85, 0x7e,
    0x83, 0xff, 0xc0,

    /* U+97E9 "韩" */
    0xe, 0xe0, 0xfb, 0x83, 0xff, 0xa3, 0xf8, 0x7e,
    0xac, 0x35, 0xc9, 0x52, 0xa, 0xb5, 0x80, 0xbc,
    0x5, 0xa1, 0x7b, 0xe0, 0x7f, 0x21, 0xff, 0xc3,
    0x43, 0xe7, 0xe1, 0xf8, 0x3f, 0xf8, 0x6d, 0x60,
    0x96, 0x17, 0xc1, 0xa5, 0xe0, 0x74, 0x5, 0x6c,
    0x37, 0xf2, 0xb, 0xc3, 0xfa, 0xc, 0xbc, 0x1f,
    0xfc, 0x5a, 0xe4, 0x3c, 0x87, 0xf5, 0x72, 0x3f,
    0x3, 0xf8, 0x32, 0xf0, 0x17, 0x1, 0x60, 0xcf,
    0xc3, 0xf1, 0x50, 0xd4, 0x87, 0xff, 0x31, 0xfc,
    0x3f, 0x83, 0xf2, 0x1f, 0xfc, 0x4, 0x39, 0xa0,
    0x4f, 0xe1, 0xfa, 0xf, 0x28, 0x83, 0xff, 0x8a,
    0xfc, 0x87, 0xff, 0x84,

    /* U+97F3 "音" */
    0xf, 0xf2, 0x83, 0xff, 0x91, 0x40, 0xff, 0xe4,
    0x24, 0x1f, 0xf7, 0xfe, 0x47, 0xfe, 0x82, 0x58,
    0x25, 0xf8, 0xb, 0x61, 0x55, 0x82, 0xbe, 0x5,
    0x48, 0x7f, 0xf0, 0xd1, 0xf, 0xfa, 0x10, 0xe8,
    0x83, 0x9f, 0xe8, 0xbf, 0x81, 0xfe, 0x5f, 0xfe,
    0x51, 0x5f, 0xfc, 0x90, 0xff, 0xe6, 0xdf, 0xff,
    0xc3, 0xf, 0xcb, 0xff, 0xc0, 0xf, 0xf7, 0x5f,
    0xf0, 0x7f, 0xf5, 0x2f, 0xff, 0x83, 0xfc, 0xd7,
    0xfc, 0x1f, 0xed, 0x7f, 0xe0, 0xff, 0xea, 0x5f,
    0xff, 0x7, 0xf9, 0x7f, 0xf8, 0x1, 0xfe, 0xeb,
    0xfe, 0xe,

    /* U+9875 "页" */
    0xf, 0xfe, 0x5f, 0xff, 0xf2, 0x0, 0xbf, 0x82,
    0x5f, 0xe0, 0x57, 0xf0, 0x2b, 0xf8, 0x3f, 0xd8,
    0x87, 0xff, 0x1d, 0x30, 0xff, 0xe0, 0xff, 0x81,
    0x7f, 0xc1, 0xf9, 0x7f, 0xf8, 0x1, 0xfe, 0xaf,
    0xfe, 0x0, 0x7f, 0xf0, 0xf8, 0x3f, 0xf9, 0x28,
    0x7f, 0xfc, 0xd1, 0xf, 0xfe, 0xec, 0x30, 0x7f,
    0xf0, 0x3c, 0x14, 0x13, 0xc0, 0xf0, 0x7f, 0x3a,
    0x7a, 0x1e, 0xf, 0xe7, 0x87, 0x3, 0xa3, 0xc1,
    0x9b, 0x81, 0x40, 0xeb, 0x47, 0x41, 0x23, 0x68,
    0x7e, 0xb4, 0xc0, 0xdc, 0x87, 0xff, 0x2, 0xa0,

    /* U+9879 "项" */
    0xf, 0xd5, 0xff, 0xc1, 0x1f, 0xf4, 0x2f, 0xff,
    0x0, 0x58, 0xa, 0xef, 0xc9, 0x7f, 0x2, 0x89,
    0x44, 0x39, 0x10, 0xff, 0xec, 0xfe, 0x7, 0xf0,
    0x7f, 0xf0, 0x57, 0xe0, 0xff, 0xe1, 0x56, 0xea,
    0x43, 0xff, 0x89, 0x40, 0xff, 0xff, 0x87, 0xff,
    0x55, 0xf, 0xf9, 0x3e, 0xf, 0x90, 0xf3, 0xe0,
    0xc9, 0xa4, 0xa, 0x14, 0x6, 0x6, 0xf4, 0x14,
    0xad, 0x58, 0x82, 0xf4, 0x86, 0x74, 0x8a, 0x1a,
    0x1f, 0xcf, 0xe, 0x13, 0x94, 0xf, 0xd0, 0xf0,
    0x7b, 0x10, 0xfd, 0x70, 0x7f, 0x78,

    /* U+987E "顾" */
    0x7, 0xfe, 0x8f, 0xfe, 0x83, 0x97, 0xd8, 0xb0,
    0x4b, 0x7, 0x35, 0xe4, 0xa9, 0x3a, 0xc1, 0xff,
    0xc4, 0x43, 0xff, 0x81, 0x5c, 0x6, 0x80, 0xa9,
    0xf, 0x97, 0xc4, 0xa0, 0x2d, 0x7, 0xeb, 0xc1,
    0x9f, 0xe0, 0xff, 0xe4, 0x41, 0xff, 0xc9, 0x58,
    0x3f, 0x61, 0xff, 0xe6, 0x84, 0x3f, 0xf8, 0xfa,
    0x1f, 0x90, 0xf2, 0x1d, 0xd8, 0x7f, 0xf1, 0x10,
    0xc8, 0x7b, 0xf, 0xd8, 0x7c, 0x81, 0xc4, 0xca,
    0x4, 0x87, 0x3c, 0x93, 0x9, 0xa8, 0x32, 0x15,
    0x5, 0x3, 0x55, 0xd, 0x2, 0x62, 0x7, 0x87,
    0x18, 0x62, 0x42, 0x45, 0x70, 0x28, 0x50, 0x27,
    0x21, 0xc2, 0x83, 0x4e, 0x87, 0xbc, 0x0,

    /* U+9884 "预" */
    0xf, 0xfe, 0x53, 0xff, 0x9f, 0xff, 0x97, 0xf0,
    0x17, 0x80, 0xbe, 0x2b, 0x81, 0x15, 0x81, 0x5c,
    0x16, 0x8b, 0x83, 0xc8, 0x7e, 0x66, 0x20, 0x35,
    0xd, 0x60, 0xd1, 0x18, 0x5a, 0xc0, 0x5c, 0x1d,
    0x87, 0xef, 0xf2, 0x13, 0x50, 0x3a, 0x7, 0x30,
    0x7b, 0x58, 0x25, 0x7, 0x68, 0x7a, 0xf4, 0x5c,
    0x1f, 0xfc, 0x9c, 0x3f, 0xf9, 0x2a, 0xf, 0xfe,
    0x4e, 0x1f, 0xfc, 0x8d, 0xe, 0x43, 0xff, 0xb7,
    0x64, 0xd, 0xb0, 0xff, 0xe1, 0x4a, 0xc9, 0xf,
    0xfe, 0x16, 0x91, 0x94, 0xb, 0xd0, 0x81, 0xb1,
    0xc2, 0xc7, 0xe, 0x42, 0xd2, 0x81, 0xda, 0x17,
    0xd0, 0x54, 0xd0, 0xfa, 0xc0,

    /* U+9891 "频" */
    0xf, 0xfe, 0x7b, 0x87, 0xff, 0x36, 0xbf, 0xe4,
    0x1a, 0x1f, 0x2f, 0xf8, 0x3f, 0x7d, 0x7d, 0x17,
    0xe4, 0x3e, 0x58, 0x36, 0x21, 0xff, 0xc0, 0xa8,
    0x5c, 0x2e, 0xf, 0xfe, 0xd, 0x40, 0xac, 0x87,
    0xb1, 0xc, 0xff, 0x41, 0x59, 0x69, 0x78, 0x39,
    0x2, 0x16, 0xb8, 0xb, 0x7, 0x50, 0x39, 0xac,
    0x35, 0x7, 0xff, 0x9, 0x41, 0xff, 0xc8, 0xa0,
    0x67, 0xf, 0xfe, 0xa, 0x41, 0xa0, 0xfb, 0xf,
    0x42, 0x12, 0x41, 0xff, 0xc0, 0x48, 0x9, 0x8,
    0x68, 0x3e, 0x58, 0x12, 0x60, 0xe1, 0x24, 0xd0,
    0x40, 0x72, 0xe, 0x88, 0x90, 0xf5, 0x9, 0xd,
    0xad, 0x94, 0xa, 0xd3, 0x42, 0xb1, 0x81, 0xab,
    0x14, 0x38, 0x69, 0x28, 0x1a, 0x45, 0x5c, 0x1d,
    0x4d, 0xf, 0x51,

    /* U+9898 "题" */
    0x2, 0xfc, 0x1f, 0xfc, 0x26, 0xbe, 0x57, 0xff,
    0x83, 0x5f, 0x40, 0x5e, 0x2, 0xe0, 0xc8, 0x48,
    0x55, 0x65, 0x70, 0x6f, 0xe0, 0xf6, 0x21, 0xfa,
    0xb8, 0x27, 0xc9, 0xf8, 0x39, 0x78, 0x39, 0x78,
    0x3e, 0xae, 0xe, 0xae, 0x43, 0xcb, 0xc1, 0xf6,
    0x87, 0x9f, 0xf9, 0xf, 0xfe, 0x2, 0xff, 0x83,
    0xff, 0x81, 0xd7, 0xf0, 0x7f, 0xf0, 0x2f, 0xc9,
    0xf0, 0x7f, 0xf0, 0xb4, 0x3f, 0xc8, 0x58, 0x64,
    0x42, 0x58, 0x72, 0x28, 0xe1, 0xfd, 0x50, 0x59,
    0x2b, 0xd, 0x90, 0x5f, 0xe, 0x4d, 0xc, 0x24,
    0x43, 0xd4, 0x24, 0xc, 0x41, 0x26, 0x86, 0xa6,
    0x86, 0x78, 0x8b, 0xb, 0xab, 0xaf, 0xe1, 0xb,
    0x40, 0xbf, 0xfc, 0x13, 0xc1, 0x5f, 0xff, 0xc3,
    0x0,

    /* U+989C "颜" */
    0xe, 0x50, 0x7f, 0xf2, 0x28, 0x1f, 0xfc, 0xeb,
    0xff, 0xa3, 0xf0, 0x3f, 0x96, 0x2, 0xec, 0x50,
    0x16, 0x19, 0xa8, 0x15, 0x92, 0x83, 0x4c, 0x90,
    0xe4, 0x3f, 0x28, 0x3e, 0xa8, 0x6a, 0x43, 0x61,
    0x61, 0x96, 0x2, 0xd8, 0x1e, 0x3c, 0x9e, 0x3,
    0xfc, 0x1e, 0x5f, 0xa0, 0xce, 0x1f, 0xab, 0x8d,
    0xd, 0x87, 0xff, 0x1, 0xd0, 0xff, 0xe2, 0xdc,
    0x68, 0x7f, 0xf1, 0x15, 0xe1, 0xf, 0xfe, 0xe,
    0xe, 0x1e, 0xf, 0xfe, 0x2b, 0xc6, 0x1c, 0x87,
    0xfb, 0x8b, 0xd, 0x87, 0xff, 0x6, 0xd2, 0xcd,
    0x81, 0x1c, 0x4, 0x1a, 0x3a, 0x80, 0xa1, 0x58,
    0x72, 0x7, 0x8a, 0xc, 0x72, 0x60, 0x4d, 0xe1,
    0xd2, 0x86, 0x9, 0x33, 0x18, 0x78, 0x1a, 0xb0,
    0xd2, 0x34, 0x3d, 0x6, 0xa8, 0x3d, 0x44,

    /* U+98CE "风" */
    0xf, 0xfe, 0x77, 0xff, 0xf0, 0xe0, 0xfe, 0x5f,
    0xf8, 0x3f, 0xe6, 0xbf, 0xec, 0x3f, 0xf8, 0x8,
    0x7d, 0x7, 0xff, 0xa, 0xc3, 0xa6, 0xf, 0xfe,
    0xa, 0x41, 0x92, 0xf, 0xfe, 0xc, 0x21, 0x44,
    0x1f, 0xfc, 0x3c, 0xc5, 0x8, 0x7f, 0xf1, 0x22,
    0x86, 0x1f, 0xfc, 0x54, 0x44, 0x3f, 0xf8, 0xf0,
    0x20, 0xff, 0xe3, 0xc0, 0x83, 0xff, 0x80, 0x98,
    0x59, 0x2c, 0x1f, 0xfc, 0x48, 0x54, 0x41, 0x91,
    0x82, 0xc4, 0x92, 0x4, 0x61, 0xda, 0x12, 0x5,
    0x18, 0x48, 0x20, 0xc8, 0x48, 0xa8, 0xc3, 0xb1,
    0x10, 0x90, 0x46, 0xac, 0x3e, 0xa1, 0x99, 0x88,
    0x12, 0xf, 0xca, 0x10, 0x91, 0x20, 0xff, 0xe1,
    0xc2, 0x16, 0x87, 0xff, 0xd, 0xe0, 0x0,

    /* U+98DE "飞" */
    0x7f, 0xfe, 0x83, 0xff, 0x92, 0x87, 0x68, 0x1f,
    0xff, 0x7, 0xb2, 0xf, 0xfe, 0x36, 0xc, 0x3f,
    0xf8, 0x8e, 0x38, 0x7f, 0xf1, 0x28, 0x50, 0x3f,
    0xf8, 0xa9, 0xa1, 0xff, 0xc8, 0x83, 0xff, 0x8f,
    0xe, 0x87, 0xff, 0x15, 0xd2, 0xc3, 0xff, 0x8d,
    0x60, 0xc3, 0xff, 0x82, 0x87, 0x6a, 0xf, 0xfe,
    0xe, 0x21, 0xa8, 0x1f, 0xfc, 0x3c, 0x39, 0x41,
    0xff, 0xc0, 0x44, 0x3b, 0x90, 0xff, 0xe0, 0x24,
    0x1e, 0x43, 0xff, 0x81, 0xa, 0x9, 0xf, 0xfe,
    0x1c, 0x49, 0x8, 0x7f, 0xf0, 0x94, 0x5a, 0x61,
    0xff, 0xc3, 0xa0, 0x52, 0x0,

    /* U+9A6C "马" */
    0xf, 0xfe, 0x5f, 0xff, 0xf0, 0xd0, 0xe5, 0xff,
    0xe0, 0x81, 0xe, 0xaf, 0xfe, 0x8, 0x7f, 0xad,
    0xf, 0xfe, 0x42, 0x1f, 0xfc, 0x64, 0x3f, 0xe4,
    0x3f, 0xf8, 0xc8, 0x7f, 0xf2, 0xb0, 0xfe, 0x43,
    0xf6, 0x1f, 0xc8, 0xff, 0xe4, 0xbe, 0xc, 0xbf,
    0xfc, 0x30, 0xfa, 0xbf, 0xf8, 0x41, 0xff, 0xcc,
    0x6b, 0xff, 0x86, 0x1d, 0xaf, 0xff, 0xc, 0x3a,
    0xff, 0xfe, 0x18, 0x7f, 0xf2, 0x91, 0xf, 0xfe,
    0x36, 0x61, 0xff, 0xc0, 0xad, 0xe4, 0x43, 0xff,
    0x80, 0xb8, 0xe, 0x0,

    /* U+9A86 "骆" */
    0xf, 0xfe, 0xb5, 0x87, 0xe7, 0xfd, 0x6, 0x43,
    0xff, 0x91, 0x83, 0xfc, 0x7, 0xbe, 0xc, 0x81,
    0x78, 0x39, 0x83, 0xe8, 0x6b, 0x64, 0x1f, 0xf6,
    0x2c, 0x6, 0x10, 0xfe, 0xd2, 0x8c, 0xa8, 0xc3,
    0xf2, 0x7, 0x48, 0xa1, 0x87, 0x61, 0xff, 0xd3,
    0xb1, 0x47, 0x21, 0xde, 0x8a, 0x79, 0x5d, 0x35,
    0x5a, 0x75, 0x93, 0x1e, 0xd, 0x70, 0x8b, 0xd8,
    0xfa, 0xbf, 0x18, 0x7f, 0xda, 0xfe, 0xc2, 0xa7,
    0xc1, 0xef, 0xf0, 0x69, 0x43, 0x7, 0xff, 0x12,
    0xfa, 0x70, 0xff, 0xef, 0xa1, 0xd5, 0xe0, 0xf5,
    0x58, 0x86, 0x5f, 0x7, 0x96, 0x4, 0x1b, 0xfc,
    0x1e, 0xfe, 0xf, 0xfe, 0x18,

    /* U+9A8C "验" */
    0xf, 0xfe, 0xbd, 0xe0, 0xf3, 0xfe, 0x43, 0x90,
    0x21, 0xe5, 0xe1, 0xd, 0x99, 0x7, 0x31, 0x4c,
    0x3a, 0x23, 0x20, 0xe5, 0x7, 0xcb, 0x80, 0xa8,
    0x3f, 0xf8, 0x14, 0x20, 0xa5, 0x83, 0xec, 0x12,
    0x61, 0xd1, 0x40, 0xfc, 0xa1, 0xaf, 0x91, 0x46,
    0x1c, 0xad, 0x7f, 0xb5, 0x7, 0xe8, 0xff, 0xe2,
    0xd, 0xe4, 0xc5, 0x2, 0x42, 0x50, 0x5a, 0xe0,
    0xb8, 0xc, 0x15, 0x84, 0xd6, 0xb, 0x9, 0xe,
    0xc3, 0xf9, 0x11, 0x31, 0x21, 0x9, 0x56, 0x87,
    0x62, 0x62, 0x82, 0xa9, 0xf, 0x28, 0x24, 0x18,
    0x5d, 0xf2, 0x1b, 0xa, 0x88, 0x84, 0xa0, 0xfc,
    0xc0, 0x54, 0x1f, 0xfc, 0x44, 0x3a, 0xf, 0x55,
    0x9d, 0xff, 0x17, 0xc1, 0x2c, 0x2b, 0x5f, 0xfe,
    0x0,

    /* U+9AD8 "高" */
    0xf, 0xf2, 0x83, 0xff, 0x91, 0x40, 0xff, 0xe4,
    0x24, 0x1f, 0xef, 0xfe, 0x47, 0xff, 0x8a, 0xff,
    0xe4, 0x62, 0xff, 0xf2, 0x3, 0xbf, 0xff, 0x84,
    0x87, 0xf5, 0x7f, 0x90, 0xff, 0x97, 0xfd, 0x87,
    0xfd, 0xff, 0xe8, 0x3f, 0xab, 0xff, 0x84, 0x87,
    0xcb, 0xff, 0xc2, 0xf, 0x7f, 0xff, 0x19, 0xe,
    0xaf, 0xfe, 0x12, 0x1f, 0x2f, 0xff, 0xb, 0xf,
    0xf2, 0xff, 0x7, 0xff, 0x1, 0xaf, 0xe0, 0xff,
    0xe1, 0x5f, 0xc1, 0xff, 0xc4, 0xd7, 0x83, 0xff,
    0x88, 0xd7, 0x7, 0xff, 0x9, 0xff, 0xcd, 0x41,
    0xff, 0xc6, 0x58, 0x50, 0x5e, 0xf, 0xfb, 0xf4,
    0x0,

    /* U+9B4F "魏" */
    0xf, 0xfe, 0x12, 0x83, 0xff, 0x82, 0xa0, 0xea,
    0x7, 0xdf, 0xea, 0x7, 0x90, 0xf9, 0x71, 0x78,
    0xbe, 0x1f, 0xc8, 0x2a, 0xc4, 0x39, 0x40, 0x58,
    0x3e, 0xc4, 0x3a, 0xa2, 0xa0, 0xaf, 0x92, 0xf2,
    0x1f, 0xfc, 0xb, 0xc8, 0x2f, 0x20, 0xa8, 0xa8,
    0x3c, 0x82, 0x43, 0x28, 0xb, 0x7, 0x62, 0x36,
    0x17, 0x93, 0xe0, 0x9c, 0xf1, 0x40, 0xf6, 0x1f,
    0xd8, 0x67, 0xe, 0xc2, 0x42, 0x73, 0xb0, 0xf7,
    0x93, 0xd0, 0x4b, 0x1, 0x71, 0x58, 0x14, 0x64,
    0xe8, 0xa, 0xc0, 0x58, 0x50, 0xa0, 0x58, 0xfc,
    0x1e, 0x84, 0xc4, 0x24, 0xc0, 0x90, 0x4a, 0x2,
    0xb9, 0xd, 0x6c, 0xa0, 0xa2, 0x23, 0x20, 0x3c,
    0x46, 0x16, 0x40, 0xac, 0x21, 0x61, 0x50, 0xc5,
    0x1, 0x71, 0x96, 0xde, 0x4c, 0x60, 0xab, 0x1a,
    0xda, 0xb, 0x18, 0xb, 0xfd, 0xc1, 0xcd, 0x3,
    0x5f, 0xa0,

    /* U+9C81 "鲁" */
    0xf, 0x90, 0xff, 0xe4, 0x53, 0xf, 0xfe, 0x34,
    0x83, 0xff, 0x7, 0xf4, 0x95, 0xf0, 0x10, 0xf9,
    0xd3, 0x5f, 0x63, 0x7, 0xb8, 0x2f, 0xf9, 0x1f,
    0xa0, 0xc8, 0x3f, 0xa2, 0xfe, 0xe, 0xe0, 0x2f,
    0x66, 0xbc, 0x1f, 0xd5, 0xc8, 0xd7, 0x7, 0xf7,
    0xf4, 0x5f, 0xc1, 0xfd, 0xfd, 0x17, 0xf0, 0x7d,
    0xff, 0xfc, 0x48, 0x25, 0xff, 0xe5, 0x57, 0xff,
    0x25, 0xff, 0xfe, 0x48, 0x4f, 0xff, 0xf0, 0xc3,
    0xf3, 0x5f, 0xf0, 0x7f, 0xcb, 0xff, 0x7, 0xf9,
    0xff, 0xf8, 0x3f, 0xcf, 0xff, 0xc1, 0xff, 0x2f,
    0xfc, 0x1f, 0xe6, 0xbf, 0xe0, 0xff, 0x3f, 0xff,
    0x7, 0x0,

    /* U+9EBB "麻" */
    0xf, 0xfe, 0xaf, 0x7, 0xff, 0x25, 0xf, 0xf9,
    0xaf, 0xc0, 0xeb, 0xe0, 0xb5, 0xfc, 0x12, 0xfe,
    0xd, 0xff, 0xfc, 0x54, 0x3f, 0x48, 0x73, 0x7,
    0xff, 0x5, 0xc3, 0xb4, 0x3f, 0xd5, 0xd, 0xa,
    0x25, 0x48, 0x79, 0x60, 0x28, 0x50, 0x16, 0xc3,
    0xde, 0x87, 0xc7, 0x81, 0x7a, 0xf, 0xd8, 0x87,
    0xd8, 0x7f, 0xc8, 0x30, 0xa0, 0x21, 0xfe, 0x83,
    0x60, 0x42, 0x43, 0xf9, 0x3, 0xc, 0x23, 0x7,
    0x20, 0x88, 0xe, 0xb0, 0x22, 0xf, 0x96, 0xd,
    0x90, 0x4a, 0xe, 0x72, 0xc, 0x88, 0x68, 0xc0,
    0x84, 0x87, 0x44, 0x1d, 0x11, 0x95, 0x7, 0xb0,
    0xf2, 0xa1, 0x2, 0x1e, 0xc3, 0xf4, 0x22, 0x1f,
    0xfc, 0x98, 0x3f, 0xf8, 0xee, 0x1e, 0xe0, 0xeb,
    0xe,

    /* U+9EC4 "黄" */
    0xf, 0x90, 0xf9, 0xf, 0xfe, 0x3, 0x7, 0xa8,
    0x1f, 0xfc, 0xc, 0x43, 0xff, 0x84, 0xfe, 0x4b,
    0xf9, 0x3f, 0x40, 0x6b, 0x23, 0x5c, 0xa, 0xd8,
    0x4b, 0xb2, 0x5f, 0xb, 0xc0, 0x5e, 0xc9, 0x7c,
    0x2f, 0x8a, 0xe4, 0x6b, 0x81, 0x5d, 0x9f, 0xfc,
    0x9f, 0xfd, 0x7, 0xff, 0x36, 0xff, 0x27, 0xfc,
    0x1f, 0xab, 0x92, 0xb9, 0xf, 0xe5, 0xe0, 0x2f,
    0x7, 0xfb, 0xf9, 0x3f, 0x90, 0xfe, 0xae, 0x3,
    0x59, 0xf, 0xe5, 0xf1, 0x2e, 0xf, 0xf2, 0xf8,
    0x5e, 0xf, 0xf5, 0x70, 0x2b, 0x90, 0xfa, 0xfd,
    0x7e, 0xa7, 0xe0, 0xfc, 0xdc, 0x1b, 0xb9, 0xf,
    0x37, 0x2b, 0xd, 0x45, 0x5c, 0x83, 0x92, 0xe0,
    0xf3, 0x70, 0xc9, 0x3e, 0x43, 0xfe, 0x7c, 0xa0,

    /* U+9ED8 "默" */
    0xf, 0xfe, 0x1a, 0x83, 0xff, 0x91, 0x40, 0xf5,
    0xff, 0xc8, 0x7b, 0x43, 0xa8, 0x95, 0x7, 0xf4,
    0x1d, 0xb8, 0x87, 0xfb, 0x20, 0xcc, 0x14, 0x1f,
    0xe4, 0x33, 0x20, 0x44, 0x3f, 0xa8, 0x19, 0x58,
    0x20, 0xaa, 0x5, 0x60, 0x95, 0x86, 0x40, 0xb0,
    0x17, 0x82, 0xa2, 0x54, 0xf, 0x81, 0xf9, 0x2f,
    0x93, 0xf2, 0x1f, 0xfc, 0x3c, 0x3f, 0xe4, 0x3b,
    0xf4, 0x7e, 0x43, 0xfe, 0xac, 0x8d, 0x48, 0x10,
    0x61, 0xcb, 0xb2, 0x58, 0x2c, 0x8, 0x72, 0xd6,
    0x55, 0xc0, 0x48, 0x39, 0xa9, 0x42, 0xe0, 0x22,
    0x88, 0x27, 0xff, 0xd1, 0x90, 0xa0, 0xd6, 0x49,
    0xaa, 0x2, 0x81, 0x90, 0x4a, 0x1c, 0x1a, 0x39,
    0x1, 0x70, 0x58, 0xa1, 0x43, 0x8, 0x68, 0x98,
    0x43, 0x69, 0x2, 0xe, 0x8f, 0x20, 0xb1, 0x80,
    0xe1, 0xe6, 0x8c, 0x1f, 0xd0, 0x7e, 0x40,

    /* U+9F50 "齐" */
    0xf, 0xf2, 0x1f, 0xfc, 0x86, 0xc3, 0xff, 0x8e,
    0x87, 0xff, 0x6, 0xbf, 0x81, 0xd7, 0xe0, 0x2f,
    0xf0, 0x4b, 0xf8, 0x1f, 0x40, 0xff, 0xc0, 0xbe,
    0xe, 0x51, 0x7, 0xa1, 0x41, 0xfd, 0xc, 0x1a,
    0x48, 0x3f, 0xed, 0x58, 0x35, 0x61, 0xff, 0xc1,
    0x93, 0xc3, 0x7, 0xff, 0x59, 0xf2, 0x28, 0x7c,
    0x87, 0x9b, 0xd0, 0x2e, 0x9a, 0xb, 0xd2, 0x32,
    0x7, 0xc8, 0x6b, 0xc8, 0x19, 0x6b, 0xd4, 0x43,
    0xcd, 0x3d, 0x28, 0x90, 0x2b, 0xf, 0x6a, 0x3,
    0x7, 0xec, 0x3f, 0xfb, 0xb0, 0x87, 0xff, 0x19,
    0xf, 0xfe, 0x43, 0x18, 0x7f, 0xf1, 0x68, 0x41,
    0xff, 0xc6, 0x49, 0xf, 0xfe, 0x37, 0x90, 0xfe,
    0xb4, 0x38,

    /* U+F013 "" */
    0xf, 0xe6, 0xb2, 0x1f, 0xfc, 0x69, 0x74, 0x1f,
    0xfd, 0xd4, 0x3c, 0x87, 0xfd, 0xe0, 0x70, 0x7a,
    0xc1, 0xe0, 0xe8, 0x1e, 0xf, 0xf7, 0x81, 0x6,
    0x43, 0xff, 0x8c, 0x85, 0x7, 0xff, 0x22, 0x2,
    0x1f, 0x9a, 0x21, 0xf9, 0x4, 0x1f, 0x51, 0x54,
    0xf, 0xa0, 0x38, 0x72, 0x83, 0x28, 0x3b, 0x43,
    0xfb, 0xf, 0x61, 0xff, 0xdc, 0xc3, 0xd8, 0x7f,
    0x38, 0x72, 0x83, 0x28, 0x3b, 0x41, 0x7, 0xd4,
    0x55, 0x3, 0xe8, 0x8, 0x7e, 0x68, 0x87, 0xe4,
    0x10, 0x7f, 0xf2, 0x20, 0x90, 0xff, 0xe3, 0x21,
    0xa0, 0x78, 0x3f, 0xde, 0x4, 0x1d, 0xe0, 0x70,
    0x7a, 0xc1, 0xe0, 0xff, 0x90, 0xf2, 0x1f, 0xfd,
    0xd9, 0x74, 0x1f, 0xc0,

    /* U+F077 "" */
    0xf, 0xfe, 0x95, 0xc1, 0xff, 0xc5, 0x91, 0x83,
    0xff, 0x87, 0x21, 0x30, 0x7f, 0xf0, 0x64, 0x39,
    0x83, 0xfe, 0x90, 0xf9, 0x83, 0xfa, 0x42, 0x74,
    0x26, 0xf, 0xa4, 0x26, 0x24, 0x26, 0xe, 0x90,
    0x98, 0x29, 0x9, 0x82, 0x90, 0x98, 0x3a, 0x42,
    0x62, 0x42, 0x60, 0xfa, 0x42, 0x50, 0x66, 0xf,
    0xe9, 0xb, 0x91, 0x83, 0xfe, 0x91, 0x8b, 0x83,
    0xff, 0x83, 0x70,

    /* U+F078 "" */
    0xf, 0xfe, 0x55, 0xc1, 0xff, 0xc1, 0xb8, 0x91,
    0x83, 0xfe, 0x91, 0x83, 0x30, 0x7f, 0x48, 0x5c,
    0x84, 0xc1, 0xf4, 0x84, 0xa2, 0x42, 0x60, 0xe9,
    0x9, 0x82, 0x90, 0x98, 0x29, 0x9, 0x83, 0xa4,
    0x26, 0x24, 0x26, 0xf, 0xa4, 0x27, 0x42, 0x60,
    0xfe, 0x90, 0xf9, 0x83, 0xfe, 0x90, 0xe6, 0xf,
    0xfe, 0xc, 0x84, 0xc1, 0xff, 0xc3, 0x91, 0x83,
    0xff, 0x8b, 0x70, 0x7f, 0x0,

    /* U+F0CA "" */
    0x18, 0x3f, 0xf9, 0x34, 0x70, 0x9f, 0xff, 0xe1,
    0xc8, 0x48, 0x30, 0xff, 0xe1, 0xa1, 0xf6, 0x1f,
    0xfc, 0x4d, 0x24, 0xf, 0xff, 0xf1, 0xb, 0x43,
    0xff, 0xc4, 0x87, 0xff, 0x25, 0xec, 0x35, 0x7f,
    0xf0, 0xd8, 0x24, 0xb, 0xff, 0xc4, 0x83, 0xff,
    0x99, 0x1, 0x40, 0x6b, 0xff, 0x88, 0xfa, 0xc,
    0xbf, 0xfc, 0x40, 0xff, 0xf2, 0xb0, 0x7f, 0xf2,
    0x68, 0xe1, 0x3f, 0xff, 0xc3, 0x90, 0x90, 0x61,
    0xff, 0xc3, 0x43, 0xec, 0x3f, 0xf8, 0x9a, 0x48,
    0x1f, 0xff, 0xe2, 0x0,

    /* U+F1EB "" */
    0xf, 0xfe, 0xf2, 0xf8, 0x3f, 0xf9, 0xf, 0xd5,
    0xef, 0x90, 0xff, 0xe0, 0xbe, 0x83, 0xff, 0x81,
    0x79, 0xf, 0xee, 0xf, 0xfe, 0x35, 0x87, 0xac,
    0x3e, 0x6b, 0xc8, 0x7d, 0xc1, 0x68, 0x75, 0xe9,
    0x7d, 0x7a, 0xe, 0x73, 0xe, 0xb4, 0x3f, 0xf8,
    0xf, 0x7, 0x68, 0x4e, 0x87, 0xff, 0x11, 0xd0,
    0x99, 0x28, 0x1c, 0xdf, 0xe9, 0xe, 0xa0, 0xc5,
    0xa1, 0x9e, 0x43, 0xcd, 0xa1, 0x9e, 0xf, 0xdc,
    0x1f, 0xfc, 0xb, 0xf, 0xfe, 0x3, 0x87, 0xff,
    0x13, 0x43, 0xfd, 0x87, 0x5f, 0xe8, 0x3b, 0xf,
    0xf4, 0x82, 0xd0, 0xf3, 0xc0, 0x60, 0xff, 0xa9,
    0xa1, 0xfe, 0x7a, 0x7, 0xff, 0x5, 0xf, 0xfe,
    0x12, 0x1f, 0xfc, 0x8f, 0xc1, 0xff, 0xcd, 0x83,
    0x41, 0xff, 0xcc, 0x43, 0x21, 0xff, 0xea, 0x83,
    0x41, 0xff, 0xcc, 0x65, 0x48, 0x7f, 0xf0, 0x0,

    /* U+F240 "" */
    0x2, 0xff, 0xf3, 0x3, 0x3d, 0x7f, 0xf3, 0x3c,
    0x8, 0x3f, 0xf9, 0xe8, 0x65, 0xff, 0xe5, 0x5,
    0x86, 0xaf, 0xfe, 0x52, 0x7, 0xd, 0x7f, 0xff,
    0x1c, 0x3f, 0xfa, 0x7a, 0x1f, 0xfd, 0x6, 0xf,
    0xff, 0x7a, 0x1f, 0xfd, 0xa, 0x7, 0xd7, 0xff,
    0xf1, 0xc3, 0xf9, 0x7f, 0xf9, 0x41, 0xa0, 0xab,
    0xff, 0x94, 0x82, 0x50, 0x7f, 0xf3, 0xd2, 0x5f,
    0xfe, 0x74, 0x0,

    /* U+F241 "" */
    0x2, 0xff, 0xf3, 0x3, 0x3d, 0x7f, 0xf3, 0x3c,
    0x8, 0x3f, 0xf9, 0xe8, 0x65, 0xff, 0xe5, 0x5,
    0x86, 0xaf, 0xfe, 0x52, 0x7, 0xd, 0x7f, 0xff,
    0x9, 0xf, 0xfe, 0xbe, 0x87, 0xff, 0x41, 0x83,
    0xff, 0xde, 0x87, 0xff, 0x42, 0x81, 0xf5, 0xff,
    0xfc, 0x24, 0x3f, 0xf8, 0x2b, 0xff, 0xca, 0xd,
    0x5, 0x5f, 0xfc, 0xa4, 0x12, 0x83, 0xff, 0x9e,
    0x92, 0xff, 0xf3, 0xa0, 0x0,

    /* U+F242 "" */
    0x2, 0xff, 0xf3, 0x3, 0x3d, 0x7f, 0xf3, 0x3c,
    0x8, 0x3f, 0xf9, 0xe8, 0x65, 0xff, 0xe5, 0x5,
    0x86, 0xaf, 0xfe, 0x52, 0x7, 0xd, 0x7f, 0xf8,
    0x3f, 0xfb, 0x9a, 0x1f, 0xfd, 0x6, 0xf, 0xff,
    0x7a, 0x1f, 0xfd, 0xa, 0x7, 0xd7, 0xff, 0x83,
    0xff, 0x8c, 0xbf, 0xfc, 0xa0, 0xd0, 0x55, 0xff,
    0xca, 0x41, 0x28, 0x3f, 0xf9, 0xe9, 0x2f, 0xff,
    0x3a, 0x0,

    /* U+F243 "" */
    0x2, 0xff, 0xf3, 0x3, 0x3d, 0x7f, 0xf3, 0x3c,
    0x8, 0x3f, 0xf9, 0xe8, 0x65, 0xff, 0xe5, 0x5,
    0x86, 0xaf, 0xfe, 0x52, 0x7, 0xd, 0x7f, 0x21,
    0xff, 0xe0, 0xd0, 0xff, 0xe8, 0x30, 0x7f, 0xfb,
    0xd0, 0xff, 0xe8, 0x50, 0x3e, 0xbf, 0x90, 0xff,
    0xe5, 0x2f, 0xff, 0x28, 0x34, 0x15, 0x7f, 0xf2,
    0x90, 0x4a, 0xf, 0xfe, 0x7a, 0x4b, 0xff, 0xce,
    0x80,

    /* U+F244 "" */
    0x2, 0xff, 0xf3, 0x3, 0x3d, 0x7f, 0xf3, 0x3c,
    0x8, 0x3f, 0xf9, 0xe8, 0x65, 0xff, 0xe5, 0x5,
    0x86, 0xaf, 0xfe, 0x52, 0x7, 0xf, 0xff, 0x5e,
    0x87, 0xff, 0x41, 0x83, 0xff, 0xde, 0x87, 0xff,
    0x42, 0x81, 0xff, 0xd8, 0x5f, 0xfe, 0x50, 0x68,
    0x2a, 0xff, 0xe5, 0x20, 0x94, 0x1f, 0xfc, 0xf4,
    0x97, 0xff, 0x9d, 0x0,

    /* U+F293 "" */
    0xf, 0x5f, 0xd2, 0x1f, 0xd6, 0x87, 0x36, 0x1f,
    0x68, 0x68, 0x3b, 0x43, 0x41, 0xe6, 0xe, 0x83,
    0x21, 0xf3, 0x7, 0x40, 0x83, 0xf9, 0x83, 0x20,
    0x43, 0xf9, 0x50, 0x7f, 0x3a, 0x1a, 0x54, 0x12,
    0x82, 0x49, 0xf, 0xf6, 0x1d, 0x94, 0x4, 0xa8,
    0x3f, 0xd8, 0x81, 0x20, 0xff, 0xe0, 0x61, 0xb0,
    0xff, 0xe2, 0xa1, 0xff, 0xc2, 0x82, 0x60, 0xff,
    0xe0, 0x48, 0x66, 0xf, 0xf4, 0xac, 0x18, 0xa0,
    0xc8, 0x52, 0xa0, 0xd1, 0x5, 0x86, 0x98, 0x33,
    0x18, 0x48, 0x85, 0x7, 0x46, 0x1e, 0xc3, 0xfd,
    0x86, 0x40, 0xa0, 0xfd, 0x87, 0x41, 0x41, 0xf6,
    0x1d, 0x7, 0x68, 0x6c, 0x3a, 0x43, 0xd6, 0x87,
    0x9d, 0x8,

    /* U+FF01 "！" */
    0x3c, 0x1f, 0xfe, 0x2a, 0x1, 0x41, 0xea, 0x1,
    0x41, 0xc0,

    /* U+FF08 "（" */
    0xa, 0x81, 0x28, 0x34, 0x40, 0x44, 0x2c, 0xc2,
    0x44, 0x8, 0x87, 0xf6, 0x61, 0xfc, 0x88, 0x7f,
    0xf0, 0xd1, 0xf, 0xec, 0xc2, 0x44, 0x3f, 0xc8,
    0x85, 0x10, 0x64, 0x42, 0x88,

    /* U+FF09 "）" */
    0x28, 0x1c, 0xa0, 0xa2, 0xc, 0x88, 0x59, 0x84,
    0x88, 0x64, 0x43, 0xfb, 0x30, 0xfe, 0x44, 0x3f,
    0xe4, 0x24, 0x3f, 0xec, 0xc2, 0x44, 0x3f, 0x42,
    0x12, 0x40, 0x44, 0x28, 0x80,

    /* U+FF0C "，" */
    0x28, 0x2c, 0x1c, 0xe1, 0x20, 0x68, 0x3a, 0x0,

    /* U+FF1A "：" */
    0x3c, 0x87, 0x2c, 0x50, 0x3f, 0xf9, 0xd4, 0x2,
    0xc1, 0x80,

    /* U+FF1B "；" */
    0x7c, 0x1c, 0xb0, 0x28, 0x1f, 0xfc, 0xea, 0xb,
    0x7, 0x38, 0x50, 0x27, 0x2c, 0x0,

    /* U+FF1F "？" */
    0xf, 0xfe, 0xb, 0xfa, 0xd, 0x40, 0xce, 0x5,
    0x17, 0xc9, 0x5, 0xa1, 0x42, 0x38, 0x7f, 0xf1,
    0x10, 0xff, 0x44, 0x1f, 0x62, 0x83, 0xd8, 0xc1,
    0xe8, 0x60, 0xfe, 0x83, 0xff, 0x8f, 0xa1, 0xfc,
    0xc1, 0xff, 0xc8, 0xa0, 0x7f, 0x2c, 0x1f, 0xfc,
    0x30,

    /* U+FF5E "～" */
    0x9, 0xa2, 0x1f, 0xd0, 0x5c, 0xab, 0x43, 0xca,
    0x88, 0x14, 0x4b, 0xe, 0x88, 0x4d, 0x56, 0xe,
    0x1c, 0x48, 0x83, 0xb8, 0x78, 0x11, 0x28, 0x3c,
    0xe8, 0xd8, 0x0,

    /* U+FFE5 "￥" */
    0x68, 0x1f, 0xa8, 0xbc, 0x1e, 0x5c, 0x44, 0x1e,
    0x88, 0xa, 0x20, 0xd0, 0xa0, 0xa1, 0xc, 0x90,
    0x74, 0x60, 0xc8, 0x3c, 0x81, 0x40, 0x43, 0xec,
    0xa1, 0x87, 0xf2, 0x4, 0x3e, 0xf9, 0x3, 0xf0,
    0x65, 0xc0, 0x5c, 0x1a, 0xb0, 0x2b, 0x7, 0xff,
    0x1b, 0xf0, 0x3f, 0x6, 0x5c, 0x5, 0xc1, 0xab,
    0x2, 0xb0, 0x7f, 0xf6, 0x3c, 0x1e
};


/*---------------------
 *  GLYPH DESCRIPTION
 *--------------------*/

static const lv_font_fmt_txt_glyph_dsc_t glyph_dsc[] = {
    {.bitmap_index = 0, .adv_w = 0, .box_w = 0, .box_h = 0, .ofs_x = 0, .ofs_y = 0} /* id = 0 reserved */,
    {.bitmap_index = 0, .adv_w = 111, .box_w = 0, .box_h = 0, .ofs_x = 0, .ofs_y = 0},
    {.bitmap_index = 0, .adv_w = 103, .box_w = 4, .box_h = 18, .ofs_x = 1, .ofs_y = 0},
    {.bitmap_index = 14, .adv_w = 130, .box_w = 7, .box_h = 7, .ofs_x = 1, .ofs_y = 14},
    {.bitmap_index = 25, .adv_w = 271, .box_w = 15, .box_h = 18, .ofs_x = 1, .ofs_y = 0},
    {.bitmap_index = 88, .adv_w = 222, .box_w = 14, .box_h = 22, .ofs_x = 0, .ofs_y = -2},
    {.bitmap_index = 153, .adv_w = 315, .box_w = 20, .box_h = 18, .ofs_x = 0, .ofs_y = 0},
    {.bitmap_index = 234, .adv_w = 273, .box_w = 16, .box_h = 18, .ofs_x = 1, .ofs_y = 0},
    {.bitmap_index = 301, .adv_w = 73, .box_w = 3, .box_h = 7, .ofs_x = 1, .ofs_y = 14},
    {.bitmap_index = 306, .adv_w = 119, .box_w = 6, .box_h = 22, .ofs_x = 1, .ofs_y = -1},
    {.bitmap_index = 329, .adv_w = 119, .box_w = 6, .box_h = 22, .ofs_x = 0, .ofs_y = -1},
    {.bitmap_index = 357, .adv_w = 172, .box_w = 8, .box_h = 8, .ofs_x = 1, .ofs_y = 10},
    {.bitmap_index = 374, .adv_w = 235, .box_w = 12, .box_h = 11, .ofs_x = 1, .ofs_y = 3},
    {.bitmap_index = 391, .adv_w = 99, .box_w = 4, .box_h = 7, .ofs_x = 1, .ofs_y = -4},
    {.bitmap_index = 398, .adv_w = 174, .box_w = 9, .box_h = 2, .ofs_x = 1, .ofs_y = 8},
    {.bitmap_index = 401, .adv_w = 95, .box_w = 4, .box_h = 3, .ofs_x = 1, .ofs_y = 0},
    {.bitmap_index = 404, .adv_w = 153, .box_w = 9, .box_h = 18, .ofs_x = 0, .ofs_y = 0},
    {.bitmap_index = 438, .adv_w = 243, .box_w = 13, .box_h = 18, .ofs_x = 1, .ofs_y = 0},
    {.bitmap_index = 488, .adv_w = 155, .box_w = 6, .box_h = 18, .ofs_x = 1, .ofs_y = 0},
    {.bitmap_index = 499, .adv_w = 217, .box_w = 12, .box_h = 18, .ofs_x = 1, .ofs_y = 0},
    {.bitmap_index = 545, .adv_w = 227, .box_w = 12, .box_h = 18, .ofs_x = 1, .ofs_y = 0},
    {.bitmap_index = 592, .adv_w = 227, .box_w = 14, .box_h = 18, .ofs_x = 0, .ofs_y = 0},
    {.bitmap_index = 636, .adv_w = 232, .box_w = 13, .box_h = 18, .ofs_x = 1, .ofs_y = 0},
    {.bitmap_index = 682, .adv_w = 233, .box_w = 13, .box_h = 18, .ofs_x = 1, .ofs_y = 0},
    {.bitmap_index = 734, .adv_w = 202, .box_w = 12, .box_h = 18, .ofs_x = 0, .ofs_y = 0},
    {.bitmap_index = 775, .adv_w = 242, .box_w = 13, .box_h = 18, .ofs_x = 1, .ofs_y = 0},
    {.bitmap_index = 833, .adv_w = 230, .box_w = 13, .box_h = 18, .ofs_x = 1, .ofs_y = 0},
    {.bitmap_index = 885, .adv_w = 95, .box_w = 4, .box_h = 13, .ofs_x = 1, .ofs_y = 0},
    {.bitmap_index = 895, .adv_w = 99, .box_w = 4, .box_h = 17, .ofs_x = 1, .ofs_y = -4},
    {.bitmap_index = 909, .adv_w = 235, .box_w = 12, .box_h = 14, .ofs_x = 1, .ofs_y = 2},
    {.bitmap_index = 944, .adv_w = 235, .box_w = 12, .box_h = 7, .ofs_x = 1, .ofs_y = 6},
    {.bitmap_index = 957, .adv_w = 235, .box_w = 12, .box_h = 14, .ofs_x = 1, .ofs_y = 2},
    {.bitmap_index = 993, .adv_w = 189, .box_w = 11, .box_h = 18, .ofs_x = 0, .ofs_y = 0},
    {.bitmap_index = 1033, .adv_w = 316, .box_w = 19, .box_h = 18, .ofs_x = 0, .ofs_y = 0},
    {.bitmap_index = 1112, .adv_w = 256, .box_w = 16, .box_h = 18, .ofs_x = 0, .ofs_y = 0},
    {.bitmap_index = 1173, .adv_w = 257, .box_w = 14, .box_h = 18, .ofs_x = 1, .ofs_y = 0},
    {.bitmap_index = 1222, .adv_w = 270, .box_w = 15, .box_h = 18, .ofs_x = 1, .ofs_y = 0},
    {.bitmap_index = 1277, .adv_w = 286, .box_w = 16, .box_h = 18, .ofs_x = 1, .ofs_y = 0},
    {.bitmap_index = 1329, .adv_w = 229, .box_w = 13, .box_h = 18, .ofs_x = 1, .ofs_y = 0},
    {.bitmap_index = 1351, .adv_w = 221, .box_w = 12, .box_h = 18, .ofs_x = 1, .ofs_y = 0},
    {.bitmap_index = 1370, .adv_w = 283, .box_w = 16, .box_h = 18, .ofs_x = 1, .ofs_y = 0},
    {.bitmap_index = 1430, .adv_w = 276, .box_w = 15, .box_h = 18, .ofs_x = 1, .ofs_y = 0},
    {.bitmap_index = 1450, .adv_w = 94, .box_w = 3, .box_h = 18, .ofs_x = 1, .ofs_y = 0},
    {.bitmap_index = 1454, .adv_w = 185, .box_w = 10, .box_h = 18, .ofs_x = 0, .ofs_y = 0},
    {.bitmap_index = 1472, .adv_w = 251, .box_w = 15, .box_h = 18, .ofs_x = 1, .ofs_y = 0},
    {.bitmap_index = 1529, .adv_w = 217, .box_w = 13, .box_h = 18, .ofs_x = 1, .ofs_y = 0},
    {.bitmap_index = 1542, .adv_w = 337, .box_w = 19, .box_h = 18, .ofs_x = 1, .ofs_y = 0},
    {.bitmap_index = 1601, .adv_w = 282, .box_w = 15, .box_h = 18, .ofs_x = 1, .ofs_y = 0},
    {.bitmap_index = 1661, .adv_w = 302, .box_w = 17, .box_h = 18, .ofs_x = 1, .ofs_y = 0},
    {.bitmap_index = 1726, .adv_w = 240, .box_w = 14, .box_h = 18, .ofs_x = 1, .ofs_y = 0},
    {.bitmap_index = 1759, .adv_w = 302, .box_w = 17, .box_h = 20, .ofs_x = 1, .ofs_y = -2},
    {.bitmap_index = 1832, .adv_w = 243, .box_w = 14, .box_h = 18, .ofs_x = 1, .ofs_y = 0},
    {.bitmap_index = 1883, .adv_w = 232, .box_w = 14, .box_h = 18, .ofs_x = 0, .ofs_y = 0},
    {.bitmap_index = 1940, .adv_w = 232, .box_w = 14, .box_h = 18, .ofs_x = 0, .ofs_y = 0},
    {.bitmap_index = 1957, .adv_w = 270, .box_w = 14, .box_h = 18, .ofs_x = 1, .ofs_y = 0},
    {.bitmap_index = 1986, .adv_w = 256, .box_w = 16, .box_h = 18, .ofs_x = 0, .ofs_y = 0},
    {.bitmap_index = 2047, .adv_w = 368, .box_w = 23, .box_h = 18, .ofs_x = 0, .ofs_y = 0},
    {.bitmap_index = 2135, .adv_w = 243, .box_w = 15, .box_h = 18, .ofs_x = 0, .ofs_y = 0},
    {.bitmap_index = 2196, .adv_w = 240, .box_w = 15, .box_h = 18, .ofs_x = 0, .ofs_y = 0},
    {.bitmap_index = 2238, .adv_w = 228, .box_w = 14, .box_h = 18, .ofs_x = 0, .ofs_y = 0},
    {.bitmap_index = 2287, .adv_w = 134, .box_w = 7, .box_h = 22, .ofs_x = 2, .ofs_y = -1},
    {.bitmap_index = 2299, .adv_w = 130, .box_w = 8, .box_h = 18, .ofs_x = 0, .ofs_y = 0},
    {.bitmap_index = 2330, .adv_w = 134, .box_w = 6, .box_h = 22, .ofs_x = 0, .ofs_y = -1},
    {.bitmap_index = 2342, .adv_w = 171, .box_w = 11, .box_h = 7, .ofs_x = 0, .ofs_y = 13},
    {.bitmap_index = 2360, .adv_w = 176, .box_w = 11, .box_h = 2, .ofs_x = 0, .ofs_y = -4},
    {.bitmap_index = 2364, .adv_w = 99, .box_w = 5, .box_h = 6, .ofs_x = 0, .ofs_y = 13},
    {.bitmap_index = 2372, .adv_w = 207, .box_w = 11, .box_h = 13, .ofs_x = 1, .ofs_y = 0},
    {.bitmap_index = 2407, .adv_w = 230, .box_w = 13, .box_h = 18, .ofs_x = 1, .ofs_y = 0},
    {.bitmap_index = 2445, .adv_w = 204, .box_w = 11, .box_h = 13, .ofs_x = 1, .ofs_y = 0},
    {.bitmap_index = 2479, .adv_w = 230, .box_w = 12, .box_h = 18, .ofs_x = 1, .ofs_y = 0},
    {.bitmap_index = 2520, .adv_w = 214, .box_w = 12, .box_h = 13, .ofs_x = 1, .ofs_y = 0},
    {.bitmap_index = 2556, .adv_w = 134, .box_w = 8, .box_h = 18, .ofs_x = 0, .ofs_y = 0},
    {.bitmap_index = 2574, .adv_w = 230, .box_w = 12, .box_h = 18, .ofs_x = 1, .ofs_y = -5},
    {.bitmap_index = 2626, .adv_w = 222, .box_w = 12, .box_h = 18, .ofs_x = 1, .ofs_y = 0},
    {.bitmap_index = 2649, .adv_w = 96, .box_w = 4, .box_h = 18, .ofs_x = 1, .ofs_y = 0},
    {.bitmap_index = 2658, .adv_w = 96, .box_w = 7, .box_h = 23, .ofs_x = -2, .ofs_y = -5},
    {.bitmap_index = 2678, .adv_w = 194, .box_w = 11, .box_h = 18, .ofs_x = 1, .ofs_y = 0},
    {.bitmap_index = 2711, .adv_w = 95, .box_w = 5, .box_h = 18, .ofs_x = 1, .ofs_y = 0},
    {.bitmap_index = 2718, .adv_w = 338, .box_w = 19, .box_h = 13, .ofs_x = 1, .ofs_y = 0},
    {.bitmap_index = 2750, .adv_w = 222, .box_w = 12, .box_h = 13, .ofs_x = 1, .ofs_y = 0},
    {.bitmap_index = 2771, .adv_w = 221, .box_w = 12, .box_h = 13, .ofs_x = 1, .ofs_y = 0},
    {.bitmap_index = 2807, .adv_w = 230, .box_w = 13, .box_h = 18, .ofs_x = 1, .ofs_y = -5},
    {.bitmap_index = 2847, .adv_w = 230, .box_w = 12, .box_h = 18, .ofs_x = 1, .ofs_y = -5},
    {.bitmap_index = 2888, .adv_w = 145, .box_w = 8, .box_h = 13, .ofs_x = 1, .ofs_y = 0},
    {.bitmap_index = 2903, .adv_w = 181, .box_w = 11, .box_h = 13, .ofs_x = 0, .ofs_y = 0},
    {.bitmap_index = 2938, .adv_w = 137, .box_w = 9, .box_h = 17, .ofs_x = 0, .ofs_y = 0},
    {.bitmap_index = 2959, .adv_w = 222, .box_w = 12, .box_h = 13, .ofs_x = 1, .ofs_y = 0},
    {.bitmap_index = 2979, .adv_w = 196, .box_w = 13, .box_h = 13, .ofs_x = 0, .ofs_y = 0},
    {.bitmap_index = 3016, .adv_w = 306, .box_w = 19, .box_h = 13, .ofs_x = 0, .ofs_y = 0},
    {.bitmap_index = 3073, .adv_w = 189, .box_w = 12, .box_h = 13, .ofs_x = 0, .ofs_y = 0},
    {.bitmap_index = 3111, .adv_w = 199, .box_w = 13, .box_h = 18, .ofs_x = 0, .ofs_y = -5},
    {.bitmap_index = 3163, .adv_w = 184, .box_w = 11, .box_h = 13, .ofs_x = 0, .ofs_y = 0},
    {.bitmap_index = 3193, .adv_w = 135, .box_w = 8, .box_h = 22, .ofs_x = 0, .ofs_y = -1},
    {.bitmap_index = 3225, .adv_w = 87, .box_w = 3, .box_h = 22, .ofs_x = 1, .ofs_y = -1},
    {.bitmap_index = 3230, .adv_w = 135, .box_w = 8, .box_h = 22, .ofs_x = 0, .ofs_y = -1},
    {.bitmap_index = 3258, .adv_w = 200, .box_w = 11, .box_h = 4, .ofs_x = 1, .ofs_y = 6},
    {.bitmap_index = 3271, .adv_w = 247, .box_w = 13, .box_h = 11, .ofs_x = 1, .ofs_y = 1},
    {.bitmap_index = 3308, .adv_w = 192, .box_w = 4, .box_h = 3, .ofs_x = 4, .ofs_y = 8},
    {.bitmap_index = 3312, .adv_w = 87, .box_w = 9, .box_h = 17, .ofs_x = -2, .ofs_y = 0},
    {.bitmap_index = 3329, .adv_w = 384, .box_w = 24, .box_h = 2, .ofs_x = 0, .ofs_y = 8},
    {.bitmap_index = 3335, .adv_w = 95, .box_w = 4, .box_h = 6, .ofs_x = 1, .ofs_y = 15},
    {.bitmap_index = 3342, .adv_w = 95, .box_w = 4, .box_h = 7, .ofs_x = 1, .ofs_y = 14},
    {.bitmap_index = 3350, .adv_w = 147, .box_w = 7, .box_h = 6, .ofs_x = 1, .ofs_y = 15},
    {.bitmap_index = 3360, .adv_w = 147, .box_w = 7, .box_h = 7, .ofs_x = 1, .ofs_y = 14},
    {.bitmap_index = 3373, .adv_w = 384, .box_w = 20, .box_h = 3, .ofs_x = 2, .ofs_y = 0},
    {.bitmap_index = 3385, .adv_w = 384, .box_w = 12, .box_h = 23, .ofs_x = 6, .ofs_y = -3},
    {.bitmap_index = 3418, .adv_w = 384, .box_w = 7, .box_h = 7, .ofs_x = 3, .ofs_y = -2},
    {.bitmap_index = 3429, .adv_w = 384, .box_w = 8, .box_h = 7, .ofs_x = 2, .ofs_y = -2},
    {.bitmap_index = 3444, .adv_w = 384, .box_w = 8, .box_h = 19, .ofs_x = 14, .ofs_y = 0},
    {.bitmap_index = 3478, .adv_w = 384, .box_w = 8, .box_h = 19, .ofs_x = 2, .ofs_y = 0},
    {.bitmap_index = 3512, .adv_w = 384, .box_w = 12, .box_h = 19, .ofs_x = 10, .ofs_y = 0},
    {.bitmap_index = 3569, .adv_w = 384, .box_w = 12, .box_h = 19, .ofs_x = 2, .ofs_y = 0},
    {.bitmap_index = 3626, .adv_w = 384, .box_w = 7, .box_h = 22, .ofs_x = 15, .ofs_y = -2},
    {.bitmap_index = 3650, .adv_w = 384, .box_w = 7, .box_h = 22, .ofs_x = 2, .ofs_y = -2},
    {.bitmap_index = 3674, .adv_w = 384, .box_w = 7, .box_h = 23, .ofs_x = 15, .ofs_y = -2},
    {.bitmap_index = 3695, .adv_w = 384, .box_w = 7, .box_h = 23, .ofs_x = 2, .ofs_y = -2},
    {.bitmap_index = 3716, .adv_w = 384, .box_w = 22, .box_h = 3, .ofs_x = 1, .ofs_y = 9},
    {.bitmap_index = 3725, .adv_w = 384, .box_w = 22, .box_h = 21, .ofs_x = 1, .ofs_y = -2},
    {.bitmap_index = 3795, .adv_w = 384, .box_w = 22, .box_h = 19, .ofs_x = 1, .ofs_y = 0},
    {.bitmap_index = 3834, .adv_w = 384, .box_w = 22, .box_h = 22, .ofs_x = 1, .ofs_y = -1},
    {.bitmap_index = 3872, .adv_w = 384, .box_w = 22, .box_h = 21, .ofs_x = 1, .ofs_y = -2},
    {.bitmap_index = 3918, .adv_w = 384, .box_w = 22, .box_h = 21, .ofs_x = 1, .ofs_y = -2},
    {.bitmap_index = 3989, .adv_w = 384, .box_w = 21, .box_h = 22, .ofs_x = 1, .ofs_y = -1},
    {.bitmap_index = 4051, .adv_w = 384, .box_w = 22, .box_h = 24, .ofs_x = 1, .ofs_y = -3},
    {.bitmap_index = 4148, .adv_w = 384, .box_w = 22, .box_h = 22, .ofs_x = 1, .ofs_y = -1},
    {.bitmap_index = 4194, .adv_w = 384, .box_w = 22, .box_h = 22, .ofs_x = 1, .ofs_y = -1},
    {.bitmap_index = 4263, .adv_w = 384, .box_w = 22, .box_h = 22, .ofs_x = 1, .ofs_y = -1},
    {.bitmap_index = 4358, .adv_w = 384, .box_w = 22, .box_h = 22, .ofs_x = 1, .ofs_y = -2},
    {.bitmap_index = 4442, .adv_w = 384, .box_w = 22, .box_h = 20, .ofs_x = 1, .ofs_y = -1},
    {.bitmap_index = 4525, .adv_w = 384, .box_w = 22, .box_h = 21, .ofs_x = 1, .ofs_y = -2},
    {.bitmap_index = 4599, .adv_w = 384, .box_w = 22, .box_h = 23, .ofs_x = 1, .ofs_y = -2},
    {.bitmap_index = 4668, .adv_w = 384, .box_w = 20, .box_h = 22, .ofs_x = 2, .ofs_y = -2},
    {.bitmap_index = 4702, .adv_w = 384, .box_w = 20, .box_h = 23, .ofs_x = 1, .ofs_y = -2},
    {.bitmap_index = 4794, .adv_w = 384, .box_w = 22, .box_h = 22, .ofs_x = 1, .ofs_y = -1},
    {.bitmap_index = 4853, .adv_w = 384, .box_w = 22, .box_h = 23, .ofs_x = 1, .ofs_y = -2},
    {.bitmap_index = 4946, .adv_w = 384, .box_w = 22, .box_h = 23, .ofs_x = 1, .ofs_y = -2},
    {.bitmap_index = 5047, .adv_w = 384, .box_w = 22, .box_h = 22, .ofs_x = 1, .ofs_y = -1},
    {.bitmap_index = 5137, .adv_w = 384, .box_w = 22, .box_h = 21, .ofs_x = 1, .ofs_y = -1},
    {.bitmap_index = 5221, .adv_w = 384, .box_w = 22, .box_h = 22, .ofs_x = 1, .ofs_y = -1},
    {.bitmap_index = 5296, .adv_w = 384, .box_w = 20, .box_h = 20, .ofs_x = 1, .ofs_y = -1},
    {.bitmap_index = 5372, .adv_w = 384, .box_w = 22, .box_h = 23, .ofs_x = 1, .ofs_y = -2},
    {.bitmap_index = 5442, .adv_w = 384, .box_w = 22, .box_h = 23, .ofs_x = 1, .ofs_y = -2},
    {.bitmap_index = 5511, .adv_w = 384, .box_w = 20, .box_h = 20, .ofs_x = 2, .ofs_y = -1},
    {.bitmap_index = 5557, .adv_w = 384, .box_w = 22, .box_h = 22, .ofs_x = 1, .ofs_y = -1},
    {.bitmap_index = 5635, .adv_w = 384, .box_w = 22, .box_h = 22, .ofs_x = 1, .ofs_y = -1},
    {.bitmap_index = 5729, .adv_w = 384, .box_w = 22, .box_h = 20, .ofs_x = 1, .ofs_y = -1},
    {.bitmap_index = 5770, .adv_w = 384, .box_w = 22, .box_h = 21, .ofs_x = 1, .ofs_y = -2},
    {.bitmap_index = 5846, .adv_w = 384, .box_w = 22, .box_h = 20, .ofs_x = 1, .ofs_y = -1},
    {.bitmap_index = 5907, .adv_w = 384, .box_w = 22, .box_h = 22, .ofs_x = 1, .ofs_y = -1},
    {.bitmap_index = 5991, .adv_w = 384, .box_w = 22, .box_h = 23, .ofs_x = 1, .ofs_y = -2},
    {.bitmap_index = 6088, .adv_w = 384, .box_w = 22, .box_h = 23, .ofs_x = 1, .ofs_y = -2},
    {.bitmap_index = 6179, .adv_w = 384, .box_w = 22, .box_h = 22, .ofs_x = 1, .ofs_y = -1},
    {.bitmap_index = 6271, .adv_w = 384, .box_w = 22, .box_h = 23, .ofs_x = 1, .ofs_y = -2},
    {.bitmap_index = 6347, .adv_w = 384, .box_w = 22, .box_h = 24, .ofs_x = 1, .ofs_y = -3},
    {.bitmap_index = 6408, .adv_w = 384, .box_w = 22, .box_h = 23, .ofs_x = 1, .ofs_y = -2},
    {.bitmap_index = 6505, .adv_w = 384, .box_w = 21, .box_h = 24, .ofs_x = 1, .ofs_y = -3},
    {.bitmap_index = 6600, .adv_w = 384, .box_w = 23, .box_h = 23, .ofs_x = 1, .ofs_y = -2},
    {.bitmap_index = 6687, .adv_w = 384, .box_w = 22, .box_h = 23, .ofs_x = 1, .ofs_y = -2},
    {.bitmap_index = 6778, .adv_w = 384, .box_w = 23, .box_h = 23, .ofs_x = 0, .ofs_y = -2},
    {.bitmap_index = 6880, .adv_w = 384, .box_w = 22, .box_h = 24, .ofs_x = 1, .ofs_y = -3},
    {.bitmap_index = 6985, .adv_w = 384, .box_w = 21, .box_h = 23, .ofs_x = 2, .ofs_y = -2},
    {.bitmap_index = 7077, .adv_w = 384, .box_w = 21, .box_h = 23, .ofs_x = 1, .ofs_y = -2},
    {.bitmap_index = 7144, .adv_w = 384, .box_w = 22, .box_h = 24, .ofs_x = 1, .ofs_y = -3},
    {.bitmap_index = 7225, .adv_w = 384, .box_w = 22, .box_h = 23, .ofs_x = 1, .ofs_y = -2},
    {.bitmap_index = 7300, .adv_w = 384, .box_w = 22, .box_h = 24, .ofs_x = 1, .ofs_y = -3},
    {.bitmap_index = 7397, .adv_w = 384, .box_w = 23, .box_h = 23, .ofs_x = 0, .ofs_y = -2},
    {.bitmap_index = 7478, .adv_w = 384, .box_w = 22, .box_h = 24, .ofs_x = 1, .ofs_y = -3},
    {.bitmap_index = 7585, .adv_w = 384, .box_w = 22, .box_h = 23, .ofs_x = 1, .ofs_y = -2},
    {.bitmap_index = 7680, .adv_w = 384, .box_w = 22, .box_h = 24, .ofs_x = 1, .ofs_y = -3},
    {.bitmap_index = 7788, .adv_w = 384, .box_w = 22, .box_h = 23, .ofs_x = 1, .ofs_y = -2},
    {.bitmap_index = 7858, .adv_w = 384, .box_w = 22, .box_h = 23, .ofs_x = 1, .ofs_y = -2},
    {.bitmap_index = 7953, .adv_w = 384, .box_w = 22, .box_h = 23, .ofs_x = 1, .ofs_y = -2},
    {.bitmap_index = 8035, .adv_w = 384, .box_w = 22, .box_h = 22, .ofs_x = 1, .ofs_y = -2},
    {.bitmap_index = 8127, .adv_w = 384, .box_w = 22, .box_h = 23, .ofs_x = 1, .ofs_y = -2},
    {.bitmap_index = 8199, .adv_w = 384, .box_w = 22, .box_h = 23, .ofs_x = 1, .ofs_y = -2},
    {.bitmap_index = 8298, .adv_w = 384, .box_w = 22, .box_h = 23, .ofs_x = 1, .ofs_y = -2},
    {.bitmap_index = 8371, .adv_w = 384, .box_w = 22, .box_h = 23, .ofs_x = 1, .ofs_y = -2},
    {.bitmap_index = 8472, .adv_w = 384, .box_w = 22, .box_h = 24, .ofs_x = 1, .ofs_y = -3},
    {.bitmap_index = 8578, .adv_w = 384, .box_w = 21, .box_h = 24, .ofs_x = 1, .ofs_y = -3},
    {.bitmap_index = 8683, .adv_w = 384, .box_w = 22, .box_h = 23, .ofs_x = 1, .ofs_y = -2},
    {.bitmap_index = 8778, .adv_w = 384, .box_w = 22, .box_h = 24, .ofs_x = 1, .ofs_y = -3},
    {.bitmap_index = 8886, .adv_w = 384, .box_w = 22, .box_h = 23, .ofs_x = 1, .ofs_y = -2},
    {.bitmap_index = 8983, .adv_w = 384, .box_w = 22, .box_h = 22, .ofs_x = 1, .ofs_y = -2},
    {.bitmap_index = 9076, .adv_w = 384, .box_w = 22, .box_h = 23, .ofs_x = 1, .ofs_y = -2},
    {.bitmap_index = 9167, .adv_w = 384, .box_w = 23, .box_h = 24, .ofs_x = 0, .ofs_y = -3},
    {.bitmap_index = 9271, .adv_w = 384, .box_w = 22, .box_h = 24, .ofs_x = 1, .ofs_y = -3},
    {.bitmap_index = 9368, .adv_w = 384, .box_w = 22, .box_h = 23, .ofs_x = 1, .ofs_y = -2},
    {.bitmap_index = 9465, .adv_w = 384, .box_w = 21, .box_h = 23, .ofs_x = 1, .ofs_y = -2},
    {.bitmap_index = 9561, .adv_w = 384, .box_w = 23, .box_h = 24, .ofs_x = 0, .ofs_y = -3},
    {.bitmap_index = 9673, .adv_w = 384, .box_w = 22, .box_h = 23, .ofs_x = 1, .ofs_y = -2},
    {.bitmap_index = 9760, .adv_w = 384, .box_w = 22, .box_h = 23, .ofs_x = 1, .ofs_y = -2},
    {.bitmap_index = 9869, .adv_w = 384, .box_w = 22, .box_h = 23, .ofs_x = 1, .ofs_y = -2},
    {.bitmap_index = 9978, .adv_w = 384, .box_w = 22, .box_h = 23, .ofs_x = 1, .ofs_y = -2},
    {.bitmap_index = 10091, .adv_w = 384, .box_w = 22, .box_h = 23, .ofs_x = 1, .ofs_y = -3},
    {.bitmap_index = 10151, .adv_w = 384, .box_w = 22, .box_h = 21, .ofs_x = 1, .ofs_y = -2},
    {.bitmap_index = 10219, .adv_w = 384, .box_w = 22, .box_h = 23, .ofs_x = 1, .ofs_y = -2},
    {.bitmap_index = 10309, .adv_w = 384, .box_w = 22, .box_h = 23, .ofs_x = 1, .ofs_y = -2},
    {.bitmap_index = 10394, .adv_w = 384, .box_w = 22, .box_h = 23, .ofs_x = 1, .ofs_y = -2},
    {.bitmap_index = 10475, .adv_w = 384, .box_w = 22, .box_h = 22, .ofs_x = 1, .ofs_y = -2},
    {.bitmap_index = 10559, .adv_w = 384, .box_w = 22, .box_h = 22, .ofs_x = 1, .ofs_y = -1},
    {.bitmap_index = 10634, .adv_w = 384, .box_w = 22, .box_h = 22, .ofs_x = 1, .ofs_y = -2},
    {.bitmap_index = 10720, .adv_w = 384, .box_w = 22, .box_h = 23, .ofs_x = 1, .ofs_y = -2},
    {.bitmap_index = 10825, .adv_w = 384, .box_w = 22, .box_h = 23, .ofs_x = 1, .ofs_y = -2},
    {.bitmap_index = 10898, .adv_w = 384, .box_w = 22, .box_h = 23, .ofs_x = 1, .ofs_y = -2},
    {.bitmap_index = 10991, .adv_w = 384, .box_w = 22, .box_h = 22, .ofs_x = 1, .ofs_y = -2},
    {.bitmap_index = 11068, .adv_w = 384, .box_w = 22, .box_h = 23, .ofs_x = 1, .ofs_y = -2},
    {.bitmap_index = 11156, .adv_w = 384, .box_w = 18, .box_h = 23, .ofs_x = 3, .ofs_y = -2},
    {.bitmap_index = 11220, .adv_w = 384, .box_w = 22, .box_h = 22, .ofs_x = 1, .ofs_y = -2},
    {.bitmap_index = 11295, .adv_w = 384, .box_w = 22, .box_h = 21, .ofs_x = 1, .ofs_y = -2},
    {.bitmap_index = 11368, .adv_w = 384, .box_w = 21, .box_h = 20, .ofs_x = 1, .ofs_y = -1},
    {.bitmap_index = 11434, .adv_w = 384, .box_w = 22, .box_h = 21, .ofs_x = 1, .ofs_y = -2},
    {.bitmap_index = 11509, .adv_w = 384, .box_w = 21, .box_h = 21, .ofs_x = 1, .ofs_y = -1},
    {.bitmap_index = 11594, .adv_w = 384, .box_w = 21, .box_h = 22, .ofs_x = 1, .ofs_y = -2},
    {.bitmap_index = 11666, .adv_w = 384, .box_w = 22, .box_h = 23, .ofs_x = 1, .ofs_y = -2},
    {.bitmap_index = 11763, .adv_w = 384, .box_w = 22, .box_h = 22, .ofs_x = 1, .ofs_y = -2},
    {.bitmap_index = 11853, .adv_w = 384, .box_w = 22, .box_h = 23, .ofs_x = 1, .ofs_y = -2},
    {.bitmap_index = 11952, .adv_w = 384, .box_w = 22, .box_h = 23, .ofs_x = 1, .ofs_y = -2},
    {.bitmap_index = 12064, .adv_w = 384, .box_w = 22, .box_h = 23, .ofs_x = 1, .ofs_y = -2},
    {.bitmap_index = 12178, .adv_w = 384, .box_w = 22, .box_h = 21, .ofs_x = 1, .ofs_y = -2},
    {.bitmap_index = 12232, .adv_w = 384, .box_w = 22, .box_h = 22, .ofs_x = 1, .ofs_y = -2},
    {.bitmap_index = 12326, .adv_w = 384, .box_w = 22, .box_h = 23, .ofs_x = 1, .ofs_y = -2},
    {.bitmap_index = 12428, .adv_w = 384, .box_w = 18, .box_h = 23, .ofs_x = 3, .ofs_y = -2},
    {.bitmap_index = 12482, .adv_w = 384, .box_w = 22, .box_h = 23, .ofs_x = 1, .ofs_y = -2},
    {.bitmap_index = 12536, .adv_w = 384, .box_w = 20, .box_h = 20, .ofs_x = 1, .ofs_y = -1},
    {.bitmap_index = 12601, .adv_w = 384, .box_w = 22, .box_h = 23, .ofs_x = 1, .ofs_y = -2},
    {.bitmap_index = 12704, .adv_w = 384, .box_w = 21, .box_h = 23, .ofs_x = 1, .ofs_y = -2},
    {.bitmap_index = 12793, .adv_w = 384, .box_w = 21, .box_h = 23, .ofs_x = 1, .ofs_y = -2},
    {.bitmap_index = 12882, .adv_w = 384, .box_w = 21, .box_h = 23, .ofs_x = 1, .ofs_y = -2},
    {.bitmap_index = 12948, .adv_w = 384, .box_w = 21, .box_h = 22, .ofs_x = 1, .ofs_y = -1},
    {.bitmap_index = 13030, .adv_w = 384, .box_w = 22, .box_h = 24, .ofs_x = 0, .ofs_y = -3},
    {.bitmap_index = 13134, .adv_w = 384, .box_w = 21, .box_h = 23, .ofs_x = 1, .ofs_y = -2},
    {.bitmap_index = 13226, .adv_w = 384, .box_w = 21, .box_h = 23, .ofs_x = 1, .ofs_y = -2},
    {.bitmap_index = 13299, .adv_w = 384, .box_w = 21, .box_h = 22, .ofs_x = 1, .ofs_y = -1},
    {.bitmap_index = 13382, .adv_w = 384, .box_w = 21, .box_h = 23, .ofs_x = 1, .ofs_y = -2},
    {.bitmap_index = 13468, .adv_w = 384, .box_w = 22, .box_h = 23, .ofs_x = 1, .ofs_y = -2},
    {.bitmap_index = 13558, .adv_w = 384, .box_w = 20, .box_h = 23, .ofs_x = 1, .ofs_y = -2},
    {.bitmap_index = 13628, .adv_w = 384, .box_w = 22, .box_h = 23, .ofs_x = 1, .ofs_y = -2},
    {.bitmap_index = 13719, .adv_w = 384, .box_w = 21, .box_h = 23, .ofs_x = 1, .ofs_y = -2},
    {.bitmap_index = 13799, .adv_w = 384, .box_w = 22, .box_h = 23, .ofs_x = 0, .ofs_y = -2},
    {.bitmap_index = 13874, .adv_w = 384, .box_w = 22, .box_h = 23, .ofs_x = 1, .ofs_y = -2},
    {.bitmap_index = 13981, .adv_w = 384, .box_w = 21, .box_h = 23, .ofs_x = 1, .ofs_y = -2},
    {.bitmap_index = 14078, .adv_w = 384, .box_w = 22, .box_h = 23, .ofs_x = 1, .ofs_y = -2},
    {.bitmap_index = 14175, .adv_w = 384, .box_w = 22, .box_h = 23, .ofs_x = 1, .ofs_y = -2},
    {.bitmap_index = 14263, .adv_w = 384, .box_w = 20, .box_h = 20, .ofs_x = 3, .ofs_y = -1},
    {.bitmap_index = 14341, .adv_w = 384, .box_w = 20, .box_h = 21, .ofs_x = 3, .ofs_y = -1},
    {.bitmap_index = 14422, .adv_w = 384, .box_w = 22, .box_h = 22, .ofs_x = 1, .ofs_y = -2},
    {.bitmap_index = 14456, .adv_w = 384, .box_w = 22, .box_h = 23, .ofs_x = 1, .ofs_y = -3},
    {.bitmap_index = 14531, .adv_w = 384, .box_w = 22, .box_h = 22, .ofs_x = 1, .ofs_y = -2},
    {.bitmap_index = 14599, .adv_w = 384, .box_w = 22, .box_h = 23, .ofs_x = 1, .ofs_y = -2},
    {.bitmap_index = 14686, .adv_w = 384, .box_w = 23, .box_h = 23, .ofs_x = 1, .ofs_y = -3},
    {.bitmap_index = 14778, .adv_w = 384, .box_w = 22, .box_h = 23, .ofs_x = 1, .ofs_y = -2},
    {.bitmap_index = 14853, .adv_w = 384, .box_w = 14, .box_h = 22, .ofs_x = 8, .ofs_y = -2},
    {.bitmap_index = 14891, .adv_w = 384, .box_w = 20, .box_h = 23, .ofs_x = 3, .ofs_y = -2},
    {.bitmap_index = 14933, .adv_w = 384, .box_w = 22, .box_h = 23, .ofs_x = 1, .ofs_y = -2},
    {.bitmap_index = 15002, .adv_w = 384, .box_w = 22, .box_h = 20, .ofs_x = 1, .ofs_y = -1},
    {.bitmap_index = 15048, .adv_w = 384, .box_w = 22, .box_h = 23, .ofs_x = 1, .ofs_y = -2},
    {.bitmap_index = 15141, .adv_w = 384, .box_w = 20, .box_h = 22, .ofs_x = 2, .ofs_y = -2},
    {.bitmap_index = 15216, .adv_w = 384, .box_w = 21, .box_h = 23, .ofs_x = 1, .ofs_y = -2},
    {.bitmap_index = 15305, .adv_w = 384, .box_w = 22, .box_h = 21, .ofs_x = 1, .ofs_y = -2},
    {.bitmap_index = 15350, .adv_w = 384, .box_w = 22, .box_h = 21, .ofs_x = 1, .ofs_y = -2},
    {.bitmap_index = 15421, .adv_w = 384, .box_w = 22, .box_h = 22, .ofs_x = 1, .ofs_y = -2},
    {.bitmap_index = 15513, .adv_w = 384, .box_w = 22, .box_h = 23, .ofs_x = 1, .ofs_y = -2},
    {.bitmap_index = 15591, .adv_w = 384, .box_w = 22, .box_h = 23, .ofs_x = 1, .ofs_y = -2},
    {.bitmap_index = 15706, .adv_w = 384, .box_w = 22, .box_h = 21, .ofs_x = 1, .ofs_y = -2},
    {.bitmap_index = 15801, .adv_w = 384, .box_w = 22, .box_h = 21, .ofs_x = 1, .ofs_y = -2},
    {.bitmap_index = 15896, .adv_w = 384, .box_w = 22, .box_h = 23, .ofs_x = 1, .ofs_y = -2},
    {.bitmap_index = 15989, .adv_w = 384, .box_w = 22, .box_h = 22, .ofs_x = 1, .ofs_y = -2},
    {.bitmap_index = 16081, .adv_w = 384, .box_w = 22, .box_h = 23, .ofs_x = 1, .ofs_y = -2},
    {.bitmap_index = 16190, .adv_w = 384, .box_w = 22, .box_h = 22, .ofs_x = 1, .ofs_y = -2},
    {.bitmap_index = 16288, .adv_w = 384, .box_w = 22, .box_h = 22, .ofs_x = 1, .ofs_y = -2},
    {.bitmap_index = 16393, .adv_w = 384, .box_w = 22, .box_h = 23, .ofs_x = 1, .ofs_y = -2},
    {.bitmap_index = 16498, .adv_w = 384, .box_w = 18, .box_h = 19, .ofs_x = 3, .ofs_y = -1},
    {.bitmap_index = 16526, .adv_w = 384, .box_w = 22, .box_h = 21, .ofs_x = 1, .ofs_y = -2},
    {.bitmap_index = 16592, .adv_w = 384, .box_w = 20, .box_h = 22, .ofs_x = 2, .ofs_y = -2},
    {.bitmap_index = 16648, .adv_w = 384, .box_w = 22, .box_h = 20, .ofs_x = 1, .ofs_y = -1},
    {.bitmap_index = 16700, .adv_w = 384, .box_w = 22, .box_h = 23, .ofs_x = 1, .ofs_y = -2},
    {.bitmap_index = 16780, .adv_w = 384, .box_w = 22, .box_h = 21, .ofs_x = 1, .ofs_y = -1},
    {.bitmap_index = 16853, .adv_w = 384, .box_w = 21, .box_h = 22, .ofs_x = 2, .ofs_y = -1},
    {.bitmap_index = 16938, .adv_w = 384, .box_w = 22, .box_h = 23, .ofs_x = 1, .ofs_y = -2},
    {.bitmap_index = 17026, .adv_w = 384, .box_w = 22, .box_h = 23, .ofs_x = 1, .ofs_y = -2},
    {.bitmap_index = 17104, .adv_w = 384, .box_w = 20, .box_h = 21, .ofs_x = 2, .ofs_y = -1},
    {.bitmap_index = 17164, .adv_w = 384, .box_w = 20, .box_h = 23, .ofs_x = 1, .ofs_y = -2},
    {.bitmap_index = 17245, .adv_w = 384, .box_w = 22, .box_h = 22, .ofs_x = 1, .ofs_y = -2},
    {.bitmap_index = 17319, .adv_w = 384, .box_w = 20, .box_h = 22, .ofs_x = 2, .ofs_y = -1},
    {.bitmap_index = 17374, .adv_w = 384, .box_w = 18, .box_h = 21, .ofs_x = 3, .ofs_y = -1},
    {.bitmap_index = 17424, .adv_w = 384, .box_w = 20, .box_h = 20, .ofs_x = 2, .ofs_y = -1},
    {.bitmap_index = 17490, .adv_w = 384, .box_w = 22, .box_h = 21, .ofs_x = 1, .ofs_y = -2},
    {.bitmap_index = 17567, .adv_w = 384, .box_w = 21, .box_h = 23, .ofs_x = 2, .ofs_y = -3},
    {.bitmap_index = 17636, .adv_w = 384, .box_w = 21, .box_h = 23, .ofs_x = 1, .ofs_y = -2},
    {.bitmap_index = 17709, .adv_w = 384, .box_w = 22, .box_h = 23, .ofs_x = 1, .ofs_y = -2},
    {.bitmap_index = 17782, .adv_w = 384, .box_w = 21, .box_h = 22, .ofs_x = 1, .ofs_y = -2},
    {.bitmap_index = 17861, .adv_w = 384, .box_w = 21, .box_h = 21, .ofs_x = 2, .ofs_y = -2},
    {.bitmap_index = 17941, .adv_w = 384, .box_w = 21, .box_h = 22, .ofs_x = 1, .ofs_y = -2},
    {.bitmap_index = 18027, .adv_w = 384, .box_w = 22, .box_h = 23, .ofs_x = 1, .ofs_y = -2},
    {.bitmap_index = 18109, .adv_w = 384, .box_w = 21, .box_h = 22, .ofs_x = 1, .ofs_y = -2},
    {.bitmap_index = 18191, .adv_w = 384, .box_w = 20, .box_h = 22, .ofs_x = 2, .ofs_y = -1},
    {.bitmap_index = 18254, .adv_w = 384, .box_w = 21, .box_h = 21, .ofs_x = 2, .ofs_y = -2},
    {.bitmap_index = 18342, .adv_w = 384, .box_w = 22, .box_h = 24, .ofs_x = 1, .ofs_y = -3},
    {.bitmap_index = 18442, .adv_w = 384, .box_w = 22, .box_h = 22, .ofs_x = 1, .ofs_y = -1},
    {.bitmap_index = 18529, .adv_w = 384, .box_w = 21, .box_h = 22, .ofs_x = 2, .ofs_y = -1},
    {.bitmap_index = 18623, .adv_w = 384, .box_w = 22, .box_h = 23, .ofs_x = 1, .ofs_y = -2},
    {.bitmap_index = 18718, .adv_w = 384, .box_w = 21, .box_h = 23, .ofs_x = 2, .ofs_y = -2},
    {.bitmap_index = 18816, .adv_w = 384, .box_w = 22, .box_h = 22, .ofs_x = 1, .ofs_y = -2},
    {.bitmap_index = 18906, .adv_w = 384, .box_w = 20, .box_h = 21, .ofs_x = 2, .ofs_y = -2},
    {.bitmap_index = 18959, .adv_w = 384, .box_w = 20, .box_h = 22, .ofs_x = 2, .ofs_y = -2},
    {.bitmap_index = 19010, .adv_w = 384, .box_w = 20, .box_h = 22, .ofs_x = 2, .ofs_y = -2},
    {.bitmap_index = 19086, .adv_w = 384, .box_w = 20, .box_h = 22, .ofs_x = 2, .ofs_y = -2},
    {.bitmap_index = 19153, .adv_w = 384, .box_w = 20, .box_h = 22, .ofs_x = 2, .ofs_y = -2},
    {.bitmap_index = 19227, .adv_w = 384, .box_w = 20, .box_h = 22, .ofs_x = 2, .ofs_y = -2},
    {.bitmap_index = 19317, .adv_w = 384, .box_w = 22, .box_h = 23, .ofs_x = 1, .ofs_y = -2},
    {.bitmap_index = 19400, .adv_w = 384, .box_w = 22, .box_h = 22, .ofs_x = 1, .ofs_y = -1},
    {.bitmap_index = 19479, .adv_w = 384, .box_w = 22, .box_h = 23, .ofs_x = 0, .ofs_y = -2},
    {.bitmap_index = 19587, .adv_w = 384, .box_w = 22, .box_h = 22, .ofs_x = 1, .ofs_y = -1},
    {.bitmap_index = 19649, .adv_w = 384, .box_w = 22, .box_h = 23, .ofs_x = 1, .ofs_y = -2},
    {.bitmap_index = 19738, .adv_w = 384, .box_w = 22, .box_h = 22, .ofs_x = 1, .ofs_y = -1},
    {.bitmap_index = 19841, .adv_w = 384, .box_w = 22, .box_h = 23, .ofs_x = 1, .ofs_y = -2},
    {.bitmap_index = 19941, .adv_w = 384, .box_w = 22, .box_h = 22, .ofs_x = 1, .ofs_y = -1},
    {.bitmap_index = 19985, .adv_w = 384, .box_w = 22, .box_h = 23, .ofs_x = 1, .ofs_y = -2},
    {.bitmap_index = 20062, .adv_w = 384, .box_w = 22, .box_h = 23, .ofs_x = 1, .ofs_y = -2},
    {.bitmap_index = 20159, .adv_w = 384, .box_w = 22, .box_h = 23, .ofs_x = 1, .ofs_y = -2},
    {.bitmap_index = 20258, .adv_w = 384, .box_w = 23, .box_h = 23, .ofs_x = 0, .ofs_y = -2},
    {.bitmap_index = 20363, .adv_w = 384, .box_w = 22, .box_h = 22, .ofs_x = 1, .ofs_y = -2},
    {.bitmap_index = 20453, .adv_w = 384, .box_w = 22, .box_h = 23, .ofs_x = 1, .ofs_y = -3},
    {.bitmap_index = 20551, .adv_w = 384, .box_w = 21, .box_h = 23, .ofs_x = 1, .ofs_y = -2},
    {.bitmap_index = 20658, .adv_w = 384, .box_w = 22, .box_h = 23, .ofs_x = 1, .ofs_y = -2},
    {.bitmap_index = 20738, .adv_w = 384, .box_w = 22, .box_h = 21, .ofs_x = 1, .ofs_y = -2},
    {.bitmap_index = 20817, .adv_w = 384, .box_w = 22, .box_h = 23, .ofs_x = 1, .ofs_y = -2},
    {.bitmap_index = 20901, .adv_w = 384, .box_w = 22, .box_h = 23, .ofs_x = 1, .ofs_y = -2},
    {.bitmap_index = 20983, .adv_w = 384, .box_w = 22, .box_h = 23, .ofs_x = 1, .ofs_y = -2},
    {.bitmap_index = 21073, .adv_w = 384, .box_w = 22, .box_h = 22, .ofs_x = 1, .ofs_y = -2},
    {.bitmap_index = 21169, .adv_w = 384, .box_w = 22, .box_h = 23, .ofs_x = 1, .ofs_y = -2},
    {.bitmap_index = 21266, .adv_w = 384, .box_w = 22, .box_h = 23, .ofs_x = 1, .ofs_y = -2},
    {.bitmap_index = 21368, .adv_w = 384, .box_w = 22, .box_h = 23, .ofs_x = 1, .ofs_y = -2},
    {.bitmap_index = 21466, .adv_w = 384, .box_w = 21, .box_h = 23, .ofs_x = 1, .ofs_y = -2},
    {.bitmap_index = 21561, .adv_w = 384, .box_w = 21, .box_h = 23, .ofs_x = 1, .ofs_y = -2},
    {.bitmap_index = 21660, .adv_w = 384, .box_w = 22, .box_h = 23, .ofs_x = 1, .ofs_y = -2},
    {.bitmap_index = 21764, .adv_w = 384, .box_w = 22, .box_h = 22, .ofs_x = 1, .ofs_y = -2},
    {.bitmap_index = 21871, .adv_w = 384, .box_w = 22, .box_h = 23, .ofs_x = 1, .ofs_y = -2},
    {.bitmap_index = 21980, .adv_w = 384, .box_w = 22, .box_h = 23, .ofs_x = 1, .ofs_y = -2},
    {.bitmap_index = 22086, .adv_w = 384, .box_w = 22, .box_h = 23, .ofs_x = 1, .ofs_y = -2},
    {.bitmap_index = 22195, .adv_w = 384, .box_w = 22, .box_h = 23, .ofs_x = 1, .ofs_y = -2},
    {.bitmap_index = 22309, .adv_w = 384, .box_w = 22, .box_h = 20, .ofs_x = 1, .ofs_y = -1},
    {.bitmap_index = 22370, .adv_w = 384, .box_w = 22, .box_h = 21, .ofs_x = 1, .ofs_y = -1},
    {.bitmap_index = 22439, .adv_w = 384, .box_w = 22, .box_h = 22, .ofs_x = 1, .ofs_y = -1},
    {.bitmap_index = 22515, .adv_w = 384, .box_w = 22, .box_h = 23, .ofs_x = 1, .ofs_y = -2},
    {.bitmap_index = 22602, .adv_w = 384, .box_w = 22, .box_h = 21, .ofs_x = 1, .ofs_y = -1},
    {.bitmap_index = 22679, .adv_w = 384, .box_w = 22, .box_h = 21, .ofs_x = 1, .ofs_y = -1},
    {.bitmap_index = 22773, .adv_w = 384, .box_w = 22, .box_h = 23, .ofs_x = 1, .ofs_y = -2},
    {.bitmap_index = 22861, .adv_w = 384, .box_w = 22, .box_h = 24, .ofs_x = 1, .ofs_y = -3},
    {.bitmap_index = 22976, .adv_w = 384, .box_w = 20, .box_h = 22, .ofs_x = 2, .ofs_y = -1},
    {.bitmap_index = 23054, .adv_w = 384, .box_w = 22, .box_h = 23, .ofs_x = 1, .ofs_y = -2},
    {.bitmap_index = 23158, .adv_w = 384, .box_w = 22, .box_h = 23, .ofs_x = 1, .ofs_y = -2},
    {.bitmap_index = 23249, .adv_w = 384, .box_w = 22, .box_h = 23, .ofs_x = 1, .ofs_y = -2},
    {.bitmap_index = 23339, .adv_w = 384, .box_w = 22, .box_h = 23, .ofs_x = 1, .ofs_y = -2},
    {.bitmap_index = 23425, .adv_w = 384, .box_w = 22, .box_h = 22, .ofs_x = 1, .ofs_y = -1},
    {.bitmap_index = 23499, .adv_w = 384, .box_w = 22, .box_h = 23, .ofs_x = 1, .ofs_y = -2},
    {.bitmap_index = 23603, .adv_w = 384, .box_w = 22, .box_h = 23, .ofs_x = 1, .ofs_y = -2},
    {.bitmap_index = 23709, .adv_w = 384, .box_w = 22, .box_h = 23, .ofs_x = 1, .ofs_y = -2},
    {.bitmap_index = 23816, .adv_w = 384, .box_w = 22, .box_h = 23, .ofs_x = 1, .ofs_y = -2},
    {.bitmap_index = 23915, .adv_w = 384, .box_w = 22, .box_h = 23, .ofs_x = 1, .ofs_y = -2},
    {.bitmap_index = 24027, .adv_w = 384, .box_w = 22, .box_h = 22, .ofs_x = 1, .ofs_y = -1},
    {.bitmap_index = 24122, .adv_w = 384, .box_w = 22, .box_h = 22, .ofs_x = 1, .ofs_y = -1},
    {.bitmap_index = 24221, .adv_w = 384, .box_w = 22, .box_h = 23, .ofs_x = 1, .ofs_y = -2},
    {.bitmap_index = 24324, .adv_w = 384, .box_w = 22, .box_h = 22, .ofs_x = 1, .ofs_y = -1},
    {.bitmap_index = 24403, .adv_w = 384, .box_w = 22, .box_h = 23, .ofs_x = 1, .ofs_y = -2},
    {.bitmap_index = 24499, .adv_w = 384, .box_w = 22, .box_h = 22, .ofs_x = 1, .ofs_y = -1},
    {.bitmap_index = 24594, .adv_w = 384, .box_w = 22, .box_h = 23, .ofs_x = 1, .ofs_y = -2},
    {.bitmap_index = 24684, .adv_w = 384, .box_w = 22, .box_h = 23, .ofs_x = 1, .ofs_y = -2},
    {.bitmap_index = 24769, .adv_w = 384, .box_w = 22, .box_h = 23, .ofs_x = 1, .ofs_y = -2},
    {.bitmap_index = 24878, .adv_w = 384, .box_w = 22, .box_h = 22, .ofs_x = 1, .ofs_y = -2},
    {.bitmap_index = 24953, .adv_w = 384, .box_w = 22, .box_h = 22, .ofs_x = 1, .ofs_y = -2},
    {.bitmap_index = 25040, .adv_w = 384, .box_w = 21, .box_h = 23, .ofs_x = 0, .ofs_y = -3},
    {.bitmap_index = 25124, .adv_w = 384, .box_w = 22, .box_h = 23, .ofs_x = 1, .ofs_y = -3},
    {.bitmap_index = 25224, .adv_w = 384, .box_w = 22, .box_h = 22, .ofs_x = 1, .ofs_y = -2},
    {.bitmap_index = 25325, .adv_w = 384, .box_w = 21, .box_h = 22, .ofs_x = 1, .ofs_y = -2},
    {.bitmap_index = 25418, .adv_w = 384, .box_w = 18, .box_h = 23, .ofs_x = 3, .ofs_y = -2},
    {.bitmap_index = 25451, .adv_w = 384, .box_w = 20, .box_h = 23, .ofs_x = 1, .ofs_y = -2},
    {.bitmap_index = 25541, .adv_w = 384, .box_w = 22, .box_h = 23, .ofs_x = 1, .ofs_y = -2},
    {.bitmap_index = 25638, .adv_w = 384, .box_w = 22, .box_h = 19, .ofs_x = 1, .ofs_y = 0},
    {.bitmap_index = 25669, .adv_w = 384, .box_w = 22, .box_h = 22, .ofs_x = 1, .ofs_y = -1},
    {.bitmap_index = 25749, .adv_w = 384, .box_w = 20, .box_h = 20, .ofs_x = 2, .ofs_y = -1},
    {.bitmap_index = 25795, .adv_w = 384, .box_w = 20, .box_h = 20, .ofs_x = 2, .ofs_y = -1},
    {.bitmap_index = 25844, .adv_w = 384, .box_w = 22, .box_h = 23, .ofs_x = 1, .ofs_y = -2},
    {.bitmap_index = 25904, .adv_w = 384, .box_w = 22, .box_h = 23, .ofs_x = 1, .ofs_y = -2},
    {.bitmap_index = 25984, .adv_w = 384, .box_w = 21, .box_h = 24, .ofs_x = 2, .ofs_y = -3},
    {.bitmap_index = 26053, .adv_w = 384, .box_w = 22, .box_h = 22, .ofs_x = 1, .ofs_y = -2},
    {.bitmap_index = 26134, .adv_w = 384, .box_w = 21, .box_h = 23, .ofs_x = 2, .ofs_y = -3},
    {.bitmap_index = 26214, .adv_w = 384, .box_w = 22, .box_h = 23, .ofs_x = 1, .ofs_y = -2},
    {.bitmap_index = 26306, .adv_w = 384, .box_w = 20, .box_h = 23, .ofs_x = 2, .ofs_y = -2},
    {.bitmap_index = 26390, .adv_w = 384, .box_w = 22, .box_h = 23, .ofs_x = 1, .ofs_y = -2},
    {.bitmap_index = 26499, .adv_w = 384, .box_w = 22, .box_h = 21, .ofs_x = 1, .ofs_y = -2},
    {.bitmap_index = 26538, .adv_w = 384, .box_w = 22, .box_h = 22, .ofs_x = 1, .ofs_y = -2},
    {.bitmap_index = 26606, .adv_w = 384, .box_w = 22, .box_h = 23, .ofs_x = 1, .ofs_y = -2},
    {.bitmap_index = 26676, .adv_w = 384, .box_w = 22, .box_h = 24, .ofs_x = 1, .ofs_y = -3},
    {.bitmap_index = 26758, .adv_w = 384, .box_w = 22, .box_h = 23, .ofs_x = 1, .ofs_y = -2},
    {.bitmap_index = 26816, .adv_w = 384, .box_w = 22, .box_h = 23, .ofs_x = 1, .ofs_y = -2},
    {.bitmap_index = 26912, .adv_w = 384, .box_w = 22, .box_h = 23, .ofs_x = 1, .ofs_y = -2},
    {.bitmap_index = 27005, .adv_w = 384, .box_w = 22, .box_h = 23, .ofs_x = 1, .ofs_y = -2},
    {.bitmap_index = 27111, .adv_w = 384, .box_w = 22, .box_h = 23, .ofs_x = 1, .ofs_y = -2},
    {.bitmap_index = 27210, .adv_w = 384, .box_w = 22, .box_h = 23, .ofs_x = 1, .ofs_y = -2},
    {.bitmap_index = 27316, .adv_w = 384, .box_w = 22, .box_h = 23, .ofs_x = 1, .ofs_y = -2},
    {.bitmap_index = 27426, .adv_w = 384, .box_w = 22, .box_h = 22, .ofs_x = 1, .ofs_y = -3},
    {.bitmap_index = 27495, .adv_w = 384, .box_w = 22, .box_h = 23, .ofs_x = 1, .ofs_y = -3},
    {.bitmap_index = 27588, .adv_w = 384, .box_w = 22, .box_h = 24, .ofs_x = 1, .ofs_y = -3},
    {.bitmap_index = 27688, .adv_w = 384, .box_w = 22, .box_h = 22, .ofs_x = 1, .ofs_y = -1},
    {.bitmap_index = 27780, .adv_w = 384, .box_w = 19, .box_h = 22, .ofs_x = 2, .ofs_y = -2},
    {.bitmap_index = 27834, .adv_w = 384, .box_w = 22, .box_h = 23, .ofs_x = 1, .ofs_y = -2},
    {.bitmap_index = 27930, .adv_w = 384, .box_w = 22, .box_h = 22, .ofs_x = 1, .ofs_y = -2},
    {.bitmap_index = 28022, .adv_w = 384, .box_w = 19, .box_h = 23, .ofs_x = 2, .ofs_y = -2},
    {.bitmap_index = 28092, .adv_w = 384, .box_w = 22, .box_h = 22, .ofs_x = 1, .ofs_y = -2},
    {.bitmap_index = 28191, .adv_w = 384, .box_w = 22, .box_h = 23, .ofs_x = 1, .ofs_y = -2},
    {.bitmap_index = 28301, .adv_w = 384, .box_w = 21, .box_h = 24, .ofs_x = 1, .ofs_y = -3},
    {.bitmap_index = 28404, .adv_w = 384, .box_w = 22, .box_h = 23, .ofs_x = 1, .ofs_y = -2},
    {.bitmap_index = 28492, .adv_w = 384, .box_w = 22, .box_h = 23, .ofs_x = 1, .ofs_y = -2},
    {.bitmap_index = 28577, .adv_w = 384, .box_w = 22, .box_h = 23, .ofs_x = 1, .ofs_y = -2},
    {.bitmap_index = 28676, .adv_w = 384, .box_w = 22, .box_h = 24, .ofs_x = 1, .ofs_y = -3},
    {.bitmap_index = 28780, .adv_w = 384, .box_w = 22, .box_h = 22, .ofs_x = 1, .ofs_y = -2},
    {.bitmap_index = 28887, .adv_w = 384, .box_w = 22, .box_h = 23, .ofs_x = 1, .ofs_y = -2},
    {.bitmap_index = 28982, .adv_w = 384, .box_w = 22, .box_h = 23, .ofs_x = 1, .ofs_y = -2},
    {.bitmap_index = 29091, .adv_w = 384, .box_w = 22, .box_h = 22, .ofs_x = 1, .ofs_y = -1},
    {.bitmap_index = 29181, .adv_w = 384, .box_w = 23, .box_h = 22, .ofs_x = 1, .ofs_y = -1},
    {.bitmap_index = 29283, .adv_w = 384, .box_w = 22, .box_h = 22, .ofs_x = 1, .ofs_y = -1},
    {.bitmap_index = 29360, .adv_w = 384, .box_w = 23, .box_h = 23, .ofs_x = 0, .ofs_y = -3},
    {.bitmap_index = 29462, .adv_w = 384, .box_w = 22, .box_h = 22, .ofs_x = 1, .ofs_y = -1},
    {.bitmap_index = 29571, .adv_w = 384, .box_w = 22, .box_h = 22, .ofs_x = 1, .ofs_y = -1},
    {.bitmap_index = 29674, .adv_w = 384, .box_w = 22, .box_h = 22, .ofs_x = 1, .ofs_y = -1},
    {.bitmap_index = 29767, .adv_w = 384, .box_w = 22, .box_h = 23, .ofs_x = 0, .ofs_y = -2},
    {.bitmap_index = 29834, .adv_w = 384, .box_w = 22, .box_h = 21, .ofs_x = 1, .ofs_y = -1},
    {.bitmap_index = 29918, .adv_w = 384, .box_w = 22, .box_h = 22, .ofs_x = 1, .ofs_y = -1},
    {.bitmap_index = 30013, .adv_w = 384, .box_w = 22, .box_h = 22, .ofs_x = 1, .ofs_y = -2},
    {.bitmap_index = 30099, .adv_w = 384, .box_w = 22, .box_h = 22, .ofs_x = 1, .ofs_y = -1},
    {.bitmap_index = 30188, .adv_w = 384, .box_w = 22, .box_h = 22, .ofs_x = 1, .ofs_y = -1},
    {.bitmap_index = 30278, .adv_w = 384, .box_w = 22, .box_h = 22, .ofs_x = 1, .ofs_y = -2},
    {.bitmap_index = 30373, .adv_w = 384, .box_w = 22, .box_h = 22, .ofs_x = 1, .ofs_y = -1},
    {.bitmap_index = 30472, .adv_w = 384, .box_w = 22, .box_h = 22, .ofs_x = 1, .ofs_y = -1},
    {.bitmap_index = 30567, .adv_w = 384, .box_w = 23, .box_h = 22, .ofs_x = 0, .ofs_y = -1},
    {.bitmap_index = 30678, .adv_w = 384, .box_w = 22, .box_h = 23, .ofs_x = 1, .ofs_y = -3},
    {.bitmap_index = 30784, .adv_w = 384, .box_w = 22, .box_h = 23, .ofs_x = 1, .ofs_y = -2},
    {.bitmap_index = 30886, .adv_w = 384, .box_w = 22, .box_h = 23, .ofs_x = 1, .ofs_y = -2},
    {.bitmap_index = 30998, .adv_w = 384, .box_w = 22, .box_h = 24, .ofs_x = 1, .ofs_y = -3},
    {.bitmap_index = 31110, .adv_w = 384, .box_w = 21, .box_h = 22, .ofs_x = 2, .ofs_y = -1},
    {.bitmap_index = 31209, .adv_w = 384, .box_w = 22, .box_h = 24, .ofs_x = 1, .ofs_y = -3},
    {.bitmap_index = 31325, .adv_w = 384, .box_w = 23, .box_h = 23, .ofs_x = 0, .ofs_y = -2},
    {.bitmap_index = 31419, .adv_w = 384, .box_w = 22, .box_h = 24, .ofs_x = 1, .ofs_y = -3},
    {.bitmap_index = 31511, .adv_w = 384, .box_w = 22, .box_h = 21, .ofs_x = 1, .ofs_y = -1},
    {.bitmap_index = 31576, .adv_w = 384, .box_w = 22, .box_h = 22, .ofs_x = 1, .ofs_y = -1},
    {.bitmap_index = 31654, .adv_w = 384, .box_w = 22, .box_h = 22, .ofs_x = 1, .ofs_y = -1},
    {.bitmap_index = 31721, .adv_w = 384, .box_w = 22, .box_h = 23, .ofs_x = 1, .ofs_y = -2},
    {.bitmap_index = 31810, .adv_w = 384, .box_w = 21, .box_h = 23, .ofs_x = 1, .ofs_y = -2},
    {.bitmap_index = 31878, .adv_w = 384, .box_w = 22, .box_h = 23, .ofs_x = 1, .ofs_y = -2},
    {.bitmap_index = 31966, .adv_w = 384, .box_w = 22, .box_h = 23, .ofs_x = 1, .ofs_y = -2},
    {.bitmap_index = 32073, .adv_w = 384, .box_w = 22, .box_h = 22, .ofs_x = 1, .ofs_y = -1},
    {.bitmap_index = 32144, .adv_w = 384, .box_w = 21, .box_h = 23, .ofs_x = 1, .ofs_y = -2},
    {.bitmap_index = 32226, .adv_w = 384, .box_w = 22, .box_h = 23, .ofs_x = 1, .ofs_y = -2},
    {.bitmap_index = 32326, .adv_w = 384, .box_w = 22, .box_h = 22, .ofs_x = 1, .ofs_y = -1},
    {.bitmap_index = 32403, .adv_w = 384, .box_w = 22, .box_h = 22, .ofs_x = 1, .ofs_y = -1},
    {.bitmap_index = 32501, .adv_w = 384, .box_w = 22, .box_h = 22, .ofs_x = 1, .ofs_y = -1},
    {.bitmap_index = 32575, .adv_w = 384, .box_w = 22, .box_h = 23, .ofs_x = 1, .ofs_y = -2},
    {.bitmap_index = 32675, .adv_w = 384, .box_w = 23, .box_h = 23, .ofs_x = 0, .ofs_y = -2},
    {.bitmap_index = 32776, .adv_w = 384, .box_w = 22, .box_h = 22, .ofs_x = 1, .ofs_y = -1},
    {.bitmap_index = 32856, .adv_w = 384, .box_w = 21, .box_h = 24, .ofs_x = 1, .ofs_y = -3},
    {.bitmap_index = 32950, .adv_w = 384, .box_w = 22, .box_h = 23, .ofs_x = 1, .ofs_y = -2},
    {.bitmap_index = 33061, .adv_w = 384, .box_w = 22, .box_h = 24, .ofs_x = 1, .ofs_y = -3},
    {.bitmap_index = 33166, .adv_w = 384, .box_w = 22, .box_h = 23, .ofs_x = 1, .ofs_y = -3},
    {.bitmap_index = 33276, .adv_w = 384, .box_w = 22, .box_h = 23, .ofs_x = 1, .ofs_y = -2},
    {.bitmap_index = 33375, .adv_w = 384, .box_w = 22, .box_h = 22, .ofs_x = 1, .ofs_y = -2},
    {.bitmap_index = 33453, .adv_w = 384, .box_w = 22, .box_h = 23, .ofs_x = 1, .ofs_y = -2},
    {.bitmap_index = 33568, .adv_w = 384, .box_w = 22, .box_h = 22, .ofs_x = 1, .ofs_y = -1},
    {.bitmap_index = 33660, .adv_w = 384, .box_w = 22, .box_h = 23, .ofs_x = 1, .ofs_y = -2},
    {.bitmap_index = 33761, .adv_w = 384, .box_w = 22, .box_h = 23, .ofs_x = 1, .ofs_y = -2},
    {.bitmap_index = 33858, .adv_w = 384, .box_w = 22, .box_h = 23, .ofs_x = 1, .ofs_y = -2},
    {.bitmap_index = 33960, .adv_w = 384, .box_w = 22, .box_h = 23, .ofs_x = 1, .ofs_y = -2},
    {.bitmap_index = 34065, .adv_w = 384, .box_w = 22, .box_h = 23, .ofs_x = 1, .ofs_y = -2},
    {.bitmap_index = 34172, .adv_w = 384, .box_w = 22, .box_h = 23, .ofs_x = 1, .ofs_y = -2},
    {.bitmap_index = 34258, .adv_w = 384, .box_w = 22, .box_h = 23, .ofs_x = 1, .ofs_y = -3},
    {.bitmap_index = 34362, .adv_w = 384, .box_w = 22, .box_h = 23, .ofs_x = 1, .ofs_y = -2},
    {.bitmap_index = 34467, .adv_w = 384, .box_w = 22, .box_h = 23, .ofs_x = 1, .ofs_y = -2},
    {.bitmap_index = 34577, .adv_w = 384, .box_w = 22, .box_h = 23, .ofs_x = 1, .ofs_y = -2},
    {.bitmap_index = 34691, .adv_w = 384, .box_w = 22, .box_h = 23, .ofs_x = 1, .ofs_y = -2},
    {.bitmap_index = 34812, .adv_w = 384, .box_w = 22, .box_h = 23, .ofs_x = 1, .ofs_y = -2},
    {.bitmap_index = 34930, .adv_w = 384, .box_w = 22, .box_h = 22, .ofs_x = 1, .ofs_y = -1},
    {.bitmap_index = 35035, .adv_w = 384, .box_w = 22, .box_h = 23, .ofs_x = 1, .ofs_y = -2},
    {.bitmap_index = 35136, .adv_w = 384, .box_w = 22, .box_h = 23, .ofs_x = 1, .ofs_y = -3},
    {.bitmap_index = 35218, .adv_w = 384, .box_w = 21, .box_h = 23, .ofs_x = 2, .ofs_y = -3},
    {.bitmap_index = 35318, .adv_w = 384, .box_w = 22, .box_h = 24, .ofs_x = 1, .ofs_y = -3},
    {.bitmap_index = 35420, .adv_w = 384, .box_w = 22, .box_h = 24, .ofs_x = 1, .ofs_y = -3},
    {.bitmap_index = 35536, .adv_w = 384, .box_w = 22, .box_h = 23, .ofs_x = 1, .ofs_y = -2},
    {.bitmap_index = 35615, .adv_w = 384, .box_w = 22, .box_h = 23, .ofs_x = 1, .ofs_y = -2},
    {.bitmap_index = 35722, .adv_w = 384, .box_w = 22, .box_h = 23, .ofs_x = 1, .ofs_y = -2},
    {.bitmap_index = 35828, .adv_w = 384, .box_w = 22, .box_h = 21, .ofs_x = 1, .ofs_y = -2},
    {.bitmap_index = 35901, .adv_w = 384, .box_w = 16, .box_h = 21, .ofs_x = 4, .ofs_y = -2},
    {.bitmap_index = 35939, .adv_w = 384, .box_w = 22, .box_h = 22, .ofs_x = 1, .ofs_y = -2},
    {.bitmap_index = 36000, .adv_w = 384, .box_w = 21, .box_h = 22, .ofs_x = 2, .ofs_y = -1},
    {.bitmap_index = 36078, .adv_w = 384, .box_w = 19, .box_h = 22, .ofs_x = 3, .ofs_y = -2},
    {.bitmap_index = 36148, .adv_w = 384, .box_w = 20, .box_h = 22, .ofs_x = 2, .ofs_y = -2},
    {.bitmap_index = 36217, .adv_w = 384, .box_w = 22, .box_h = 22, .ofs_x = 1, .ofs_y = -2},
    {.bitmap_index = 36303, .adv_w = 384, .box_w = 22, .box_h = 21, .ofs_x = 1, .ofs_y = -1},
    {.bitmap_index = 36389, .adv_w = 384, .box_w = 21, .box_h = 23, .ofs_x = 2, .ofs_y = -2},
    {.bitmap_index = 36486, .adv_w = 384, .box_w = 22, .box_h = 24, .ofs_x = 1, .ofs_y = -3},
    {.bitmap_index = 36592, .adv_w = 384, .box_w = 22, .box_h = 22, .ofs_x = 1, .ofs_y = -2},
    {.bitmap_index = 36682, .adv_w = 384, .box_w = 22, .box_h = 23, .ofs_x = 1, .ofs_y = -2},
    {.bitmap_index = 36783, .adv_w = 384, .box_w = 20, .box_h = 23, .ofs_x = 2, .ofs_y = -2},
    {.bitmap_index = 36870, .adv_w = 384, .box_w = 22, .box_h = 22, .ofs_x = 1, .ofs_y = -2},
    {.bitmap_index = 36968, .adv_w = 384, .box_w = 19, .box_h = 22, .ofs_x = 1, .ofs_y = -2},
    {.bitmap_index = 37025, .adv_w = 384, .box_w = 22, .box_h = 23, .ofs_x = 1, .ofs_y = -2},
    {.bitmap_index = 37111, .adv_w = 384, .box_w = 22, .box_h = 23, .ofs_x = 1, .ofs_y = -3},
    {.bitmap_index = 37208, .adv_w = 384, .box_w = 22, .box_h = 22, .ofs_x = 1, .ofs_y = -1},
    {.bitmap_index = 37304, .adv_w = 384, .box_w = 21, .box_h = 23, .ofs_x = 1, .ofs_y = -2},
    {.bitmap_index = 37398, .adv_w = 384, .box_w = 22, .box_h = 22, .ofs_x = 1, .ofs_y = -2},
    {.bitmap_index = 37477, .adv_w = 384, .box_w = 22, .box_h = 22, .ofs_x = 1, .ofs_y = -2},
    {.bitmap_index = 37560, .adv_w = 384, .box_w = 22, .box_h = 22, .ofs_x = 1, .ofs_y = -2},
    {.bitmap_index = 37653, .adv_w = 384, .box_w = 22, .box_h = 23, .ofs_x = 1, .ofs_y = -3},
    {.bitmap_index = 37747, .adv_w = 384, .box_w = 22, .box_h = 23, .ofs_x = 1, .ofs_y = -2},
    {.bitmap_index = 37823, .adv_w = 384, .box_w = 22, .box_h = 22, .ofs_x = 1, .ofs_y = -2},
    {.bitmap_index = 37906, .adv_w = 384, .box_w = 22, .box_h = 22, .ofs_x = 1, .ofs_y = -1},
    {.bitmap_index = 38009, .adv_w = 384, .box_w = 22, .box_h = 23, .ofs_x = 1, .ofs_y = -2},
    {.bitmap_index = 38104, .adv_w = 384, .box_w = 21, .box_h = 23, .ofs_x = 1, .ofs_y = -3},
    {.bitmap_index = 38210, .adv_w = 384, .box_w = 23, .box_h = 23, .ofs_x = 1, .ofs_y = -2},
    {.bitmap_index = 38300, .adv_w = 384, .box_w = 22, .box_h = 23, .ofs_x = 1, .ofs_y = -2},
    {.bitmap_index = 38413, .adv_w = 384, .box_w = 22, .box_h = 23, .ofs_x = 1, .ofs_y = -3},
    {.bitmap_index = 38526, .adv_w = 384, .box_w = 21, .box_h = 23, .ofs_x = 1, .ofs_y = -2},
    {.bitmap_index = 38623, .adv_w = 384, .box_w = 22, .box_h = 23, .ofs_x = 1, .ofs_y = -3},
    {.bitmap_index = 38717, .adv_w = 384, .box_w = 22, .box_h = 22, .ofs_x = 1, .ofs_y = -2},
    {.bitmap_index = 38803, .adv_w = 384, .box_w = 22, .box_h = 22, .ofs_x = 1, .ofs_y = -2},
    {.bitmap_index = 38894, .adv_w = 384, .box_w = 21, .box_h = 23, .ofs_x = 1, .ofs_y = -2},
    {.bitmap_index = 38968, .adv_w = 384, .box_w = 22, .box_h = 23, .ofs_x = 1, .ofs_y = -2},
    {.bitmap_index = 39063, .adv_w = 384, .box_w = 22, .box_h = 22, .ofs_x = 1, .ofs_y = -1},
    {.bitmap_index = 39149, .adv_w = 384, .box_w = 22, .box_h = 22, .ofs_x = 1, .ofs_y = -2},
    {.bitmap_index = 39231, .adv_w = 384, .box_w = 21, .box_h = 24, .ofs_x = 1, .ofs_y = -3},
    {.bitmap_index = 39332, .adv_w = 384, .box_w = 22, .box_h = 22, .ofs_x = 1, .ofs_y = -2},
    {.bitmap_index = 39431, .adv_w = 384, .box_w = 22, .box_h = 22, .ofs_x = 1, .ofs_y = -2},
    {.bitmap_index = 39542, .adv_w = 384, .box_w = 22, .box_h = 23, .ofs_x = 1, .ofs_y = -2},
    {.bitmap_index = 39649, .adv_w = 384, .box_w = 22, .box_h = 23, .ofs_x = 1, .ofs_y = -2},
    {.bitmap_index = 39734, .adv_w = 384, .box_w = 22, .box_h = 23, .ofs_x = 1, .ofs_y = -2},
    {.bitmap_index = 39836, .adv_w = 384, .box_w = 22, .box_h = 24, .ofs_x = 1, .ofs_y = -3},
    {.bitmap_index = 39935, .adv_w = 384, .box_w = 22, .box_h = 23, .ofs_x = 1, .ofs_y = -2},
    {.bitmap_index = 40031, .adv_w = 384, .box_w = 22, .box_h = 23, .ofs_x = 1, .ofs_y = -2},
    {.bitmap_index = 40141, .adv_w = 384, .box_w = 22, .box_h = 22, .ofs_x = 1, .ofs_y = -2},
    {.bitmap_index = 40241, .adv_w = 384, .box_w = 22, .box_h = 22, .ofs_x = 1, .ofs_y = -2},
    {.bitmap_index = 40348, .adv_w = 384, .box_w = 22, .box_h = 23, .ofs_x = 1, .ofs_y = -3},
    {.bitmap_index = 40458, .adv_w = 384, .box_w = 22, .box_h = 22, .ofs_x = 1, .ofs_y = -2},
    {.bitmap_index = 40576, .adv_w = 384, .box_w = 22, .box_h = 23, .ofs_x = 1, .ofs_y = -2},
    {.bitmap_index = 40686, .adv_w = 384, .box_w = 22, .box_h = 23, .ofs_x = 1, .ofs_y = -2},
    {.bitmap_index = 40794, .adv_w = 384, .box_w = 22, .box_h = 22, .ofs_x = 1, .ofs_y = -1},
    {.bitmap_index = 40834, .adv_w = 384, .box_w = 22, .box_h = 20, .ofs_x = 1, .ofs_y = -1},
    {.bitmap_index = 40875, .adv_w = 384, .box_w = 22, .box_h = 22, .ofs_x = 1, .ofs_y = -1},
    {.bitmap_index = 40947, .adv_w = 384, .box_w = 23, .box_h = 22, .ofs_x = 0, .ofs_y = -2},
    {.bitmap_index = 41046, .adv_w = 384, .box_w = 22, .box_h = 23, .ofs_x = 1, .ofs_y = -2},
    {.bitmap_index = 41168, .adv_w = 384, .box_w = 22, .box_h = 23, .ofs_x = 1, .ofs_y = -2},
    {.bitmap_index = 41277, .adv_w = 384, .box_w = 22, .box_h = 21, .ofs_x = 1, .ofs_y = -1},
    {.bitmap_index = 41365, .adv_w = 384, .box_w = 22, .box_h = 22, .ofs_x = 1, .ofs_y = -1},
    {.bitmap_index = 41465, .adv_w = 384, .box_w = 21, .box_h = 22, .ofs_x = 2, .ofs_y = -2},
    {.bitmap_index = 41537, .adv_w = 384, .box_w = 22, .box_h = 23, .ofs_x = 1, .ofs_y = -2},
    {.bitmap_index = 41619, .adv_w = 384, .box_w = 22, .box_h = 21, .ofs_x = 1, .ofs_y = -1},
    {.bitmap_index = 41700, .adv_w = 384, .box_w = 21, .box_h = 23, .ofs_x = 2, .ofs_y = -3},
    {.bitmap_index = 41782, .adv_w = 384, .box_w = 22, .box_h = 23, .ofs_x = 1, .ofs_y = -2},
    {.bitmap_index = 41862, .adv_w = 384, .box_w = 22, .box_h = 22, .ofs_x = 1, .ofs_y = -1},
    {.bitmap_index = 41950, .adv_w = 384, .box_w = 22, .box_h = 22, .ofs_x = 1, .ofs_y = -1},
    {.bitmap_index = 42051, .adv_w = 384, .box_w = 22, .box_h = 22, .ofs_x = 1, .ofs_y = -2},
    {.bitmap_index = 42133, .adv_w = 384, .box_w = 21, .box_h = 22, .ofs_x = 1, .ofs_y = -2},
    {.bitmap_index = 42239, .adv_w = 384, .box_w = 22, .box_h = 23, .ofs_x = 1, .ofs_y = -2},
    {.bitmap_index = 42326, .adv_w = 384, .box_w = 22, .box_h = 23, .ofs_x = 1, .ofs_y = -2},
    {.bitmap_index = 42432, .adv_w = 384, .box_w = 22, .box_h = 22, .ofs_x = 1, .ofs_y = -2},
    {.bitmap_index = 42538, .adv_w = 384, .box_w = 21, .box_h = 23, .ofs_x = 1, .ofs_y = -2},
    {.bitmap_index = 42625, .adv_w = 384, .box_w = 22, .box_h = 23, .ofs_x = 1, .ofs_y = -2},
    {.bitmap_index = 42732, .adv_w = 384, .box_w = 22, .box_h = 23, .ofs_x = 1, .ofs_y = -2},
    {.bitmap_index = 42823, .adv_w = 384, .box_w = 23, .box_h = 22, .ofs_x = 0, .ofs_y = -2},
    {.bitmap_index = 42914, .adv_w = 384, .box_w = 22, .box_h = 23, .ofs_x = 1, .ofs_y = -2},
    {.bitmap_index = 43023, .adv_w = 384, .box_w = 21, .box_h = 23, .ofs_x = 1, .ofs_y = -2},
    {.bitmap_index = 43114, .adv_w = 384, .box_w = 22, .box_h = 23, .ofs_x = 1, .ofs_y = -2},
    {.bitmap_index = 43228, .adv_w = 384, .box_w = 21, .box_h = 22, .ofs_x = 1, .ofs_y = -1},
    {.bitmap_index = 43322, .adv_w = 384, .box_w = 22, .box_h = 22, .ofs_x = 1, .ofs_y = -2},
    {.bitmap_index = 43426, .adv_w = 384, .box_w = 22, .box_h = 22, .ofs_x = 1, .ofs_y = -2},
    {.bitmap_index = 43537, .adv_w = 384, .box_w = 22, .box_h = 23, .ofs_x = 1, .ofs_y = -2},
    {.bitmap_index = 43638, .adv_w = 384, .box_w = 22, .box_h = 24, .ofs_x = 1, .ofs_y = -3},
    {.bitmap_index = 43751, .adv_w = 384, .box_w = 22, .box_h = 23, .ofs_x = 1, .ofs_y = -2},
    {.bitmap_index = 43856, .adv_w = 384, .box_w = 22, .box_h = 23, .ofs_x = 1, .ofs_y = -2},
    {.bitmap_index = 43970, .adv_w = 384, .box_w = 22, .box_h = 23, .ofs_x = 1, .ofs_y = -2},
    {.bitmap_index = 44089, .adv_w = 384, .box_w = 22, .box_h = 23, .ofs_x = 1, .ofs_y = -2},
    {.bitmap_index = 44202, .adv_w = 384, .box_w = 22, .box_h = 23, .ofs_x = 1, .ofs_y = -2},
    {.bitmap_index = 44310, .adv_w = 384, .box_w = 22, .box_h = 23, .ofs_x = 1, .ofs_y = -2},
    {.bitmap_index = 44425, .adv_w = 384, .box_w = 22, .box_h = 23, .ofs_x = 1, .ofs_y = -2},
    {.bitmap_index = 44520, .adv_w = 384, .box_w = 22, .box_h = 23, .ofs_x = 1, .ofs_y = -2},
    {.bitmap_index = 44595, .adv_w = 384, .box_w = 22, .box_h = 23, .ofs_x = 1, .ofs_y = -2},
    {.bitmap_index = 44700, .adv_w = 384, .box_w = 22, .box_h = 23, .ofs_x = 1, .ofs_y = -2},
    {.bitmap_index = 44794, .adv_w = 384, .box_w = 22, .box_h = 23, .ofs_x = 1, .ofs_y = -2},
    {.bitmap_index = 44911, .adv_w = 384, .box_w = 22, .box_h = 23, .ofs_x = 1, .ofs_y = -2},
    {.bitmap_index = 45029, .adv_w = 384, .box_w = 22, .box_h = 22, .ofs_x = 1, .ofs_y = -2},
    {.bitmap_index = 45139, .adv_w = 384, .box_w = 22, .box_h = 22, .ofs_x = 1, .ofs_y = -2},
    {.bitmap_index = 45247, .adv_w = 384, .box_w = 22, .box_h = 24, .ofs_x = 1, .ofs_y = -3},
    {.bitmap_index = 45313, .adv_w = 384, .box_w = 22, .box_h = 20, .ofs_x = 1, .ofs_y = -1},
    {.bitmap_index = 45388, .adv_w = 384, .box_w = 21, .box_h = 23, .ofs_x = 1, .ofs_y = -2},
    {.bitmap_index = 45494, .adv_w = 384, .box_w = 22, .box_h = 22, .ofs_x = 1, .ofs_y = -2},
    {.bitmap_index = 45592, .adv_w = 384, .box_w = 22, .box_h = 23, .ofs_x = 1, .ofs_y = -2},
    {.bitmap_index = 45706, .adv_w = 384, .box_w = 22, .box_h = 23, .ofs_x = 1, .ofs_y = -2},
    {.bitmap_index = 45808, .adv_w = 384, .box_w = 22, .box_h = 20, .ofs_x = 1, .ofs_y = -1},
    {.bitmap_index = 45857, .adv_w = 384, .box_w = 22, .box_h = 21, .ofs_x = 1, .ofs_y = -2},
    {.bitmap_index = 45944, .adv_w = 384, .box_w = 22, .box_h = 22, .ofs_x = 1, .ofs_y = -2},
    {.bitmap_index = 46027, .adv_w = 384, .box_w = 22, .box_h = 22, .ofs_x = 1, .ofs_y = -1},
    {.bitmap_index = 46133, .adv_w = 384, .box_w = 22, .box_h = 20, .ofs_x = 1, .ofs_y = -1},
    {.bitmap_index = 46218, .adv_w = 384, .box_w = 22, .box_h = 22, .ofs_x = 1, .ofs_y = -1},
    {.bitmap_index = 46282, .adv_w = 384, .box_w = 21, .box_h = 21, .ofs_x = 1, .ofs_y = -2},
    {.bitmap_index = 46342, .adv_w = 384, .box_w = 19, .box_h = 21, .ofs_x = 3, .ofs_y = -2},
    {.bitmap_index = 46382, .adv_w = 384, .box_w = 18, .box_h = 23, .ofs_x = 3, .ofs_y = -2},
    {.bitmap_index = 46428, .adv_w = 384, .box_w = 20, .box_h = 22, .ofs_x = 3, .ofs_y = -1},
    {.bitmap_index = 46487, .adv_w = 384, .box_w = 20, .box_h = 22, .ofs_x = 1, .ofs_y = -2},
    {.bitmap_index = 46570, .adv_w = 384, .box_w = 22, .box_h = 21, .ofs_x = 1, .ofs_y = -2},
    {.bitmap_index = 46642, .adv_w = 384, .box_w = 22, .box_h = 23, .ofs_x = 1, .ofs_y = -3},
    {.bitmap_index = 46736, .adv_w = 384, .box_w = 20, .box_h = 23, .ofs_x = 2, .ofs_y = -2},
    {.bitmap_index = 46828, .adv_w = 384, .box_w = 21, .box_h = 23, .ofs_x = 2, .ofs_y = -2},
    {.bitmap_index = 46918, .adv_w = 384, .box_w = 22, .box_h = 24, .ofs_x = 1, .ofs_y = -3},
    {.bitmap_index = 47023, .adv_w = 384, .box_w = 18, .box_h = 23, .ofs_x = 3, .ofs_y = -2},
    {.bitmap_index = 47069, .adv_w = 384, .box_w = 22, .box_h = 21, .ofs_x = 1, .ofs_y = -2},
    {.bitmap_index = 47122, .adv_w = 384, .box_w = 20, .box_h = 23, .ofs_x = 2, .ofs_y = -2},
    {.bitmap_index = 47204, .adv_w = 384, .box_w = 22, .box_h = 23, .ofs_x = 1, .ofs_y = -2},
    {.bitmap_index = 47298, .adv_w = 384, .box_w = 22, .box_h = 22, .ofs_x = 1, .ofs_y = -1},
    {.bitmap_index = 47396, .adv_w = 384, .box_w = 16, .box_h = 21, .ofs_x = 4, .ofs_y = -2},
    {.bitmap_index = 47442, .adv_w = 384, .box_w = 22, .box_h = 22, .ofs_x = 1, .ofs_y = -1},
    {.bitmap_index = 47519, .adv_w = 384, .box_w = 21, .box_h = 22, .ofs_x = 1, .ofs_y = -2},
    {.bitmap_index = 47594, .adv_w = 384, .box_w = 22, .box_h = 22, .ofs_x = 1, .ofs_y = -2},
    {.bitmap_index = 47691, .adv_w = 384, .box_w = 22, .box_h = 23, .ofs_x = 1, .ofs_y = -2},
    {.bitmap_index = 47784, .adv_w = 384, .box_w = 21, .box_h = 22, .ofs_x = 2, .ofs_y = -2},
    {.bitmap_index = 47873, .adv_w = 384, .box_w = 22, .box_h = 24, .ofs_x = 1, .ofs_y = -2},
    {.bitmap_index = 47975, .adv_w = 384, .box_w = 21, .box_h = 23, .ofs_x = 1, .ofs_y = -2},
    {.bitmap_index = 48064, .adv_w = 384, .box_w = 22, .box_h = 23, .ofs_x = 1, .ofs_y = -2},
    {.bitmap_index = 48168, .adv_w = 384, .box_w = 21, .box_h = 21, .ofs_x = 1, .ofs_y = -1},
    {.bitmap_index = 48254, .adv_w = 384, .box_w = 21, .box_h = 23, .ofs_x = 1, .ofs_y = -2},
    {.bitmap_index = 48360, .adv_w = 384, .box_w = 22, .box_h = 20, .ofs_x = 1, .ofs_y = -1},
    {.bitmap_index = 48431, .adv_w = 384, .box_w = 21, .box_h = 24, .ofs_x = 1, .ofs_y = -3},
    {.bitmap_index = 48524, .adv_w = 384, .box_w = 23, .box_h = 24, .ofs_x = 0, .ofs_y = -3},
    {.bitmap_index = 48622, .adv_w = 384, .box_w = 21, .box_h = 23, .ofs_x = 1, .ofs_y = -2},
    {.bitmap_index = 48703, .adv_w = 384, .box_w = 20, .box_h = 21, .ofs_x = 2, .ofs_y = -1},
    {.bitmap_index = 48789, .adv_w = 384, .box_w = 22, .box_h = 23, .ofs_x = 1, .ofs_y = -2},
    {.bitmap_index = 48894, .adv_w = 384, .box_w = 22, .box_h = 22, .ofs_x = 0, .ofs_y = -2},
    {.bitmap_index = 48975, .adv_w = 384, .box_w = 22, .box_h = 23, .ofs_x = 1, .ofs_y = -3},
    {.bitmap_index = 49071, .adv_w = 384, .box_w = 22, .box_h = 24, .ofs_x = 1, .ofs_y = -3},
    {.bitmap_index = 49183, .adv_w = 384, .box_w = 22, .box_h = 23, .ofs_x = 1, .ofs_y = -2},
    {.bitmap_index = 49291, .adv_w = 384, .box_w = 22, .box_h = 23, .ofs_x = 1, .ofs_y = -2},
    {.bitmap_index = 49409, .adv_w = 384, .box_w = 22, .box_h = 23, .ofs_x = 1, .ofs_y = -2},
    {.bitmap_index = 49511, .adv_w = 384, .box_w = 22, .box_h = 22, .ofs_x = 1, .ofs_y = -1},
    {.bitmap_index = 49586, .adv_w = 384, .box_w = 22, .box_h = 23, .ofs_x = 1, .ofs_y = -2},
    {.bitmap_index = 49694, .adv_w = 384, .box_w = 22, .box_h = 23, .ofs_x = 1, .ofs_y = -2},
    {.bitmap_index = 49799, .adv_w = 384, .box_w = 22, .box_h = 23, .ofs_x = 1, .ofs_y = -2},
    {.bitmap_index = 49912, .adv_w = 384, .box_w = 22, .box_h = 22, .ofs_x = 1, .ofs_y = -1},
    {.bitmap_index = 49999, .adv_w = 384, .box_w = 22, .box_h = 23, .ofs_x = 1, .ofs_y = -2},
    {.bitmap_index = 50088, .adv_w = 384, .box_w = 22, .box_h = 22, .ofs_x = 1, .ofs_y = -1},
    {.bitmap_index = 50177, .adv_w = 384, .box_w = 22, .box_h = 24, .ofs_x = 1, .ofs_y = -3},
    {.bitmap_index = 50285, .adv_w = 384, .box_w = 22, .box_h = 23, .ofs_x = 1, .ofs_y = -2},
    {.bitmap_index = 50394, .adv_w = 384, .box_w = 22, .box_h = 23, .ofs_x = 1, .ofs_y = -2},
    {.bitmap_index = 50496, .adv_w = 384, .box_w = 22, .box_h = 22, .ofs_x = 1, .ofs_y = -1},
    {.bitmap_index = 50599, .adv_w = 384, .box_w = 22, .box_h = 23, .ofs_x = 1, .ofs_y = -2},
    {.bitmap_index = 50697, .adv_w = 384, .box_w = 22, .box_h = 24, .ofs_x = 1, .ofs_y = -3},
    {.bitmap_index = 50803, .adv_w = 384, .box_w = 22, .box_h = 23, .ofs_x = 1, .ofs_y = -2},
    {.bitmap_index = 50900, .adv_w = 384, .box_w = 22, .box_h = 22, .ofs_x = 1, .ofs_y = -2},
    {.bitmap_index = 50996, .adv_w = 384, .box_w = 22, .box_h = 23, .ofs_x = 1, .ofs_y = -2},
    {.bitmap_index = 51106, .adv_w = 384, .box_w = 22, .box_h = 21, .ofs_x = 1, .ofs_y = -1},
    {.bitmap_index = 51209, .adv_w = 384, .box_w = 22, .box_h = 22, .ofs_x = 1, .ofs_y = -1},
    {.bitmap_index = 51311, .adv_w = 384, .box_w = 22, .box_h = 22, .ofs_x = 1, .ofs_y = -1},
    {.bitmap_index = 51423, .adv_w = 384, .box_w = 22, .box_h = 22, .ofs_x = 1, .ofs_y = -1},
    {.bitmap_index = 51513, .adv_w = 384, .box_w = 21, .box_h = 22, .ofs_x = 1, .ofs_y = -1},
    {.bitmap_index = 51612, .adv_w = 384, .box_w = 22, .box_h = 23, .ofs_x = 1, .ofs_y = -2},
    {.bitmap_index = 51729, .adv_w = 384, .box_w = 22, .box_h = 22, .ofs_x = 1, .ofs_y = -1},
    {.bitmap_index = 51830, .adv_w = 384, .box_w = 22, .box_h = 23, .ofs_x = 1, .ofs_y = -2},
    {.bitmap_index = 51941, .adv_w = 384, .box_w = 22, .box_h = 22, .ofs_x = 1, .ofs_y = -2},
    {.bitmap_index = 52059, .adv_w = 384, .box_w = 21, .box_h = 22, .ofs_x = 1, .ofs_y = -1},
    {.bitmap_index = 52152, .adv_w = 384, .box_w = 22, .box_h = 23, .ofs_x = 1, .ofs_y = -2},
    {.bitmap_index = 52267, .adv_w = 384, .box_w = 23, .box_h = 22, .ofs_x = 1, .ofs_y = -1},
    {.bitmap_index = 52369, .adv_w = 384, .box_w = 22, .box_h = 23, .ofs_x = 1, .ofs_y = -2},
    {.bitmap_index = 52467, .adv_w = 384, .box_w = 22, .box_h = 23, .ofs_x = 1, .ofs_y = -2},
    {.bitmap_index = 52567, .adv_w = 384, .box_w = 23, .box_h = 23, .ofs_x = 1, .ofs_y = -2},
    {.bitmap_index = 52678, .adv_w = 384, .box_w = 22, .box_h = 22, .ofs_x = 1, .ofs_y = -1},
    {.bitmap_index = 52786, .adv_w = 384, .box_w = 22, .box_h = 23, .ofs_x = 1, .ofs_y = -2},
    {.bitmap_index = 52904, .adv_w = 384, .box_w = 22, .box_h = 22, .ofs_x = 1, .ofs_y = -1},
    {.bitmap_index = 53013, .adv_w = 384, .box_w = 22, .box_h = 23, .ofs_x = 1, .ofs_y = -2},
    {.bitmap_index = 53127, .adv_w = 384, .box_w = 22, .box_h = 23, .ofs_x = 1, .ofs_y = -2},
    {.bitmap_index = 53240, .adv_w = 384, .box_w = 22, .box_h = 23, .ofs_x = 1, .ofs_y = -2},
    {.bitmap_index = 53349, .adv_w = 384, .box_w = 21, .box_h = 23, .ofs_x = 1, .ofs_y = -2},
    {.bitmap_index = 53458, .adv_w = 384, .box_w = 22, .box_h = 23, .ofs_x = 1, .ofs_y = -2},
    {.bitmap_index = 53563, .adv_w = 384, .box_w = 20, .box_h = 20, .ofs_x = 2, .ofs_y = -1},
    {.bitmap_index = 53648, .adv_w = 384, .box_w = 21, .box_h = 22, .ofs_x = 1, .ofs_y = -2},
    {.bitmap_index = 53734, .adv_w = 384, .box_w = 22, .box_h = 21, .ofs_x = 1, .ofs_y = -1},
    {.bitmap_index = 53818, .adv_w = 384, .box_w = 22, .box_h = 23, .ofs_x = 1, .ofs_y = -2},
    {.bitmap_index = 53915, .adv_w = 384, .box_w = 22, .box_h = 22, .ofs_x = 1, .ofs_y = -1},
    {.bitmap_index = 54011, .adv_w = 384, .box_w = 22, .box_h = 23, .ofs_x = 1, .ofs_y = -2},
    {.bitmap_index = 54103, .adv_w = 384, .box_w = 22, .box_h = 20, .ofs_x = 1, .ofs_y = -1},
    {.bitmap_index = 54148, .adv_w = 384, .box_w = 22, .box_h = 22, .ofs_x = 1, .ofs_y = -2},
    {.bitmap_index = 54255, .adv_w = 384, .box_w = 22, .box_h = 24, .ofs_x = 1, .ofs_y = -3},
    {.bitmap_index = 54367, .adv_w = 384, .box_w = 22, .box_h = 24, .ofs_x = 1, .ofs_y = -3},
    {.bitmap_index = 54474, .adv_w = 384, .box_w = 21, .box_h = 23, .ofs_x = 1, .ofs_y = -2},
    {.bitmap_index = 54554, .adv_w = 384, .box_w = 21, .box_h = 23, .ofs_x = 2, .ofs_y = -2},
    {.bitmap_index = 54660, .adv_w = 384, .box_w = 23, .box_h = 24, .ofs_x = 0, .ofs_y = -3},
    {.bitmap_index = 54768, .adv_w = 384, .box_w = 21, .box_h = 23, .ofs_x = 1, .ofs_y = -2},
    {.bitmap_index = 54868, .adv_w = 384, .box_w = 22, .box_h = 24, .ofs_x = 1, .ofs_y = -3},
    {.bitmap_index = 54984, .adv_w = 384, .box_w = 18, .box_h = 23, .ofs_x = 3, .ofs_y = -2},
    {.bitmap_index = 55052, .adv_w = 384, .box_w = 22, .box_h = 20, .ofs_x = 1, .ofs_y = -1},
    {.bitmap_index = 55124, .adv_w = 384, .box_w = 22, .box_h = 23, .ofs_x = 1, .ofs_y = -2},
    {.bitmap_index = 55235, .adv_w = 384, .box_w = 22, .box_h = 21, .ofs_x = 1, .ofs_y = -1},
    {.bitmap_index = 55328, .adv_w = 384, .box_w = 22, .box_h = 23, .ofs_x = 1, .ofs_y = -2},
    {.bitmap_index = 55437, .adv_w = 384, .box_w = 22, .box_h = 22, .ofs_x = 1, .ofs_y = -1},
    {.bitmap_index = 55513, .adv_w = 384, .box_w = 22, .box_h = 22, .ofs_x = 1, .ofs_y = -1},
    {.bitmap_index = 55610, .adv_w = 384, .box_w = 22, .box_h = 23, .ofs_x = 1, .ofs_y = -2},
    {.bitmap_index = 55709, .adv_w = 384, .box_w = 23, .box_h = 23, .ofs_x = 1, .ofs_y = -2},
    {.bitmap_index = 55810, .adv_w = 384, .box_w = 22, .box_h = 23, .ofs_x = 1, .ofs_y = -2},
    {.bitmap_index = 55881, .adv_w = 384, .box_w = 22, .box_h = 23, .ofs_x = 1, .ofs_y = -2},
    {.bitmap_index = 55958, .adv_w = 384, .box_w = 22, .box_h = 22, .ofs_x = 1, .ofs_y = -2},
    {.bitmap_index = 56048, .adv_w = 384, .box_w = 22, .box_h = 23, .ofs_x = 1, .ofs_y = -2},
    {.bitmap_index = 56149, .adv_w = 384, .box_w = 22, .box_h = 22, .ofs_x = 1, .ofs_y = -1},
    {.bitmap_index = 56249, .adv_w = 384, .box_w = 22, .box_h = 22, .ofs_x = 1, .ofs_y = -1},
    {.bitmap_index = 56329, .adv_w = 384, .box_w = 22, .box_h = 23, .ofs_x = 1, .ofs_y = -2},
    {.bitmap_index = 56425, .adv_w = 384, .box_w = 22, .box_h = 24, .ofs_x = 1, .ofs_y = -3},
    {.bitmap_index = 56538, .adv_w = 384, .box_w = 22, .box_h = 23, .ofs_x = 1, .ofs_y = -2},
    {.bitmap_index = 56643, .adv_w = 384, .box_w = 22, .box_h = 22, .ofs_x = 1, .ofs_y = -1},
    {.bitmap_index = 56736, .adv_w = 384, .box_w = 22, .box_h = 23, .ofs_x = 1, .ofs_y = -2},
    {.bitmap_index = 56846, .adv_w = 384, .box_w = 22, .box_h = 22, .ofs_x = 1, .ofs_y = -1},
    {.bitmap_index = 56945, .adv_w = 384, .box_w = 22, .box_h = 22, .ofs_x = 1, .ofs_y = -1},
    {.bitmap_index = 57057, .adv_w = 384, .box_w = 22, .box_h = 23, .ofs_x = 1, .ofs_y = -2},
    {.bitmap_index = 57164, .adv_w = 384, .box_w = 22, .box_h = 23, .ofs_x = 1, .ofs_y = -2},
    {.bitmap_index = 57267, .adv_w = 384, .box_w = 22, .box_h = 23, .ofs_x = 1, .ofs_y = -2},
    {.bitmap_index = 57344, .adv_w = 384, .box_w = 22, .box_h = 23, .ofs_x = 1, .ofs_y = -2},
    {.bitmap_index = 57424, .adv_w = 384, .box_w = 22, .box_h = 23, .ofs_x = 1, .ofs_y = -2},
    {.bitmap_index = 57521, .adv_w = 384, .box_w = 22, .box_h = 23, .ofs_x = 1, .ofs_y = -2},
    {.bitmap_index = 57616, .adv_w = 384, .box_w = 22, .box_h = 24, .ofs_x = 1, .ofs_y = -3},
    {.bitmap_index = 57732, .adv_w = 384, .box_w = 22, .box_h = 23, .ofs_x = 1, .ofs_y = -2},
    {.bitmap_index = 57837, .adv_w = 384, .box_w = 22, .box_h = 22, .ofs_x = 1, .ofs_y = -2},
    {.bitmap_index = 57902, .adv_w = 384, .box_w = 22, .box_h = 22, .ofs_x = 1, .ofs_y = -2},
    {.bitmap_index = 58006, .adv_w = 384, .box_w = 22, .box_h = 22, .ofs_x = 1, .ofs_y = -2},
    {.bitmap_index = 58075, .adv_w = 384, .box_w = 21, .box_h = 23, .ofs_x = 1, .ofs_y = -2},
    {.bitmap_index = 58171, .adv_w = 384, .box_w = 22, .box_h = 24, .ofs_x = 1, .ofs_y = -3},
    {.bitmap_index = 58289, .adv_w = 384, .box_w = 22, .box_h = 23, .ofs_x = 1, .ofs_y = -2},
    {.bitmap_index = 58401, .adv_w = 384, .box_w = 22, .box_h = 24, .ofs_x = 1, .ofs_y = -3},
    {.bitmap_index = 58482, .adv_w = 384, .box_w = 22, .box_h = 22, .ofs_x = 1, .ofs_y = -2},
    {.bitmap_index = 58554, .adv_w = 384, .box_w = 22, .box_h = 22, .ofs_x = 1, .ofs_y = -1},
    {.bitmap_index = 58622, .adv_w = 384, .box_w = 22, .box_h = 23, .ofs_x = 1, .ofs_y = -2},
    {.bitmap_index = 58715, .adv_w = 384, .box_w = 22, .box_h = 22, .ofs_x = 1, .ofs_y = -1},
    {.bitmap_index = 58787, .adv_w = 384, .box_w = 22, .box_h = 23, .ofs_x = 1, .ofs_y = -2},
    {.bitmap_index = 58897, .adv_w = 384, .box_w = 22, .box_h = 23, .ofs_x = 1, .ofs_y = -2},
    {.bitmap_index = 58978, .adv_w = 384, .box_w = 22, .box_h = 23, .ofs_x = 1, .ofs_y = -3},
    {.bitmap_index = 59071, .adv_w = 384, .box_w = 22, .box_h = 23, .ofs_x = 1, .ofs_y = -2},
    {.bitmap_index = 59158, .adv_w = 384, .box_w = 22, .box_h = 21, .ofs_x = 1, .ofs_y = -1},
    {.bitmap_index = 59255, .adv_w = 384, .box_w = 22, .box_h = 22, .ofs_x = 1, .ofs_y = -2},
    {.bitmap_index = 59359, .adv_w = 384, .box_w = 22, .box_h = 21, .ofs_x = 1, .ofs_y = -1},
    {.bitmap_index = 59431, .adv_w = 384, .box_w = 22, .box_h = 23, .ofs_x = 1, .ofs_y = -2},
    {.bitmap_index = 59531, .adv_w = 384, .box_w = 22, .box_h = 22, .ofs_x = 1, .ofs_y = -2},
    {.bitmap_index = 59615, .adv_w = 384, .box_w = 22, .box_h = 24, .ofs_x = 1, .ofs_y = -3},
    {.bitmap_index = 59731, .adv_w = 384, .box_w = 22, .box_h = 22, .ofs_x = 1, .ofs_y = -2},
    {.bitmap_index = 59823, .adv_w = 384, .box_w = 22, .box_h = 23, .ofs_x = 1, .ofs_y = -2},
    {.bitmap_index = 59920, .adv_w = 384, .box_w = 22, .box_h = 23, .ofs_x = 1, .ofs_y = -2},
    {.bitmap_index = 60021, .adv_w = 384, .box_w = 23, .box_h = 23, .ofs_x = 1, .ofs_y = -2},
    {.bitmap_index = 60133, .adv_w = 384, .box_w = 23, .box_h = 23, .ofs_x = 1, .ofs_y = -2},
    {.bitmap_index = 60233, .adv_w = 384, .box_w = 21, .box_h = 22, .ofs_x = 1, .ofs_y = -2},
    {.bitmap_index = 60328, .adv_w = 384, .box_w = 22, .box_h = 23, .ofs_x = 1, .ofs_y = -2},
    {.bitmap_index = 60443, .adv_w = 384, .box_w = 22, .box_h = 22, .ofs_x = 1, .ofs_y = -1},
    {.bitmap_index = 60546, .adv_w = 384, .box_w = 22, .box_h = 23, .ofs_x = 1, .ofs_y = -2},
    {.bitmap_index = 60657, .adv_w = 384, .box_w = 21, .box_h = 21, .ofs_x = 1, .ofs_y = -2},
    {.bitmap_index = 60721, .adv_w = 384, .box_w = 22, .box_h = 23, .ofs_x = 1, .ofs_y = -2},
    {.bitmap_index = 60815, .adv_w = 384, .box_w = 22, .box_h = 23, .ofs_x = 1, .ofs_y = -2},
    {.bitmap_index = 60920, .adv_w = 384, .box_w = 22, .box_h = 22, .ofs_x = 1, .ofs_y = -2},
    {.bitmap_index = 61016, .adv_w = 384, .box_w = 22, .box_h = 23, .ofs_x = 1, .ofs_y = -2},
    {.bitmap_index = 61115, .adv_w = 384, .box_w = 21, .box_h = 22, .ofs_x = 1, .ofs_y = -2},
    {.bitmap_index = 61204, .adv_w = 384, .box_w = 22, .box_h = 24, .ofs_x = 1, .ofs_y = -3},
    {.bitmap_index = 61286, .adv_w = 384, .box_w = 22, .box_h = 23, .ofs_x = 1, .ofs_y = -2},
    {.bitmap_index = 61377, .adv_w = 384, .box_w = 22, .box_h = 23, .ofs_x = 1, .ofs_y = -2},
    {.bitmap_index = 61479, .adv_w = 384, .box_w = 22, .box_h = 22, .ofs_x = 1, .ofs_y = -2},
    {.bitmap_index = 61551, .adv_w = 384, .box_w = 22, .box_h = 22, .ofs_x = 1, .ofs_y = -1},
    {.bitmap_index = 61652, .adv_w = 384, .box_w = 22, .box_h = 23, .ofs_x = 1, .ofs_y = -2},
    {.bitmap_index = 61751, .adv_w = 384, .box_w = 22, .box_h = 23, .ofs_x = 1, .ofs_y = -2},
    {.bitmap_index = 61855, .adv_w = 384, .box_w = 22, .box_h = 23, .ofs_x = 1, .ofs_y = -2},
    {.bitmap_index = 61967, .adv_w = 384, .box_w = 22, .box_h = 22, .ofs_x = 1, .ofs_y = -1},
    {.bitmap_index = 62056, .adv_w = 384, .box_w = 22, .box_h = 23, .ofs_x = 1, .ofs_y = -2},
    {.bitmap_index = 62135, .adv_w = 384, .box_w = 22, .box_h = 23, .ofs_x = 1, .ofs_y = -2},
    {.bitmap_index = 62248, .adv_w = 384, .box_w = 22, .box_h = 23, .ofs_x = 1, .ofs_y = -2},
    {.bitmap_index = 62347, .adv_w = 384, .box_w = 22, .box_h = 23, .ofs_x = 1, .ofs_y = -2},
    {.bitmap_index = 62463, .adv_w = 384, .box_w = 22, .box_h = 23, .ofs_x = 1, .ofs_y = -2},
    {.bitmap_index = 62576, .adv_w = 384, .box_w = 22, .box_h = 23, .ofs_x = 1, .ofs_y = -2},
    {.bitmap_index = 62685, .adv_w = 384, .box_w = 22, .box_h = 23, .ofs_x = 1, .ofs_y = -2},
    {.bitmap_index = 62781, .adv_w = 384, .box_w = 22, .box_h = 23, .ofs_x = 1, .ofs_y = -2},
    {.bitmap_index = 62884, .adv_w = 384, .box_w = 22, .box_h = 23, .ofs_x = 1, .ofs_y = -2},
    {.bitmap_index = 62979, .adv_w = 384, .box_w = 22, .box_h = 23, .ofs_x = 1, .ofs_y = -2},
    {.bitmap_index = 63065, .adv_w = 384, .box_w = 22, .box_h = 22, .ofs_x = 1, .ofs_y = -2},
    {.bitmap_index = 63167, .adv_w = 384, .box_w = 22, .box_h = 22, .ofs_x = 1, .ofs_y = -2},
    {.bitmap_index = 63272, .adv_w = 384, .box_w = 22, .box_h = 23, .ofs_x = 1, .ofs_y = -2},
    {.bitmap_index = 63374, .adv_w = 384, .box_w = 22, .box_h = 23, .ofs_x = 1, .ofs_y = -2},
    {.bitmap_index = 63480, .adv_w = 384, .box_w = 22, .box_h = 23, .ofs_x = 1, .ofs_y = -2},
    {.bitmap_index = 63572, .adv_w = 384, .box_w = 22, .box_h = 22, .ofs_x = 1, .ofs_y = -2},
    {.bitmap_index = 63665, .adv_w = 384, .box_w = 22, .box_h = 23, .ofs_x = 1, .ofs_y = -2},
    {.bitmap_index = 63760, .adv_w = 384, .box_w = 22, .box_h = 23, .ofs_x = 1, .ofs_y = -2},
    {.bitmap_index = 63864, .adv_w = 384, .box_w = 22, .box_h = 23, .ofs_x = 1, .ofs_y = -2},
    {.bitmap_index = 63971, .adv_w = 384, .box_w = 22, .box_h = 22, .ofs_x = 1, .ofs_y = -2},
    {.bitmap_index = 64062, .adv_w = 384, .box_w = 22, .box_h = 23, .ofs_x = 1, .ofs_y = -2},
    {.bitmap_index = 64167, .adv_w = 384, .box_w = 22, .box_h = 23, .ofs_x = 1, .ofs_y = -2},
    {.bitmap_index = 64277, .adv_w = 384, .box_w = 22, .box_h = 23, .ofs_x = 1, .ofs_y = -2},
    {.bitmap_index = 64380, .adv_w = 384, .box_w = 22, .box_h = 23, .ofs_x = 1, .ofs_y = -2},
    {.bitmap_index = 64486, .adv_w = 384, .box_w = 22, .box_h = 23, .ofs_x = 1, .ofs_y = -2},
    {.bitmap_index = 64593, .adv_w = 384, .box_w = 22, .box_h = 22, .ofs_x = 1, .ofs_y = -2},
    {.bitmap_index = 64686, .adv_w = 384, .box_w = 22, .box_h = 23, .ofs_x = 1, .ofs_y = -2},
    {.bitmap_index = 64784, .adv_w = 384, .box_w = 22, .box_h = 22, .ofs_x = 1, .ofs_y = -2},
    {.bitmap_index = 64870, .adv_w = 384, .box_w = 22, .box_h = 21, .ofs_x = 1, .ofs_y = -2},
    {.bitmap_index = 64961, .adv_w = 384, .box_w = 22, .box_h = 23, .ofs_x = 1, .ofs_y = -2},
    {.bitmap_index = 65057, .adv_w = 384, .box_w = 21, .box_h = 23, .ofs_x = 2, .ofs_y = -2},
    {.bitmap_index = 65146, .adv_w = 384, .box_w = 22, .box_h = 23, .ofs_x = 1, .ofs_y = -3},
    {.bitmap_index = 65252, .adv_w = 384, .box_w = 22, .box_h = 23, .ofs_x = 1, .ofs_y = -2},
    {.bitmap_index = 65342, .adv_w = 384, .box_w = 22, .box_h = 23, .ofs_x = 1, .ofs_y = -2},
    {.bitmap_index = 65444, .adv_w = 384, .box_w = 22, .box_h = 23, .ofs_x = 1, .ofs_y = -2},
    {.bitmap_index = 65549, .adv_w = 384, .box_w = 22, .box_h = 21, .ofs_x = 1, .ofs_y = -2},
    {.bitmap_index = 65635, .adv_w = 384, .box_w = 22, .box_h = 22, .ofs_x = 1, .ofs_y = -2},
    {.bitmap_index = 65739, .adv_w = 384, .box_w = 22, .box_h = 21, .ofs_x = 1, .ofs_y = -1},
    {.bitmap_index = 65806, .adv_w = 384, .box_w = 22, .box_h = 21, .ofs_x = 1, .ofs_y = -1},
    {.bitmap_index = 65895, .adv_w = 384, .box_w = 22, .box_h = 21, .ofs_x = 1, .ofs_y = -1},
    {.bitmap_index = 65980, .adv_w = 384, .box_w = 22, .box_h = 22, .ofs_x = 1, .ofs_y = -1},
    {.bitmap_index = 66073, .adv_w = 384, .box_w = 21, .box_h = 23, .ofs_x = 1, .ofs_y = -2},
    {.bitmap_index = 66159, .adv_w = 384, .box_w = 22, .box_h = 22, .ofs_x = 1, .ofs_y = -1},
    {.bitmap_index = 66272, .adv_w = 384, .box_w = 23, .box_h = 23, .ofs_x = 0, .ofs_y = -2},
    {.bitmap_index = 66390, .adv_w = 384, .box_w = 23, .box_h = 23, .ofs_x = 1, .ofs_y = -2},
    {.bitmap_index = 66505, .adv_w = 384, .box_w = 22, .box_h = 24, .ofs_x = 1, .ofs_y = -3},
    {.bitmap_index = 66606, .adv_w = 384, .box_w = 22, .box_h = 23, .ofs_x = 1, .ofs_y = -2},
    {.bitmap_index = 66724, .adv_w = 384, .box_w = 22, .box_h = 23, .ofs_x = 1, .ofs_y = -2},
    {.bitmap_index = 66816, .adv_w = 384, .box_w = 20, .box_h = 23, .ofs_x = 2, .ofs_y = -2},
    {.bitmap_index = 66866, .adv_w = 384, .box_w = 20, .box_h = 23, .ofs_x = 2, .ofs_y = -2},
    {.bitmap_index = 66954, .adv_w = 384, .box_w = 20, .box_h = 23, .ofs_x = 2, .ofs_y = -2},
    {.bitmap_index = 67014, .adv_w = 384, .box_w = 20, .box_h = 23, .ofs_x = 2, .ofs_y = -2},
    {.bitmap_index = 67087, .adv_w = 384, .box_w = 20, .box_h = 22, .ofs_x = 2, .ofs_y = -1},
    {.bitmap_index = 67174, .adv_w = 384, .box_w = 20, .box_h = 23, .ofs_x = 2, .ofs_y = -2},
    {.bitmap_index = 67262, .adv_w = 384, .box_w = 21, .box_h = 24, .ofs_x = 2, .ofs_y = -3},
    {.bitmap_index = 67354, .adv_w = 384, .box_w = 21, .box_h = 22, .ofs_x = 2, .ofs_y = -2},
    {.bitmap_index = 67442, .adv_w = 384, .box_w = 20, .box_h = 22, .ofs_x = 2, .ofs_y = -2},
    {.bitmap_index = 67519, .adv_w = 384, .box_w = 21, .box_h = 22, .ofs_x = 2, .ofs_y = -2},
    {.bitmap_index = 67601, .adv_w = 384, .box_w = 21, .box_h = 24, .ofs_x = 2, .ofs_y = -3},
    {.bitmap_index = 67702, .adv_w = 384, .box_w = 21, .box_h = 23, .ofs_x = 2, .ofs_y = -3},
    {.bitmap_index = 67798, .adv_w = 384, .box_w = 21, .box_h = 24, .ofs_x = 2, .ofs_y = -3},
    {.bitmap_index = 67904, .adv_w = 384, .box_w = 21, .box_h = 22, .ofs_x = 2, .ofs_y = -2},
    {.bitmap_index = 68005, .adv_w = 384, .box_w = 20, .box_h = 23, .ofs_x = 2, .ofs_y = -2},
    {.bitmap_index = 68102, .adv_w = 384, .box_w = 21, .box_h = 22, .ofs_x = 2, .ofs_y = -2},
    {.bitmap_index = 68197, .adv_w = 384, .box_w = 22, .box_h = 23, .ofs_x = 1, .ofs_y = -2},
    {.bitmap_index = 68305, .adv_w = 384, .box_w = 22, .box_h = 23, .ofs_x = 1, .ofs_y = -2},
    {.bitmap_index = 68417, .adv_w = 384, .box_w = 22, .box_h = 23, .ofs_x = 1, .ofs_y = -2},
    {.bitmap_index = 68524, .adv_w = 384, .box_w = 20, .box_h = 22, .ofs_x = 2, .ofs_y = -2},
    {.bitmap_index = 68607, .adv_w = 384, .box_w = 22, .box_h = 22, .ofs_x = 1, .ofs_y = -2},
    {.bitmap_index = 68705, .adv_w = 384, .box_w = 22, .box_h = 23, .ofs_x = 1, .ofs_y = -2},
    {.bitmap_index = 68797, .adv_w = 384, .box_w = 22, .box_h = 23, .ofs_x = 1, .ofs_y = -2},
    {.bitmap_index = 68912, .adv_w = 384, .box_w = 22, .box_h = 22, .ofs_x = 1, .ofs_y = -2},
    {.bitmap_index = 68967, .adv_w = 384, .box_w = 22, .box_h = 22, .ofs_x = 1, .ofs_y = -2},
    {.bitmap_index = 69038, .adv_w = 384, .box_w = 22, .box_h = 23, .ofs_x = 1, .ofs_y = -2},
    {.bitmap_index = 69118, .adv_w = 384, .box_w = 21, .box_h = 22, .ofs_x = 1, .ofs_y = -2},
    {.bitmap_index = 69185, .adv_w = 384, .box_w = 22, .box_h = 22, .ofs_x = 1, .ofs_y = -2},
    {.bitmap_index = 69277, .adv_w = 384, .box_w = 22, .box_h = 23, .ofs_x = 1, .ofs_y = -2},
    {.bitmap_index = 69359, .adv_w = 384, .box_w = 22, .box_h = 22, .ofs_x = 1, .ofs_y = -2},
    {.bitmap_index = 69439, .adv_w = 384, .box_w = 22, .box_h = 21, .ofs_x = 1, .ofs_y = -2},
    {.bitmap_index = 69517, .adv_w = 384, .box_w = 23, .box_h = 21, .ofs_x = 1, .ofs_y = -2},
    {.bitmap_index = 69612, .adv_w = 384, .box_w = 22, .box_h = 22, .ofs_x = 1, .ofs_y = -2},
    {.bitmap_index = 69705, .adv_w = 384, .box_w = 22, .box_h = 23, .ofs_x = 1, .ofs_y = -2},
    {.bitmap_index = 69812, .adv_w = 384, .box_w = 22, .box_h = 22, .ofs_x = 1, .ofs_y = -2},
    {.bitmap_index = 69917, .adv_w = 384, .box_w = 22, .box_h = 23, .ofs_x = 1, .ofs_y = -2},
    {.bitmap_index = 70028, .adv_w = 384, .box_w = 23, .box_h = 22, .ofs_x = 1, .ofs_y = -2},
    {.bitmap_index = 70131, .adv_w = 384, .box_w = 22, .box_h = 20, .ofs_x = 1, .ofs_y = -1},
    {.bitmap_index = 70216, .adv_w = 384, .box_w = 21, .box_h = 21, .ofs_x = 1, .ofs_y = -1},
    {.bitmap_index = 70292, .adv_w = 384, .box_w = 22, .box_h = 23, .ofs_x = 1, .ofs_y = -2},
    {.bitmap_index = 70385, .adv_w = 384, .box_w = 22, .box_h = 22, .ofs_x = 1, .ofs_y = -1},
    {.bitmap_index = 70490, .adv_w = 384, .box_w = 22, .box_h = 23, .ofs_x = 1, .ofs_y = -2},
    {.bitmap_index = 70579, .adv_w = 384, .box_w = 22, .box_h = 23, .ofs_x = 1, .ofs_y = -2},
    {.bitmap_index = 70701, .adv_w = 384, .box_w = 22, .box_h = 23, .ofs_x = 1, .ofs_y = -2},
    {.bitmap_index = 70791, .adv_w = 384, .box_w = 22, .box_h = 24, .ofs_x = 1, .ofs_y = -3},
    {.bitmap_index = 70896, .adv_w = 384, .box_w = 22, .box_h = 23, .ofs_x = 1, .ofs_y = -2},
    {.bitmap_index = 71000, .adv_w = 384, .box_w = 22, .box_h = 24, .ofs_x = 1, .ofs_y = -3},
    {.bitmap_index = 71119, .adv_w = 384, .box_w = 22, .box_h = 24, .ofs_x = 1, .ofs_y = -3},
    {.bitmap_index = 71217, .adv_w = 384, .box_w = 24, .box_h = 24, .ofs_x = 0, .ofs_y = -3},
    {.bitmap_index = 71317, .adv_w = 336, .box_w = 21, .box_h = 14, .ofs_x = 0, .ofs_y = 2},
    {.bitmap_index = 71376, .adv_w = 336, .box_w = 21, .box_h = 14, .ofs_x = 0, .ofs_y = 2},
    {.bitmap_index = 71437, .adv_w = 384, .box_w = 24, .box_h = 20, .ofs_x = 0, .ofs_y = -1},
    {.bitmap_index = 71513, .adv_w = 480, .box_w = 30, .box_h = 23, .ofs_x = 0, .ofs_y = -2},
    {.bitmap_index = 71633, .adv_w = 480, .box_w = 30, .box_h = 16, .ofs_x = 0, .ofs_y = 1},
    {.bitmap_index = 71692, .adv_w = 480, .box_w = 30, .box_h = 16, .ofs_x = 0, .ofs_y = 1},
    {.bitmap_index = 71753, .adv_w = 480, .box_w = 30, .box_h = 16, .ofs_x = 0, .ofs_y = 1},
    {.bitmap_index = 71811, .adv_w = 480, .box_w = 30, .box_h = 16, .ofs_x = 0, .ofs_y = 1},
    {.bitmap_index = 71868, .adv_w = 480, .box_w = 30, .box_h = 16, .ofs_x = 0, .ofs_y = 1},
    {.bitmap_index = 71920, .adv_w = 336, .box_w = 19, .box_h = 24, .ofs_x = 1, .ofs_y = -3},
    {.bitmap_index = 72018, .adv_w = 384, .box_w = 4, .box_h = 18, .ofs_x = 4, .ofs_y = 0},
    {.bitmap_index = 72028, .adv_w = 384, .box_w = 6, .box_h = 22, .ofs_x = 16, .ofs_y = -2},
    {.bitmap_index = 72057, .adv_w = 384, .box_w = 6, .box_h = 22, .ofs_x = 2, .ofs_y = -2},
    {.bitmap_index = 72086, .adv_w = 384, .box_w = 4, .box_h = 7, .ofs_x = 4, .ofs_y = -4},
    {.bitmap_index = 72094, .adv_w = 384, .box_w = 4, .box_h = 13, .ofs_x = 4, .ofs_y = 0},
    {.bitmap_index = 72104, .adv_w = 384, .box_w = 4, .box_h = 17, .ofs_x = 4, .ofs_y = -4},
    {.bitmap_index = 72118, .adv_w = 384, .box_w = 11, .box_h = 19, .ofs_x = 1, .ofs_y = 0},
    {.bitmap_index = 72159, .adv_w = 384, .box_w = 18, .box_h = 6, .ofs_x = 3, .ofs_y = 6},
    {.bitmap_index = 72186, .adv_w = 384, .box_w = 14, .box_h = 19, .ofs_x = 5, .ofs_y = -1}
};

/*---------------------
 *  CHARACTER MAPPING
 *--------------------*/

static const uint16_t unicode_list_1[] = {
    0x0, 0xc, 0x44, 0x1f69, 0x1f6d, 0x1f6e, 0x1f71, 0x1f72,
    0x1f7b, 0x20e8, 0x2f56, 0x2f57, 0x2f5d, 0x2f5e, 0x2f5f, 0x2f60,
    0x2f65, 0x2f66, 0x2f69, 0x2f6a, 0x4d55, 0x4d5c, 0x4d5e, 0x4d5f,
    0x4d60, 0x4d62, 0x4d63, 0x4d68, 0x4d6b, 0x4d6f, 0x4d71, 0x4d77,
    0x4d79, 0x4d7a, 0x4d7f, 0x4d82, 0x4d8f, 0x4d90, 0x4d93, 0x4d9d,
    0x4da0, 0x4da5, 0x4db4, 0x4db5, 0x4dbb, 0x4dc6, 0x4ddb, 0x4dde,
    0x4de0, 0x4de3, 0x4de6, 0x4de7, 0x4df0, 0x4df9, 0x4e03, 0x4e07,
    0x4e0f, 0x4e15, 0x4e1f, 0x4e22, 0x4e23, 0x4e2b, 0x4e38, 0x4e39,
    0x4e3a, 0x4e41, 0x4e4b, 0x4e50, 0x4e54, 0x4e62, 0x4e64, 0x4e6f,
    0x4e75, 0x4e9b, 0x4ea2, 0x4ea4, 0x4ea8, 0x4eaa, 0x4eae, 0x4eb1,
    0x4eb5, 0x4ed4, 0x4ee0, 0x4ef0, 0x4f14, 0x4f32, 0x4f33, 0x4f36,
    0x4f6e, 0x4f7f, 0x4f91, 0x4fa4, 0x4faf, 0x4fb1, 0x4fda, 0x4ffd,
    0x5024, 0x5094, 0x5098, 0x509d, 0x509e, 0x50a0, 0x50ba, 0x50bd,
    0x50c0, 0x50c1, 0x50c6, 0x50c8, 0x50ca, 0x50cb, 0x50da, 0x50e1,
    0x50e2, 0x50ee, 0x50f0, 0x5104, 0x5107, 0x5108, 0x510a, 0x511b,
    0x5121, 0x5124, 0x5135, 0x5139, 0x5142, 0x514f, 0x5150, 0x5156,
    0x515b, 0x515c, 0x516c, 0x516e, 0x5170, 0x5172, 0x517e, 0x5180,
    0x5185, 0x518b, 0x51a2, 0x51f0, 0x51f3, 0x51f4, 0x51f5, 0x51f6,
    0x51fd, 0x5208, 0x526b, 0x528f, 0x5290, 0x5296, 0x529c, 0x529f,
    0x52a3, 0x52a4, 0x52aa, 0x52b1, 0x52b5, 0x52b7, 0x52c0, 0x52c6,
    0x52c8, 0x52c9, 0x52d7, 0x52e0, 0x52f4, 0x5310, 0x5317, 0x531d,
    0x531f, 0x5320, 0x5322, 0x5326, 0x532b, 0x532c, 0x532d, 0x5338,
    0x533f, 0x5340, 0x5344, 0x5348, 0x534c, 0x5358, 0x5359, 0x535d,
    0x5361, 0x5362, 0x5363, 0x5366, 0x536a, 0x536c, 0x537b, 0x5381,
    0x5384, 0x539f, 0x53ad, 0x53b7, 0x53bd, 0x53d2, 0x53e1, 0x5422,
    0x543f, 0x5465, 0x549b, 0x54bb, 0x54f1, 0x5510, 0x55bd, 0x5630,
    0x5633, 0x5635, 0x564f, 0x5652, 0x5653, 0x567d, 0x5685, 0x568f,
    0x5695, 0x56ac, 0x574f, 0x575b, 0x5840, 0x5845, 0x5859, 0x585c,
    0x5862, 0x5864, 0x586b, 0x586f, 0x587c, 0x587e, 0x587f, 0x5880,
    0x5886, 0x5889, 0x58c8, 0x58ce, 0x58d2, 0x58d7, 0x58dd, 0x5920,
    0x5929, 0x592f, 0x5931, 0x5956, 0x5959, 0x5aa5, 0x5aa9, 0x5aac,
    0x5aad, 0x5ab4, 0x5ab8, 0x5abb, 0x5abe, 0x5ad8, 0x5ade, 0x5ae0,
    0x5ae1, 0x5aef, 0x5af1, 0x5af3, 0x5af5, 0x5b0b, 0x5b1b, 0x5b34,
    0x5b4e, 0x5b59, 0x5b5b, 0x5b64, 0x5b66, 0x5b69, 0x5b72, 0x5b79,
    0x5b86, 0x5b8e, 0x5b92, 0x5b9d, 0x5ba4, 0x5baa, 0x5bb3, 0x5bc6,
    0x5bd6, 0x5c45, 0x5d3a, 0x5d3b, 0x5d46, 0x5d47, 0x5d57, 0x5d58,
    0x5d5d, 0x5d7b, 0x5d7c, 0x5d82, 0x5d8d, 0x5daa, 0x5dc7, 0x5dc8,
    0x5dc9, 0x5dcb, 0x5dd4, 0x5de9, 0x5dea, 0x5df3, 0x5dfb, 0x5e0c,
    0x5e4f, 0x5e55, 0x5e57, 0x5e58, 0x5e64, 0x5e6a, 0x5e75, 0x5e8f,
    0x5ea8, 0x5eaa, 0x5ec2, 0x5ed0, 0x5ed5, 0x5ed6, 0x5eda, 0x5edd,
    0x5ee5, 0x5eec, 0x5f0c, 0x5f18, 0x5f1a, 0x5f2c, 0x5f40, 0x5f52,
    0x5f56, 0x5f63, 0x5f6a, 0x5f72, 0x5f7a, 0x5f7c, 0x5f90, 0x5fc4,
    0x601a, 0x6048, 0x6064, 0x6074, 0x60b7, 0x6165, 0x6166, 0x616b,
    0x616d, 0x616f, 0x6194, 0x6195, 0x61a0, 0x61a2, 0x61a8, 0x61bc,
    0x61c0, 0x61ce, 0x61d3, 0x61df, 0x61f9, 0x61fa, 0x621a, 0x621e,
    0x6227, 0x623e, 0x6256, 0x6257, 0x625c, 0x625e, 0x6279, 0x62b7,
    0x62c3, 0x62e7, 0x62fa, 0x62fc, 0x62fd, 0x6324, 0x6325, 0x6327,
    0x6402, 0x6484, 0x648b, 0x6490, 0x6493, 0x649d, 0x64ae, 0x64c5,
    0x64c9, 0x64dc, 0x64fa, 0x6502, 0x6504, 0x6505, 0x650e, 0x6512,
    0x6520, 0x6535, 0x653a, 0x653e, 0x654b, 0x6561, 0x6563, 0x6584,
    0x6593, 0x65af, 0x65d7, 0x6649, 0x664e, 0x6653, 0x6655, 0x665d,
    0x665e, 0x6662, 0x6670, 0x6674, 0x667f, 0x6681, 0x6686, 0x668f,
    0x66b1, 0x66b4, 0x66b6, 0x66ba, 0x66bd, 0x66c4, 0x66d3, 0x66d4,
    0x66d9, 0x66e5, 0x66ec, 0x66f1, 0x6724, 0x6725, 0x673a, 0x6744,
    0x6748, 0x675c, 0x675d, 0x6776, 0x678c, 0x678e, 0x6791, 0x67a1,
    0x67d6, 0x67da, 0x6815, 0x6952, 0x695f, 0x6a76, 0x6a77, 0x6ab7,
    0x6ab8, 0x6ab9, 0x6ad0, 0x6ae0, 0x6b0c, 0x6b22, 0x6b24, 0x6b29,
    0x6b2a, 0x6b30, 0x6b66, 0x6b69, 0x6b89, 0x6b97, 0x6bb4, 0x6bb9,
    0x6bbf, 0x6bdd, 0x6bf6, 0x6c0e, 0x6c2a, 0x6c3d, 0x6c90, 0x6c96,
    0x6ca0, 0x6ccc, 0x6cdd, 0x6d46, 0x6d50, 0x6d5a, 0x6d65, 0x6db0,
    0x6e2a, 0x6e2f, 0x6e36, 0x6e69, 0x6ead, 0x6fc0, 0x700e, 0x7042,
    0x705f, 0x708b, 0x70df, 0x7186, 0x718b, 0x719c, 0x71ae, 0x71be,
    0x71ce, 0x7219, 0x7241, 0x72e0, 0x7304, 0x7305, 0x7358, 0x735b,
    0x7474, 0x747d, 0x7485, 0x7486, 0x748a, 0x748c, 0x7490, 0x74a1,
    0x74ae, 0x74ba, 0x751a, 0x75d2, 0x75d3, 0x75d9, 0x7603, 0x7630,
    0x7643, 0x7649, 0x764d, 0x7660, 0x7674, 0x7691, 0x7695, 0x773a,
    0x7742, 0x7756, 0x77c3, 0x788f, 0x7896, 0x78b2, 0x78b3, 0x790e,
    0x7910, 0x7922, 0x7926, 0x7927, 0x793b, 0x799b, 0x79cb, 0x79cf,
    0x79d6, 0x79ec, 0x79fb, 0x7a20, 0x7a35, 0x7a3a, 0x7a44, 0x7a66,
    0x7a81, 0x7a9e, 0x7aa9, 0x7aec, 0x7af6, 0x7bc8, 0x7bd0, 0x7c50,
    0x7c75, 0x7c7c, 0x7df7, 0x7dfb, 0x7dfc, 0x7dff, 0x7e0d, 0x7e14,
    0x7e1b, 0x7e1d, 0x7e24, 0x7e28, 0x7e2e, 0x7e31, 0x7e32, 0x7e34,
    0x7e3c, 0x7e3f, 0x7e42, 0x7e49, 0x7e6b, 0x7e8f, 0x7ea6, 0x7eac,
    0x7ec3, 0x7ee3, 0x7f56, 0x7f5a, 0x7f61, 0x7f6c, 0x7fa9, 0x8021,
    0x8036, 0x8052, 0x8066, 0x806f, 0x813c, 0x813f, 0x8148, 0x8149,
    0x8167, 0x8181, 0x81c7, 0x8204, 0x8206, 0x8224, 0x822c, 0x823b,
    0x8246, 0x8258, 0x825a, 0x82cc, 0x8300, 0x837c, 0x83b0, 0x83b8,
    0x83e0, 0x8432, 0x8476, 0x84f0, 0x85b3, 0x87a1, 0x87ba, 0x87bd,
    0x87d6, 0x8800, 0x881a, 0x88d4, 0x88d6, 0x8916, 0x891e, 0x8938,
    0x893b, 0x8955, 0x8af6, 0x8af7, 0x8af9, 0x8afe, 0x8b03, 0x8b05,
    0x8b07, 0x8b0d, 0x8b0f, 0x8b13, 0x8b16, 0x8b2a, 0x8b32, 0x8b3a,
    0x8b42, 0x8b49, 0x8b4c, 0x8b50, 0x8b56, 0x8b58, 0x8b5d, 0x8b77,
    0x8bb6, 0x8c72, 0x8c78, 0x8c7a, 0x8c7d, 0x8c8f, 0x8c93, 0x8cc5,
    0x8ccc, 0x8cda, 0x8d08, 0x8d26, 0x8d44, 0x8d48, 0x8d4a, 0x8e00,
    0x8ebb, 0x8ec3, 0x8ed0, 0x8ed2, 0x8ed8, 0x8ee8, 0x8f0e, 0x8f13,
    0x8f1c, 0x8f23, 0x8f25, 0x8f29, 0x8f2d, 0x8f2e, 0x8f30, 0x8f31,
    0x8f33, 0x8f45, 0x8f56, 0x8f57, 0x8f5e, 0x8f6f, 0x8f74, 0x8fa2,
    0x8fa8, 0x8ff8, 0x9001, 0x9006, 0x900a, 0x900e, 0x9023, 0x9032,
    0x903d, 0x9042, 0x9052, 0x90a2, 0x911c, 0x9121, 0x9122, 0x9124,
    0x9126, 0x93f4, 0x9406, 0x9453, 0x9456, 0x946e, 0x9483, 0x94d4,
    0x953d, 0x9542, 0x9543, 0x9549, 0x954a, 0x955a, 0x9574, 0x9583,
    0x9588, 0x9590, 0x95a2, 0x95a5, 0x95b7, 0x95b9, 0x95cb, 0x95e9,
    0x9613, 0x9619, 0x961b, 0x964c, 0x9662, 0x96a7, 0x96ae, 0x96b3,
    0x96b7, 0x96be, 0x973b, 0x973e, 0x9748, 0x97ca, 0x97ce, 0x97d3,
    0x97d9, 0x97e6, 0x97ed, 0x97f1, 0x9823, 0x9833, 0x99c1, 0x99db,
    0x99e1, 0x9a2d, 0x9aa4, 0x9bd6, 0x9e10, 0x9e19, 0x9e2d, 0x9ea5,
    0xef68, 0xefcc, 0xefcd, 0xf01f, 0xf140, 0xf195, 0xf196, 0xf197,
    0xf198, 0xf199, 0xf1e8, 0xfe56, 0xfe5d, 0xfe5e, 0xfe61, 0xfe6f,
    0xfe70, 0xfe74, 0xfeb3, 0xff3a
};

/*Collect the unicode lists and glyph_id offsets*/
static const lv_font_fmt_txt_cmap_t cmaps[] =
{
    {
        .range_start = 32, .range_length = 95, .glyph_id_start = 1,
        .unicode_list = NULL, .glyph_id_ofs_list = NULL, .list_length = 0, .type = LV_FONT_FMT_TXT_CMAP_FORMAT0_TINY
    },
    {
        .range_start = 171, .range_length = 65339, .glyph_id_start = 96,
        .unicode_list = unicode_list_1, .glyph_id_ofs_list = NULL, .list_length = 788, .type = LV_FONT_FMT_TXT_CMAP_SPARSE_TINY
    }
};



/*--------------------
 *  ALL CUSTOM DATA
 *--------------------*/

#if LVGL_VERSION_MAJOR == 8
/*Store all the custom data of the font*/
static  lv_font_fmt_txt_glyph_cache_t cache;
#endif

#if LVGL_VERSION_MAJOR >= 8
static const lv_font_fmt_txt_dsc_t font_dsc = {
#else
static lv_font_fmt_txt_dsc_t font_dsc = {
#endif
    .glyph_bitmap = glyph_bitmap,
    .glyph_dsc = glyph_dsc,
    .cmaps = cmaps,
    .kern_dsc = NULL,
    .kern_scale = 0,
    .cmap_num = 2,
    .bpp = 2,
    .kern_classes = 0,
    .bitmap_format = 1,
#if LVGL_VERSION_MAJOR == 8
    .cache = &cache
#endif
};



/*-----------------
 *  PUBLIC FONT
 *----------------*/

/*Initialize a public general font descriptor*/
#if LVGL_VERSION_MAJOR >= 8
const lv_font_t passport_ui_font_zh_24 = {
#else
lv_font_t passport_ui_font_zh_24 = {
#endif
    .get_glyph_dsc = lv_font_get_glyph_dsc_fmt_txt,    /*Function pointer to get glyph's data*/
    .get_glyph_bitmap = lv_font_get_bitmap_fmt_txt,    /*Function pointer to get glyph's bitmap*/
    .line_height = 27,          /*The maximum line height required by the font*/
    .base_line = 5,             /*Baseline measured from the bottom of the line*/
#if !(LVGL_VERSION_MAJOR == 6 && LVGL_VERSION_MINOR == 0)
    .subpx = LV_FONT_SUBPX_NONE,
#endif
#if LV_VERSION_CHECK(7, 4, 0) || LVGL_VERSION_MAJOR >= 8
    .underline_position = -2,
    .underline_thickness = 1,
#endif
    .dsc = &font_dsc,          /*The custom font data. Will be accessed by `get_glyph_bitmap/dsc` */
#if LV_VERSION_CHECK(8, 2, 0) || LVGL_VERSION_MAJOR >= 9
    .fallback = &passport_ui_font_zh_14,
#endif
    .user_data = NULL,
};



#endif /*#if PASSPORT_UI_FONT_ZH_24*/

